Name,DTM,Left Image,Right Image,Scale
Pole-Facing Gullies in 7-Kilometer Crater within Bond Crater,https://www.uahirise.org/PDS/DTM/ESP/ORB_074700_074799/ESP_074747_1470_ESP_074457_1470/DTEED_074747_1470_074457_1470_A01.IMG,https://www.uahirise.org/PDS/DTM/ESP/ORB_074700_074799/ESP_074747_1470_ESP_074457_1470/ESP_074747_1470_RED_D_01_ORTHO.JP2,https://www.uahirise.org/PDS/DTM/ESP/ORB_074700_074799/ESP_074747_1470_ESP_074457_1470/ESP_074457_1470_RED_D_01_ORTHO.JP2,2.01
Smectite Deposits in Northwest Hellas Region,https://www.uahirise.org/PDS/DTM/ESP/ORB_039400_039499/ESP_039415_1590_ESP_039270_1590/DTEEC_039415_1590_039270_1590_A01.IMG,https://www.uahirise.org/PDS/DTM/ESP/ORB_039400_039499/ESP_039415_1590_ESP_039270_1590/ESP_039415_1590_RED_C_01_ORTHO.JP2,https://www.uahirise.org/PDS/DTM/ESP/ORB_039400_039499/ESP_039415_1590_ESP_039270_1590/ESP_039270_1590_RED_C_01_ORTHO.JP2,1
Pitted Northern Plains,https://www.uahirise.org/PDS/DTM/ESP/ORB_028000_028099/ESP_028064_2215_ESP_027919_2215/DTEED_028064_2215_027919_2215_A01.IMG,https://www.uahirise.org/PDS/DTM/ESP/ORB_028000_028099/ESP_028064_2215_ESP_027919_2215/ESP_028064_2215_RED_D_01_ORTHO.JP2,https://www.uahirise.org/PDS/DTM/ESP/ORB_028000_028099/ESP_028064_2215_ESP_027919_2215/ESP_027919_2215_RED_D_01_ORTHO.JP2,2
Alluvial Fans in Crater,https://www.uahirise.org/PDS/DTM/ESP/ORB_037700_037799/ESP_037730_1615_ESP_038007_1615/DTEEC_037730_1615_038007_1615_A01.IMG,https://www.uahirise.org/PDS/DTM/ESP/ORB_037700_037799/ESP_037730_1615_ESP_038007_1615/ESP_037730_1615_RED_C_01_ORTHO.JP2,https://www.uahirise.org/PDS/DTM/ESP/ORB_037700_037799/ESP_037730_1615_ESP_038007_1615/ESP_038007_1615_RED_C_01_ORTHO.JP2,1
Sublimation Process and Spider Evolution,https://www.uahirise.org/PDS/DTM/PSP/ORB_002700_002799/PSP_002758_0945_PSP_002759_0855/DTEPD_002758_0945_002759_0855_A01.IMG,https://www.uahirise.org/PDS/DTM/PSP/ORB_002700_002799/PSP_002758_0945_PSP_002759_0855/PSP_002758_0945_RED_D_01_ORTHO.JP2,https://www.uahirise.org/PDS/DTM/PSP/ORB_002700_002799/PSP_002758_0945_PSP_002759_0855/PSP_002759_0855_RED_D_01_ORTHO.JP2,2
Possible Location For Viking Lander 2,https://www.uahirise.org/PDS/DTM/PSP/ORB_002000_002099/PSP_002055_2280_PSP_001976_2280/DTEEC_002055_2280_001976_2280_A01.IMG,https://www.uahirise.org/PDS/DTM/PSP/ORB_002000_002099/PSP_002055_2280_PSP_001976_2280/PSP_002055_2280_RED_C_01_ORTHO.JP2,https://www.uahirise.org/PDS/DTM/PSP/ORB_002000_002099/PSP_002055_2280_PSP_001976_2280/PSP_001976_2280_RED_C_01_ORTHO.JP2,0.99
Arabia Terra Dune Ripple Monitoring,https://www.uahirise.org/PDS/DTM/ESP/ORB_051800_051899/ESP_051890_1815_ESP_052167_1815/DTEEC_051890_1815_052167_1815_A01.IMG,https://www.uahirise.org/PDS/DTM/ESP/ORB_051800_051899/ESP_051890_1815_ESP_052167_1815/ESP_051890_1815_RED_C_01_ORTHO.JP2,https://www.uahirise.org/PDS/DTM/ESP/ORB_051800_051899/ESP_051890_1815_ESP_052167_1815/ESP_051890_1815_RED_C_01_ORTHO.JP2,1.01
Inclined Layers on Crater Floor,https://www.uahirise.org/PDS/DTM/ESP/ORB_033500_033599/ESP_033518_1405_ESP_033584_1405/DTEEC_033518_1405_033584_1405_G01.IMG,https://www.uahirise.org/PDS/DTM/ESP/ORB_033500_033599/ESP_033518_1405_ESP_033584_1405/ESP_033518_1405_RED_A_01_ORTHO.JP2,https://www.uahirise.org/PDS/DTM/ESP/ORB_033500_033599/ESP_033518_1405_ESP_033584_1405/ESP_033584_1405_RED_A_01_ORTHO.JP2,1
Faulted Plains in Tempe Terra,https://www.uahirise.org/PDS/DTM/ESP/ORB_028200_028299/ESP_028277_2260_ESP_028409_2260/DTEED_028277_2260_028409_2260_G01.IMG,https://www.uahirise.org/PDS/DTM/ESP/ORB_028200_028299/ESP_028277_2260_ESP_028409_2260/ESP_028277_2260_RED_B_01_ORTHO.JP2,https://www.uahirise.org/PDS/DTM/ESP/ORB_028200_028299/ESP_028277_2260_ESP_028409_2260/ESP_028409_2260_RED_B_01_ORTHO.JP2,1.99
Unit Morphology in Syrtis Major Region,https://www.uahirise.org/PDS/DTM/ESP/ORB_040900_040999/ESP_040904_1975_ESP_040970_1975/DTEEC_040904_1975_040970_1975_A01.IMG,https://www.uahirise.org/PDS/DTM/ESP/ORB_040900_040999/ESP_040904_1975_ESP_040970_1975/ESP_040904_1975_RED_C_01_ORTHO.JP2,https://www.uahirise.org/PDS/DTM/ESP/ORB_040900_040999/ESP_040904_1975_ESP_040970_1975/ESP_040970_1975_RED_C_01_ORTHO.JP2,1
Basal Exposure of South Polar Layered Deposits,https://www.uahirise.org/PDS/DTM/PSP/ORB_005100_005199/PSP_005102_1030_PSP_005155_1030/DTEPC_005102_1030_005155_1030_A01.IMG,https://www.uahirise.org/PDS/DTM/PSP/ORB_005100_005199/PSP_005102_1030_PSP_005155_1030/PSP_005102_1030_RED_C_01_ORTHO.JP2,https://www.uahirise.org/PDS/DTM/PSP/ORB_005100_005199/PSP_005102_1030_PSP_005155_1030/PSP_005155_1030_RED_C_01_ORTHO.JP2,1
Glacial Cirque-Like Feature in Hadriaca Patera,https://www.uahirise.org/PDS/DTM/ESP/ORB_016400_016499/ESP_016416_1475_ESP_016271_1475/DTEED_016416_1475_016271_1475_A01.IMG,https://www.uahirise.org/PDS/DTM/ESP/ORB_016400_016499/ESP_016416_1475_ESP_016271_1475/ESP_016416_1475_RED_D_01_ORTHO.JP2,https://www.uahirise.org/PDS/DTM/ESP/ORB_016400_016499/ESP_016416_1475_ESP_016271_1475/ESP_016271_1475_RED_D_01_ORTHO.JP2,2.01
Glacial-Like Flow Patterns in Elongate Depression on Arsia Mons Flanks,https://www.uahirise.org/PDS/DTM/PSP/ORB_002200_002299/PSP_002289_1725_PSP_002922_1725/DTEEC_002289_1725_002922_1725_A01.IMG,https://www.uahirise.org/PDS/DTM/PSP/ORB_002200_002299/PSP_002289_1725_PSP_002922_1725/PSP_002289_1725_RED_C_01_ORTHO.JP2,https://www.uahirise.org/PDS/DTM/PSP/ORB_002200_002299/PSP_002289_1725_PSP_002922_1725/PSP_002922_1725_RED_C_01_ORTHO.JP2,1.01
Baetis Chasma,https://www.uahirise.org/PDS/DTM/ESP/ORB_064600_064699/ESP_064645_1760_ESP_065410_1760/DTEED_064645_1760_065410_1760_A01.IMG,https://www.uahirise.org/PDS/DTM/ESP/ORB_064600_064699/ESP_064645_1760_ESP_065410_1760/ESP_064645_1760_RED_D_01_ORTHO.JP2,https://www.uahirise.org/PDS/DTM/ESP/ORB_064600_064699/ESP_064645_1760_ESP_065410_1760/ESP_065410_1760_RED_D_01_ORTHO.JP2,2.02
Yardangs and Stratigraphic Relations in Memnonia Sulci,https://www.uahirise.org/PDS/DTM/ESP/ORB_075300_075399/ESP_075319_1715_ESP_075952_1715/DTEEC_075319_1715_075952_1715_A01.IMG,https://www.uahirise.org/PDS/DTM/ESP/ORB_075300_075399/ESP_075319_1715_ESP_075952_1715/ESP_075319_1715_RED_C_01_ORTHO.JP2,https://www.uahirise.org/PDS/DTM/ESP/ORB_075300_075399/ESP_075319_1715_ESP_075952_1715/ESP_075952_1715_RED_C_01_ORTHO.JP2,1.01
Light and Dark Dunes in Nili Fossae,https://www.uahirise.org/PDS/DTM/ESP/ORB_059400_059499/ESP_059418_2020_ESP_060051_2020/DTEEC_059418_2020_060051_2020_A01.IMG,https://www.uahirise.org/PDS/DTM/ESP/ORB_059400_059499/ESP_059418_2020_ESP_060051_2020/ESP_059418_2020_RED_C_01_ORTHO.JP2,https://www.uahirise.org/PDS/DTM/ESP/ORB_059400_059499/ESP_059418_2020_ESP_060051_2020/ESP_060051_2020_RED_C_01_ORTHO.JP2,1
Stratigraphy of Phyllosilicate Rocks Northwest of Nili Fossae,https://www.uahirise.org/PDS/DTM/PSP/ORB_008900_008999/PSP_008993_2020_PSP_009626_2020/DTEEC_008993_2020_009626_2020_A01.IMG,https://www.uahirise.org/PDS/DTM/PSP/ORB_008900_008999/PSP_008993_2020_PSP_009626_2020/PSP_008993_2020_RED_C_01_ORTHO.JP2,https://www.uahirise.org/PDS/DTM/PSP/ORB_008900_008999/PSP_008993_2020_PSP_009626_2020/PSP_009626_2020_RED_C_01_ORTHO.JP2,1
Possible Phyllosilicates in Nili Fossae,https://www.uahirise.org/PDS/DTM/ESP/ORB_035400_035499/ESP_035484_2025_ESP_037106_2025/DTEEC_035484_2025_037106_2025_A01.IMG,https://www.uahirise.org/PDS/DTM/ESP/ORB_035400_035499/ESP_035484_2025_ESP_037106_2025/ESP_035484_2025_RED_C_01_ORTHO.JP2,https://www.uahirise.org/PDS/DTM/ESP/ORB_035400_035499/ESP_035484_2025_ESP_037106_2025/ESP_037106_2025_RED_C_01_ORTHO.JP2,1
Channel in Ceraunius Fossae Region,https://www.uahirise.org/PDS/DTM/ESP/ORB_033700_033799/ESP_033737_2040_ESP_034370_2040/DTEED_033737_2040_034370_2040_A01.IMG,https://www.uahirise.org/PDS/DTM/ESP/ORB_033700_033799/ESP_033737_2040_ESP_034370_2040/ESP_033737_2040_RED_D_01_ORTHO.JP2,https://www.uahirise.org/PDS/DTM/ESP/ORB_033700_033799/ESP_033737_2040_ESP_034370_2040/ESP_034370_2040_RED_D_01_ORTHO.JP2,2.01
Fissure Vent near Ceraunius Fossae,https://www.uahirise.org/PDS/DTM/ESP/ORB_075900_075999/ESP_075923_2040_ESP_075422_2040/DTEED_075923_2040_075422_2040_A01.IMG,https://www.uahirise.org/PDS/DTM/ESP/ORB_075900_075999/ESP_075923_2040_ESP_075422_2040/ESP_075923_2040_RED_D_01_ORTHO.JP2,https://www.uahirise.org/PDS/DTM/ESP/ORB_075900_075999/ESP_075923_2040_ESP_075422_2040/ESP_075422_2040_RED_D_01_ORTHO.JP2,2.01
Possible Quasi-Periodic Bedding in Zephyria Planum,https://www.uahirise.org/PDS/DTM/ESP/ORB_070200_070299/ESP_070270_1780_ESP_070125_1780/DTEEC_070270_1780_070125_1780_A01.IMG,https://www.uahirise.org/PDS/DTM/ESP/ORB_070200_070299/ESP_070270_1780_ESP_070125_1780/ESP_070270_1780_RED_C_01_ORTHO.JP2,https://www.uahirise.org/PDS/DTM/ESP/ORB_070200_070299/ESP_070270_1780_ESP_070125_1780/ESP_070125_1780_RED_C_01_ORTHO.JP2,1.01
Potential Paleolake in Crater in Ophir Planum,https://www.uahirise.org/PDS/DTM/PSP/ORB_010400_010499/PSP_010435_1700_PSP_010290_1700/DTEED_010435_1700_010290_1700_A01.IMG,https://www.uahirise.org/PDS/DTM/PSP/ORB_010400_010499/PSP_010435_1700_PSP_010290_1700/PSP_010435_1700_RED_D_01_ORTHO.JP2,https://www.uahirise.org/PDS/DTM/PSP/ORB_010400_010499/PSP_010435_1700_PSP_010290_1700/PSP_010290_1700_RED_D_01_ORTHO.JP2,2.02
Icy Scarp,https://www.uahirise.org/PDS/DTM/ESP/ORB_075300_075399/ESP_075309_1235_ESP_075230_1235/DTEEC_075309_1235_075230_1235_A01.IMG,https://www.uahirise.org/PDS/DTM/ESP/ORB_075300_075399/ESP_075309_1235_ESP_075230_1235/ESP_075309_1235_RED_C_01_ORTHO.JP2,https://www.uahirise.org/PDS/DTM/ESP/ORB_075300_075399/ESP_075309_1235_ESP_075230_1235/ESP_075230_1235_RED_C_01_ORTHO.JP2,0.99
Ridges and Cracks on Crater Floor in Hellas Region,https://www.uahirise.org/PDS/DTM/ESP/ORB_078700_078799/ESP_078778_1515_ESP_061884_1515/DTEED_078778_1515_061884_1515_A01.IMG,https://www.uahirise.org/PDS/DTM/ESP/ORB_078700_078799/ESP_078778_1515_ESP_061884_1515/ESP_078778_1515_RED_D_01_ORTHO.JP2,https://www.uahirise.org/PDS/DTM/ESP/ORB_078700_078799/ESP_078778_1515_ESP_061884_1515/ESP_061884_1515_RED_D_01_ORTHO.JP2,2.01
Sinuous Ridge in Tempe Terra,https://www.uahirise.org/PDS/DTM/ESP/ORB_062000_062099/ESP_062048_2240_ESP_061969_2240/DTEEC_062048_2240_061969_2240_A01.IMG,https://www.uahirise.org/PDS/DTM/ESP/ORB_062000_062099/ESP_062048_2240_ESP_061969_2240/ESP_062048_2240_RED_C_01_ORTHO.JP2,https://www.uahirise.org/PDS/DTM/ESP/ORB_062000_062099/ESP_062048_2240_ESP_061969_2240/ESP_061969_2240_RED_C_01_ORTHO.JP2,1
Lineated Valley Floor Material in Terrain North of Arabia Region,https://www.uahirise.org/PDS/DTM/ESP/ORB_077400_077499/ESP_077488_2205_ESP_016287_2205/DTEED_077488_2205_016287_2205_A01.IMG,https://www.uahirise.org/PDS/DTM/ESP/ORB_077400_077499/ESP_077488_2205_ESP_016287_2205/ESP_077488_2205_RED_D_01_ORTHO.JP2,https://www.uahirise.org/PDS/DTM/ESP/ORB_077400_077499/ESP_077488_2205_ESP_016287_2205/ESP_016287_2205_RED_D_01_ORTHO.JP2,2
Cones in Isidis Planitia,https://www.uahirise.org/PDS/DTM/ESP/ORB_019200_019299/ESP_019291_1965_ESP_019924_1965/DTEED_019291_1965_019924_1965_A01.IMG,https://www.uahirise.org/PDS/DTM/ESP/ORB_019200_019299/ESP_019291_1965_ESP_019924_1965/ESP_019291_1965_RED_D_01_ORTHO.JP2,https://www.uahirise.org/PDS/DTM/ESP/ORB_019200_019299/ESP_019291_1965_ESP_019924_1965/ESP_019924_1965_RED_D_01_ORTHO.JP2,2.01
Crater in Baldet Crater,https://www.uahirise.org/PDS/DTM/ESP/ORB_052200_052299/ESP_052284_2025_ESP_059959_2025/DTEED_052284_2025_059959_2025_A01.IMG,https://www.uahirise.org/PDS/DTM/ESP/ORB_052200_052299/ESP_052284_2025_ESP_059959_2025/ESP_052284_2025_RED_D_01_ORTHO.JP2,https://www.uahirise.org/PDS/DTM/ESP/ORB_052200_052299/ESP_052284_2025_ESP_059959_2025/ESP_059959_2025_RED_D_01_ORTHO.JP2,2.01
Ice-Exposing Scarp,https://www.uahirise.org/PDS/DTM/ESP/ORB_075300_075399/ESP_075311_1230_ESP_075232_1230/DTEEC_075311_1230_075232_1230_A01.IMG,https://www.uahirise.org/PDS/DTM/ESP/ORB_075300_075399/ESP_075311_1230_ESP_075232_1230/ESP_075311_1230_RED_C_01_ORTHO.JP2,https://www.uahirise.org/PDS/DTM/ESP/ORB_075300_075399/ESP_075311_1230_ESP_075232_1230/ESP_075232_1230_RED_C_01_ORTHO.JP2,0.99
Dark Dune Field Topography in Bunge Crater,https://www.uahirise.org/PDS/DTM/ESP/ORB_072300_072399/ESP_072374_1460_ESP_072440_1460/DTEEC_072374_1460_072440_1460_A01.IMG,https://www.uahirise.org/PDS/DTM/ESP/ORB_072300_072399/ESP_072374_1460_ESP_072440_1460/ESP_072374_1460_RED_C_01_ORTHO.JP2,https://www.uahirise.org/PDS/DTM/ESP/ORB_072300_072399/ESP_072374_1460_ESP_072440_1460/ESP_072440_1460_RED_C_01_ORTHO.JP2,1
Gullies and Crater Fill,https://www.uahirise.org/PDS/DTM/ESP/ORB_066200_066299/ESP_066220_1430_ESP_065798_1430/DTEEC_066220_1430_065798_1430_A01.IMG,https://www.uahirise.org/PDS/DTM/ESP/ORB_066200_066299/ESP_066220_1430_ESP_065798_1430/ESP_066220_1430_RED_C_01_ORTHO.JP2,https://www.uahirise.org/PDS/DTM/ESP/ORB_066200_066299/ESP_066220_1430_ESP_065798_1430/ESP_065798_1430_RED_C_01_ORTHO.JP2,1
2-Kilometer Crater on South Polar Layered Deposits,https://www.uahirise.org/PDS/DTM/ESP/ORB_048400_048499/ESP_048483_0965_ESP_048536_0965/DTEPD_048483_0965_048536_0965_A01.IMG,https://www.uahirise.org/PDS/DTM/ESP/ORB_048400_048499/ESP_048483_0965_ESP_048536_0965/ESP_048483_0965_RED_D_01_ORTHO.JP2,https://www.uahirise.org/PDS/DTM/ESP/ORB_048400_048499/ESP_048483_0965_ESP_048536_0965/ESP_048536_0965_IRB_D_01_ORTHO.JP2,2
Small Vent near Ascraeus Mons,https://www.uahirise.org/PDS/DTM/ESP/ORB_075700_075799/ESP_075791_1870_ESP_075435_1870/DTEED_075791_1870_075435_1870_A01.IMG,https://www.uahirise.org/PDS/DTM/ESP/ORB_075700_075799/ESP_075791_1870_ESP_075435_1870/ESP_075791_1870_RED_D_01_ORTHO.JP2,https://www.uahirise.org/PDS/DTM/ESP/ORB_075700_075799/ESP_075791_1870_ESP_075435_1870/ESP_075435_1870_RED_D_01_ORTHO.JP2,2.02
Expanded Crater and Scalloped Depressions,https://www.uahirise.org/PDS/DTM/ESP/ORB_076800_076899/ESP_076880_1220_ESP_076524_1220/DTEED_076880_1220_076524_1220_A01.IMG,https://www.uahirise.org/PDS/DTM/ESP/ORB_076800_076899/ESP_076880_1220_ESP_076524_1220/ESP_076880_1220_RED_D_01_ORTHO.JP2,https://www.uahirise.org/PDS/DTM/ESP/ORB_076800_076899/ESP_076880_1220_ESP_076524_1220/ESP_076524_1220_RED_D_01_ORTHO.JP2,1.99
Elysium Mons Caldera,https://www.uahirise.org/PDS/DTM/ESP/ORB_035800_035899/ESP_035811_2050_ESP_037011_2050/DTEED_035811_2050_037011_2050_A01.IMG,https://www.uahirise.org/PDS/DTM/ESP/ORB_035800_035899/ESP_035811_2050_ESP_037011_2050/ESP_035811_2050_RED_D_01_ORTHO.JP2,https://www.uahirise.org/PDS/DTM/ESP/ORB_035800_035899/ESP_035811_2050_ESP_037011_2050/ESP_037011_2050_RED_D_01_ORTHO.JP2,2.01
Distal Rampart of Crater in Isidis Region,https://www.uahirise.org/PDS/DTM/ESP/ORB_016000_016099/ESP_016047_1920_PSP_007740_1920/DTEEC_016047_1920_007740_1920_A01.IMG,https://www.uahirise.org/PDS/DTM/ESP/ORB_016000_016099/ESP_016047_1920_PSP_007740_1920/ESP_016047_1920_RED_C_01_ORTHO.JP2,https://www.uahirise.org/PDS/DTM/ESP/ORB_016000_016099/ESP_016047_1920_PSP_007740_1920/PSP_007740_1920_RED_C_01_ORTHO.JP2,1.01
Cliffs of Ice,https://www.uahirise.org/PDS/DTM/ESP/ORB_074900_074999/ESP_074914_1225_ESP_074980_1225/DTEEC_074914_1225_074980_1225_A01.IMG,https://www.uahirise.org/PDS/DTM/ESP/ORB_074900_074999/ESP_074914_1225_ESP_074980_1225/ESP_074914_1225_RED_C_01_ORTHO.JP2,https://www.uahirise.org/PDS/DTM/ESP/ORB_074900_074999/ESP_074914_1225_ESP_074980_1225/ESP_074980_1225_RED_C_01_ORTHO.JP2,0.99
Shield Volcano with Leveed Channels in Noctis Fossae,https://www.uahirise.org/PDS/DTM/PSP/ORB_010600_010699/PSP_010661_1780_PSP_010305_1780/DTEED_010661_1780_010305_1780_A01.IMG,https://www.uahirise.org/PDS/DTM/PSP/ORB_010600_010699/PSP_010661_1780_PSP_010305_1780/PSP_010661_1780_RED_D_01_ORTHO.JP2,https://www.uahirise.org/PDS/DTM/PSP/ORB_010600_010699/PSP_010661_1780_PSP_010305_1780/PSP_010305_1780_RED_D_01_ORTHO.JP2,2.02
Layered Yardangs,https://www.uahirise.org/PDS/DTM/ESP/ORB_022700_022799/ESP_022774_1865_ESP_023051_1865/DTEEC_022774_1865_023051_1865_A01.IMG,https://www.uahirise.org/PDS/DTM/ESP/ORB_022700_022799/ESP_022774_1865_ESP_023051_1865/ESP_022774_1865_RED_C_01_ORTHO.JP2,https://www.uahirise.org/PDS/DTM/ESP/ORB_022700_022799/ESP_022774_1865_ESP_023051_1865/ESP_023051_1865_RED_C_01_ORTHO.JP2,1.01
Sinus Meridiani Dune Changes,https://www.uahirise.org/PDS/DTM/ESP/ORB_027400_027499/ESP_027443_1815_ESP_028142_1815/DTEEC_027443_1815_028142_1815_A01.IMG,https://www.uahirise.org/PDS/DTM/ESP/ORB_027400_027499/ESP_027443_1815_ESP_028142_1815/ESP_027443_1815_RED_C_01_ORTHO.JP2,https://www.uahirise.org/PDS/DTM/ESP/ORB_027400_027499/ESP_027443_1815_ESP_028142_1815/ESP_028142_1815_RED_C_01_ORTHO.JP2,1.01
Classic Barchan Dunes,https://www.uahirise.org/PDS/DTM/ESP/ORB_071500_071599/ESP_071577_2560_ESP_071630_2560/DTEPC_071577_2560_071630_2560_A01.IMG,https://www.uahirise.org/PDS/DTM/ESP/ORB_071500_071599/ESP_071577_2560_ESP_071630_2560/ESP_071577_2560_RED_C_01_ORTHO.JP2,https://www.uahirise.org/PDS/DTM/ESP/ORB_071500_071599/ESP_071577_2560_ESP_071630_2560/ESP_071630_2560_RED_C_01_ORTHO.JP2,1
Scarp Monitoring,https://www.uahirise.org/PDS/DTM/ESP/ORB_075400_075499/ESP_075454_1255_ESP_074742_1255/DTEEC_075454_1255_074742_1255_A01.IMG,https://www.uahirise.org/PDS/DTM/ESP/ORB_075400_075499/ESP_075454_1255_ESP_074742_1255/ESP_075454_1255_RED_C_01_ORTHO.JP2,https://www.uahirise.org/PDS/DTM/ESP/ORB_075400_075499/ESP_075454_1255_ESP_074742_1255/ESP_074742_1255_RED_C_01_ORTHO.JP2,0.99
Landforms in Hellas Planitia,https://www.uahirise.org/PDS/DTM/ESP/ORB_057500_057599/ESP_057572_1390_ESP_057638_1390/DTEEC_057572_1390_057638_1390_A01.IMG,https://www.uahirise.org/PDS/DTM/ESP/ORB_057500_057599/ESP_057572_1390_ESP_057638_1390/ESP_057572_1390_RED_C_01_ORTHO.JP2,https://www.uahirise.org/PDS/DTM/ESP/ORB_057500_057599/ESP_057572_1390_ESP_057638_1390/ESP_057638_1390_RED_C_01_ORTHO.JP2,1
Seasonal Monitoring of Polar Crater with Summer Ice,https://www.uahirise.org/PDS/DTM/PSP/ORB_009300_009399/PSP_009364_2505_ESP_018766_2505/DTEPC_009364_2505_018766_2505_A01.IMG,https://www.uahirise.org/PDS/DTM/PSP/ORB_009300_009399/PSP_009364_2505_ESP_018766_2505/PSP_009364_2505_RED_C_01_ORTHO.JP2,https://www.uahirise.org/PDS/DTM/PSP/ORB_009300_009399/PSP_009364_2505_ESP_018766_2505/ESP_018766_2505_RED_C_01_ORTHO.JP2,1
Textured Rock or Mantling Material in Central Arabia Terra,https://www.uahirise.org/PDS/DTM/ESP/ORB_024900_024999/ESP_024950_1870_ESP_024805_1870/DTEEC_024950_1870_024805_1870_A01.IMG,https://www.uahirise.org/PDS/DTM/ESP/ORB_024900_024999/ESP_024950_1870_ESP_024805_1870/ESP_024950_1870_RED_C_01_ORTHO.JP2,https://www.uahirise.org/PDS/DTM/ESP/ORB_024900_024999/ESP_024950_1870_ESP_024805_1870/ESP_024805_1870_RED_C_01_ORTHO.JP2,1.01
Crater and Extensive Field of Secondary Craters Seen in MOC Image R15-02146,https://www.uahirise.org/PDS/DTM/ESP/ORB_027800_027899/ESP_027890_1850_PSP_002230_1850/DTEEC_027890_1850_002230_1850_A01.IMG,https://www.uahirise.org/PDS/DTM/ESP/ORB_027800_027899/ESP_027890_1850_PSP_002230_1850/ESP_027890_1850_RED_C_01_ORTHO.JP2,https://www.uahirise.org/PDS/DTM/ESP/ORB_027800_027899/ESP_027890_1850_PSP_002230_1850/PSP_002230_1850_RED_C_01_ORTHO.JP2,1.01
Islands and Pendant Bar-Like Form in a Lava Channel,https://www.uahirise.org/PDS/DTM/ESP/ORB_052500_052599/ESP_052514_1825_ESP_052725_1825/DTEED_052514_1825_052725_1825_A01.IMG,https://www.uahirise.org/PDS/DTM/ESP/ORB_052500_052599/ESP_052514_1825_ESP_052725_1825/ESP_052514_1825_RED_D_01_ORTHO.JP2,https://www.uahirise.org/PDS/DTM/ESP/ORB_052500_052599/ESP_052514_1825_ESP_052725_1825/ESP_052725_1825_RED_D_01_ORTHO.JP2,2.02
Possible Future Landing Site Near Eastern Valley of Jezero Crater,https://www.uahirise.org/PDS/DTM/ESP/ORB_033600_033699/ESP_033651_1990_ESP_033717_1990/DTEED_033651_1990_033717_1990_A01.IMG,https://www.uahirise.org/PDS/DTM/ESP/ORB_033600_033699/ESP_033651_1990_ESP_033717_1990/ESP_033651_1990_RED_D_01_ORTHO.JP2,https://www.uahirise.org/PDS/DTM/ESP/ORB_033600_033699/ESP_033651_1990_ESP_033717_1990/ESP_033717_1990_RED_D_01_ORTHO.JP2,2.01
Pit within Crater North of Rabe Crater,https://www.uahirise.org/PDS/DTM/ESP/ORB_077000_077099/ESP_077026_1390_ESP_077435_1390/DTEED_077026_1390_077435_1390_A01.IMG,https://www.uahirise.org/PDS/DTM/ESP/ORB_077000_077099/ESP_077026_1390_ESP_077435_1390/ESP_077026_1390_RED_D_01_ORTHO.JP2,https://www.uahirise.org/PDS/DTM/ESP/ORB_077000_077099/ESP_077026_1390_ESP_077435_1390/ESP_077435_1390_IRB_D_01_ORTHO.JP2,2
Possible Volcanic Vent East of Olympus Mons,https://www.uahirise.org/PDS/DTM/ESP/ORB_067400_067499/ESP_067470_1955_ESP_066784_1955/DTEED_067470_1955_066784_1955_A01.IMG,https://www.uahirise.org/PDS/DTM/ESP/ORB_067400_067499/ESP_067470_1955_ESP_066784_1955/ESP_067470_1955_RED_D_01_ORTHO.JP2,https://www.uahirise.org/PDS/DTM/ESP/ORB_067400_067499/ESP_067470_1955_ESP_066784_1955/ESP_066784_1955_RED_D_01_ORTHO.JP2,2.02
Small Lobe of Glacial Cover on Fresh Impact Crater,https://www.uahirise.org/PDS/DTM/ESP/ORB_070100_070199/ESP_070120_2195_ESP_070331_2195/DTEEC_070120_2195_070331_2195_A01.IMG,https://www.uahirise.org/PDS/DTM/ESP/ORB_070100_070199/ESP_070120_2195_ESP_070331_2195/ESP_070120_2195_RED_C_01_ORTHO.JP2,https://www.uahirise.org/PDS/DTM/ESP/ORB_070100_070199/ESP_070120_2195_ESP_070331_2195/ESP_070331_2195_RED_C_01_ORTHO.JP2,1
Valley-Inverted Channel Transition in Arabia Terra,https://www.uahirise.org/PDS/DTM/ESP/ORB_067500_067599/ESP_067504_1875_ESP_067636_1875/DTEEC_067504_1875_067636_1875_A01.IMG,https://www.uahirise.org/PDS/DTM/ESP/ORB_067500_067599/ESP_067504_1875_ESP_067636_1875/ESP_067504_1875_RED_C_01_ORTHO.JP2,https://www.uahirise.org/PDS/DTM/ESP/ORB_067500_067599/ESP_067504_1875_ESP_067636_1875/ESP_067636_1875_RED_C_01_ORTHO.JP2,1.01
Dunes and Gullies,https://www.uahirise.org/PDS/DTM/ESP/ORB_076600_076699/ESP_076617_1360_ESP_076261_1360/DTEED_076617_1360_076261_1360_A01.IMG,https://www.uahirise.org/PDS/DTM/ESP/ORB_076600_076699/ESP_076617_1360_ESP_076261_1360/ESP_076617_1360_RED_D_01_ORTHO.JP2,https://www.uahirise.org/PDS/DTM/ESP/ORB_076600_076699/ESP_076617_1360_ESP_076261_1360/ESP_076261_1360_RED_D_01_ORTHO.JP2,2
Pristine Pancake Crater in Northern Plains,https://www.uahirise.org/PDS/DTM/PSP/ORB_008600_008699/PSP_008649_2130_PSP_009216_2130/DTEEC_008649_2130_009216_2130_A01.IMG,https://www.uahirise.org/PDS/DTM/PSP/ORB_008600_008699/PSP_008649_2130_PSP_009216_2130/PSP_008649_2130_RED_C_01_ORTHO.JP2,https://www.uahirise.org/PDS/DTM/PSP/ORB_008600_008699/PSP_008649_2130_PSP_009216_2130/PSP_009216_2130_RED_C_01_ORTHO.JP2,1
Extra-Crater Sinuous Ridge,https://www.uahirise.org/PDS/DTM/ESP/ORB_074900_074999/ESP_074985_1030_ESP_074972_1030/DTEPC_074985_1030_074972_1030_A01.IMG,https://www.uahirise.org/PDS/DTM/ESP/ORB_074900_074999/ESP_074985_1030_ESP_074972_1030/ESP_074985_1030_RED_C_01_ORTHO.JP2,https://www.uahirise.org/PDS/DTM/ESP/ORB_074900_074999/ESP_074985_1030_ESP_074972_1030/ESP_074972_1030_RED_C_01_ORTHO.JP2,1
Pangboche Crater - Fresh 11-Kilometer Diameter Crater on Olympus Mons,https://www.uahirise.org/PDS/DTM/PSP/ORB_005500_005599/PSP_005533_1975_PSP_005388_1975/DTEEC_005533_1975_005388_1975_A01.IMG,https://www.uahirise.org/PDS/DTM/PSP/ORB_005500_005599/PSP_005533_1975_PSP_005388_1975/PSP_005533_1975_RED_C_01_ORTHO.JP2,https://www.uahirise.org/PDS/DTM/PSP/ORB_005500_005599/PSP_005533_1975_PSP_005388_1975/PSP_005388_1975_RED_C_01_ORTHO.JP2,1
Yardangs in Arabia Terra,https://www.uahirise.org/PDS/DTM/ESP/ORB_061600_061699/ESP_061610_1895_ESP_061887_1895/DTEED_061610_1895_061887_1895_A01.IMG,https://www.uahirise.org/PDS/DTM/ESP/ORB_061600_061699/ESP_061610_1895_ESP_061887_1895/ESP_061610_1895_RED_D_01_ORTHO.JP2,https://www.uahirise.org/PDS/DTM/ESP/ORB_061600_061699/ESP_061610_1895_ESP_061887_1895/ESP_061887_1895_RED_D_01_ORTHO.JP2,2.02
Margin of Distinctive Unit in Southern Noachis Terra,https://www.uahirise.org/PDS/DTM/ESP/ORB_032600_032699/ESP_032625_1120_ESP_041144_1120/DTEPD_032625_1120_041144_1120_A01.IMG,https://www.uahirise.org/PDS/DTM/ESP/ORB_032600_032699/ESP_032625_1120_ESP_041144_1120/ESP_032625_1120_RED_D_01_ORTHO.JP2,https://www.uahirise.org/PDS/DTM/ESP/ORB_032600_032699/ESP_032625_1120_ESP_041144_1120/ESP_041144_1120_RED_D_01_ORTHO.JP2,1.98
Steepest North Polar Scarp,https://www.uahirise.org/PDS/DTM/ESP/ORB_036500_036599/ESP_036506_2640_ESP_036546_2640/DTEPC_036506_2640_036546_2640_A01.IMG,https://www.uahirise.org/PDS/DTM/ESP/ORB_036500_036599/ESP_036506_2640_ESP_036546_2640/ESP_036506_2640_RED_C_01_ORTHO.JP2,https://www.uahirise.org/PDS/DTM/ESP/ORB_036500_036599/ESP_036506_2640_ESP_036546_2640/ESP_036546_2640_RED_C_01_ORTHO.JP2,1
South Polar Layered Deposits,https://www.uahirise.org/PDS/DTM/ESP/ORB_075500_075599/ESP_075570_0990_ESP_075412_0990/DTEPC_075570_0990_075412_0990_A01.IMG,https://www.uahirise.org/PDS/DTM/ESP/ORB_075500_075599/ESP_075570_0990_ESP_075412_0990/ESP_075570_0990_RED_C_01_ORTHO.JP2,https://www.uahirise.org/PDS/DTM/ESP/ORB_075500_075599/ESP_075570_0990_ESP_075412_0990/ESP_075412_0990_RED_C_01_ORTHO.JP2,1
Dark Layers in Arabia Crater,https://www.uahirise.org/PDS/DTM/ESP/ORB_076600_076699/ESP_076671_1910_ESP_076460_1910/DTEEC_076671_1910_076460_1910_A01.IMG,https://www.uahirise.org/PDS/DTM/ESP/ORB_076600_076699/ESP_076671_1910_ESP_076460_1910/ESP_076671_1910_RED_C_01_ORTHO.JP2,https://www.uahirise.org/PDS/DTM/ESP/ORB_076600_076699/ESP_076671_1910_ESP_076460_1910/ESP_076460_1910_RED_C_01_ORTHO.JP2,1.01
A Bear on Mars?,https://www.uahirise.org/PDS/DTM/ESP/ORB_076700_076799/ESP_076769_1380_ESP_076347_1380/DTEEC_076769_1380_076347_1380_A01.IMG,https://www.uahirise.org/PDS/DTM/ESP/ORB_076700_076799/ESP_076769_1380_ESP_076347_1380/ESP_076769_1380_RED_C_01_ORTHO.JP2,https://www.uahirise.org/PDS/DTM/ESP/ORB_076700_076799/ESP_076769_1380_ESP_076347_1380/ESP_076347_1380_RED_C_01_ORTHO.JP2,1
Bright Patches in Terra Sirenum,https://www.uahirise.org/PDS/DTM/ESP/ORB_076200_076299/ESP_076215_1380_ESP_075503_1380/DTEEC_076215_1380_075503_1380_A01.IMG,https://www.uahirise.org/PDS/DTM/ESP/ORB_076200_076299/ESP_076215_1380_ESP_075503_1380/ESP_076215_1380_RED_C_01_ORTHO.JP2,https://www.uahirise.org/PDS/DTM/ESP/ORB_076200_076299/ESP_076215_1380_ESP_075503_1380/ESP_075503_1380_RED_C_01_ORTHO.JP2,1
Scarp Monitoring,https://www.uahirise.org/PDS/DTM/ESP/ORB_075200_075299/ESP_075270_1190_ESP_075613_1190/DTEEC_075270_1190_075613_1190_A01.IMG,https://www.uahirise.org/PDS/DTM/ESP/ORB_075200_075299/ESP_075270_1190_ESP_075613_1190/ESP_075270_1190_RED_C_01_ORTHO.JP2,https://www.uahirise.org/PDS/DTM/ESP/ORB_075200_075299/ESP_075270_1190_ESP_075613_1190/ESP_075613_1190_RED_C_01_ORTHO.JP2,0.99
A Cone-Shaped Pit on South Polar Deposits,https://www.uahirise.org/PDS/DTM/ESP/ORB_076500_076599/ESP_076532_0920_ESP_076203_0920/DTEPD_076532_0920_076203_0920_A01.IMG,https://www.uahirise.org/PDS/DTM/ESP/ORB_076500_076599/ESP_076532_0920_ESP_076203_0920/ESP_076532_0920_RED_D_01_ORTHO.JP2,https://www.uahirise.org/PDS/DTM/ESP/ORB_076500_076599/ESP_076532_0920_ESP_076203_0920/ESP_076203_0920_RED_D_01_ORTHO.JP2,2
Possible Vent in Ceraunius Fossae,https://www.uahirise.org/PDS/DTM/ESP/ORB_029100_029199/ESP_029122_2065_ESP_028977_2065/DTEED_029122_2065_028977_2065_A01.IMG,https://www.uahirise.org/PDS/DTM/ESP/ORB_029100_029199/ESP_029122_2065_ESP_028977_2065/ESP_029122_2065_RED_D_01_ORTHO.JP2,https://www.uahirise.org/PDS/DTM/ESP/ORB_029100_029199/ESP_029122_2065_ESP_028977_2065/ESP_028977_2065_RED_D_01_ORTHO.JP2,2.01
Candidate Recent Impact Site,https://www.uahirise.org/PDS/DTM/ESP/ORB_074700_074799/ESP_074701_1840_ESP_075901_1840/DTEEC_074701_1840_075901_1840_A01.IMG,https://www.uahirise.org/PDS/DTM/ESP/ORB_074700_074799/ESP_074701_1840_ESP_075901_1840/ESP_074701_1840_RED_C_01_ORTHO.JP2,https://www.uahirise.org/PDS/DTM/ESP/ORB_074700_074799/ESP_074701_1840_ESP_075901_1840/ESP_075901_1840_RED_C_01_ORTHO.JP2,1.01
USGS Dune Database Entry Number 3525-631,https://www.uahirise.org/PDS/DTM/ESP/ORB_076900_076999/ESP_076988_1165_ESP_076909_1165/DTEED_076988_1165_076909_1165_A01.IMG,https://www.uahirise.org/PDS/DTM/ESP/ORB_076900_076999/ESP_076988_1165_ESP_076909_1165/ESP_076988_1165_RED_D_01_ORTHO.JP2,https://www.uahirise.org/PDS/DTM/ESP/ORB_076900_076999/ESP_076988_1165_ESP_076909_1165/ESP_076909_1165_RED_D_01_ORTHO.JP2,1.98
Nilosyrtis Mensae Dunes,https://www.uahirise.org/PDS/DTM/ESP/ORB_064400_064499/ESP_064495_2150_ESP_064561_2150/DTEEC_064495_2150_064561_2150_A01.IMG,https://www.uahirise.org/PDS/DTM/ESP/ORB_064400_064499/ESP_064495_2150_ESP_064561_2150/ESP_064495_2150_RED_C_01_ORTHO.JP2,https://www.uahirise.org/PDS/DTM/ESP/ORB_064400_064499/ESP_064495_2150_ESP_064561_2150/ESP_064561_2150_RED_C_01_ORTHO.JP2,1
Gully and Scarp Monitoring,https://www.uahirise.org/PDS/DTM/ESP/ORB_075200_075299/ESP_075255_1250_ESP_075387_1250/DTEEC_075255_1250_075387_1250_A01.IMG,https://www.uahirise.org/PDS/DTM/ESP/ORB_075200_075299/ESP_075255_1250_ESP_075387_1250/ESP_075255_1250_RED_C_01_ORTHO.JP2,https://www.uahirise.org/PDS/DTM/ESP/ORB_075200_075299/ESP_075255_1250_ESP_075387_1250/ESP_075387_1250_RED_C_01_ORTHO.JP2,0.99
Stratigraphic Relations in Scalloped Terrain,https://www.uahirise.org/PDS/DTM/ESP/ORB_072200_072299/ESP_072263_2280_ESP_071841_2280/DTEED_072263_2280_071841_2280_A01.IMG,https://www.uahirise.org/PDS/DTM/ESP/ORB_072200_072299/ESP_072263_2280_ESP_071841_2280/ESP_072263_2280_RED_D_01_ORTHO.JP2,https://www.uahirise.org/PDS/DTM/ESP/ORB_072200_072299/ESP_072263_2280_ESP_071841_2280/ESP_071841_2280_RED_D_01_ORTHO.JP2,1.99
Ophir Chasma Aeolian Sediment Survey,https://www.uahirise.org/PDS/DTM/ESP/ORB_049000_049099/ESP_049019_1755_ESP_048518_1755/DTEEC_049019_1755_048518_1755_A01.IMG,https://www.uahirise.org/PDS/DTM/ESP/ORB_049000_049099/ESP_049019_1755_ESP_048518_1755/ESP_049019_1755_RED_C_01_ORTHO.JP2,https://www.uahirise.org/PDS/DTM/ESP/ORB_049000_049099/ESP_049019_1755_ESP_048518_1755/ESP_048518_1755_RED_C_01_ORTHO.JP2,1.01
Northern Mid-Latitude Crater,https://www.uahirise.org/PDS/DTM/ESP/ORB_062700_062799/ESP_062740_2150_ESP_062806_2150/DTEEC_062740_2150_062806_2150_A01.IMG,https://www.uahirise.org/PDS/DTM/ESP/ORB_062700_062799/ESP_062740_2150_ESP_062806_2150/ESP_062740_2150_RED_C_01_ORTHO.JP2,https://www.uahirise.org/PDS/DTM/ESP/ORB_062700_062799/ESP_062740_2150_ESP_062806_2150/ESP_062806_2150_RED_C_01_ORTHO.JP2,1
Possible Collapsed Slab Along Walls of Mamers Vallis,https://www.uahirise.org/PDS/DTM/PSP/ORB_003500_003599/PSP_003510_2165_PSP_003576_2165/DTEED_003510_2165_003576_2165_A01.IMG,https://www.uahirise.org/PDS/DTM/PSP/ORB_003500_003599/PSP_003510_2165_PSP_003576_2165/PSP_003510_2165_RED_D_01_ORTHO.JP2,https://www.uahirise.org/PDS/DTM/PSP/ORB_003500_003599/PSP_003510_2165_PSP_003576_2165/PSP_003576_2165_RED_D_01_ORTHO.JP2,2
Heart-Shaped Pit in Acheron Catena Seen in MOC M02-01153,https://www.uahirise.org/PDS/DTM/ESP/ORB_016900_016999/ESP_016977_2165_ESP_017755_2165/DTEEC_016977_2165_017755_2165_A01.IMG,https://www.uahirise.org/PDS/DTM/ESP/ORB_016900_016999/ESP_016977_2165_ESP_017755_2165/ESP_016977_2165_RED_C_01_ORTHO.JP2,https://www.uahirise.org/PDS/DTM/ESP/ORB_016900_016999/ESP_016977_2165_ESP_017755_2165/ESP_017755_2165_RED_C_01_ORTHO.JP2,1
Dune Monitoring in Candidate ExoMars Landing Site in Mawrth Vallis,https://www.uahirise.org/PDS/DTM/ESP/ORB_073400_073499/ESP_073467_2010_ESP_073533_2010/DTEEC_073467_2010_073533_2010_A01.IMG,https://www.uahirise.org/PDS/DTM/ESP/ORB_073400_073499/ESP_073467_2010_ESP_073533_2010/ESP_073467_2010_RED_C_01_ORTHO.JP2,https://www.uahirise.org/PDS/DTM/ESP/ORB_073400_073499/ESP_073467_2010_ESP_073533_2010/ESP_073533_2010_RED_C_01_ORTHO.JP2,1
Recent Crater,https://www.uahirise.org/PDS/DTM/ESP/ORB_041200_041299/ESP_041219_1275_ESP_032463_1275/DTEEC_041219_1275_032463_1275_A01.IMG,https://www.uahirise.org/PDS/DTM/ESP/ORB_041200_041299/ESP_041219_1275_ESP_032463_1275/ESP_041219_1275_RED_C_01_ORTHO.JP2,https://www.uahirise.org/PDS/DTM/ESP/ORB_041200_041299/ESP_041219_1275_ESP_032463_1275/ESP_032463_1275_RED_C_01_ORTHO.JP2,0.99
Central Uplift of an Impact Crater,https://www.uahirise.org/PDS/DTM/ESP/ORB_027100_027199/ESP_027139_1525_ESP_017434_1525/DTEED_027139_1525_017434_1525_A01.IMG,https://www.uahirise.org/PDS/DTM/ESP/ORB_027100_027199/ESP_027139_1525_ESP_017434_1525/ESP_027139_1525_RED_D_01_ORTHO.JP2,https://www.uahirise.org/PDS/DTM/ESP/ORB_027100_027199/ESP_027139_1525_ESP_017434_1525/ESP_017434_1525_RED_D_01_ORTHO.JP2,2.01
"Tributary of Shalbatana Vallis, As Seen in MOC Image R09-01983",https://www.uahirise.org/PDS/DTM/PSP/ORB_002400_002499/PSP_002431_1835_PSP_001930_1835/DTEEC_002431_1835_001930_1835_A01.IMG,https://www.uahirise.org/PDS/DTM/PSP/ORB_002400_002499/PSP_002431_1835_PSP_001930_1835/PSP_002431_1835_RED_C_01_ORTHO.JP2,https://www.uahirise.org/PDS/DTM/PSP/ORB_002400_002499/PSP_002431_1835_PSP_001930_1835/PSP_001930_1835_RED_C_01_ORTHO.JP2,1.01
Layered Bedrock Exposed in the Central Uplift of Martin Crater,https://www.uahirise.org/PDS/DTM/PSP/ORB_005600_005699/PSP_005610_1585_PSP_005887_1585/DTEEC_005610_1585_005887_1585_A01.IMG,https://www.uahirise.org/PDS/DTM/PSP/ORB_005600_005699/PSP_005610_1585_PSP_005887_1585/PSP_005610_1585_RED_C_01_ORTHO.JP2,https://www.uahirise.org/PDS/DTM/PSP/ORB_005600_005699/PSP_005610_1585_PSP_005887_1585/PSP_005887_1585_RED_C_01_ORTHO.JP2,1
Martin Crater Central Uplift,https://www.uahirise.org/PDS/DTM/ESP/ORB_074900_074999/ESP_074946_1585_ESP_075157_1585/DTEED_074946_1585_075157_1585_A01.IMG,https://www.uahirise.org/PDS/DTM/ESP/ORB_074900_074999/ESP_074946_1585_ESP_075157_1585/ESP_074946_1585_RED_D_01_ORTHO.JP2,https://www.uahirise.org/PDS/DTM/ESP/ORB_074900_074999/ESP_074946_1585_ESP_075157_1585/ESP_075157_1585_RED_D_01_ORTHO.JP2,2.01
Central Uplift of an Impact Crater,https://www.uahirise.org/PDS/DTM/PSP/ORB_002300_002399/PSP_002353_1585_PSP_003408_1585/DTEEC_002353_1585_003408_1585_A02.IMG,https://www.uahirise.org/PDS/DTM/PSP/ORB_002300_002399/PSP_002353_1585_PSP_003408_1585/PSP_002353_1585_RED_C_02_ORTHO.JP2,https://www.uahirise.org/PDS/DTM/PSP/ORB_002300_002399/PSP_002353_1585_PSP_003408_1585/PSP_003408_1585_RED_C_02_ORTHO.JP2,1
Tilted Strata in Central Structure of Martin Crater,https://www.uahirise.org/PDS/DTM/ESP/ORB_066800_066899/ESP_066848_1585_ESP_067798_1585/DTEEC_066848_1585_067798_1585_A01.IMG,https://www.uahirise.org/PDS/DTM/ESP/ORB_066800_066899/ESP_066848_1585_ESP_067798_1585/ESP_066848_1585_RED_C_01_ORTHO.JP2,https://www.uahirise.org/PDS/DTM/ESP/ORB_066800_066899/ESP_066848_1585_ESP_067798_1585/ESP_067798_1585_RED_C_01_ORTHO.JP2,1
Layered Bedrock Exposed in the Central Uplift of Martin Crater,https://www.uahirise.org/PDS/DTM/ESP/ORB_011900_011999/ESP_011952_1585_PSP_005821_1585/DTEEC_011952_1585_005821_1585_A01.IMG,https://www.uahirise.org/PDS/DTM/ESP/ORB_011900_011999/ESP_011952_1585_PSP_005821_1585/ESP_011952_1585_RED_C_01_ORTHO.JP2,https://www.uahirise.org/PDS/DTM/ESP/ORB_011900_011999/ESP_011952_1585_PSP_005821_1585/PSP_005821_1585_RED_C_01_ORTHO.JP2,1
Channel in Newton Crater,https://www.uahirise.org/PDS/DTM/ESP/ORB_074400_074499/ESP_074422_1405_ESP_074844_1405/DTEED_074422_1405_074844_1405_A01.IMG,https://www.uahirise.org/PDS/DTM/ESP/ORB_074400_074499/ESP_074422_1405_ESP_074844_1405/ESP_074422_1405_RED_D_01_ORTHO.JP2,https://www.uahirise.org/PDS/DTM/ESP/ORB_074400_074499/ESP_074422_1405_ESP_074844_1405/ESP_074844_1405_RED_D_01_ORTHO.JP2,2
Northern Plains Crater Modification,https://www.uahirise.org/PDS/DTM/ESP/ORB_072500_072599/ESP_072575_2305_ESP_072496_2305/DTEEC_072575_2305_072496_2305_A01.IMG,https://www.uahirise.org/PDS/DTM/ESP/ORB_072500_072599/ESP_072575_2305_ESP_072496_2305/ESP_072575_2305_RED_C_01_ORTHO.JP2,https://www.uahirise.org/PDS/DTM/ESP/ORB_072500_072599/ESP_072575_2305_ESP_072496_2305/ESP_072496_2305_RED_C_01_ORTHO.JP2,0.99
Square-Shaped Fresh Crater Near Gratteri Crater,https://www.uahirise.org/PDS/DTM/PSP/ORB_004000_004099/PSP_004044_1640_PSP_004110_1640/DTEEC_004044_1640_004110_1640_A01.IMG,https://www.uahirise.org/PDS/DTM/PSP/ORB_004000_004099/PSP_004044_1640_PSP_004110_1640/PSP_004044_1640_RED_C_01_ORTHO.JP2,https://www.uahirise.org/PDS/DTM/PSP/ORB_004000_004099/PSP_004044_1640_PSP_004110_1640/PSP_004110_1640_RED_C_01_ORTHO.JP2,1.01
Climbing Dunes Escaping a Crater in Aonia Terra,https://www.uahirise.org/PDS/DTM/ESP/ORB_039300_039399/ESP_039380_1290_ESP_039657_1290/DTEEC_039380_1290_039657_1290_A01.IMG,https://www.uahirise.org/PDS/DTM/ESP/ORB_039300_039399/ESP_039380_1290_ESP_039657_1290/ESP_039380_1290_RED_C_01_ORTHO.JP2,https://www.uahirise.org/PDS/DTM/ESP/ORB_039300_039399/ESP_039380_1290_ESP_039657_1290/ESP_039657_1290_RED_C_01_ORTHO.JP2,0.99
The Niagara Falls of Mars,https://www.uahirise.org/PDS/DTM/ESP/ORB_050400_050499/ESP_050406_1585_ESP_050472_1585/DTEED_050406_1585_050472_1585_A01.IMG,https://www.uahirise.org/PDS/DTM/ESP/ORB_050400_050499/ESP_050406_1585_ESP_050472_1585/ESP_050406_1585_RED_D_01_ORTHO.JP2,https://www.uahirise.org/PDS/DTM/ESP/ORB_050400_050499/ESP_050406_1585_ESP_050472_1585/ESP_050472_1585_RED_D_01_ORTHO.JP2,2.01
A(nother) Large New Crater on Mars,https://www.uahirise.org/PDS/DTM/ESP/ORB_073600_073699/ESP_073667_2185_ESP_073522_2185/DTEEC_073667_2185_073522_2185_A01.IMG,https://www.uahirise.org/PDS/DTM/ESP/ORB_073600_073699/ESP_073667_2185_ESP_073522_2185/ESP_073667_2185_RED_C_01_ORTHO.JP2,https://www.uahirise.org/PDS/DTM/ESP/ORB_073600_073699/ESP_073667_2185_ESP_073522_2185/ESP_073522_2185_RED_C_01_ORTHO.JP2,1
A Large New Crater on Mars,https://www.uahirise.org/PDS/DTM/ESP/ORB_073500_073599/ESP_073578_2155_ESP_073077_2155/DTEEC_073578_2155_073077_2155_A01.IMG,https://www.uahirise.org/PDS/DTM/ESP/ORB_073500_073599/ESP_073578_2155_ESP_073077_2155/ESP_073578_2155_RED_C_01_ORTHO.JP2,https://www.uahirise.org/PDS/DTM/ESP/ORB_073500_073599/ESP_073578_2155_ESP_073077_2155/ESP_073077_2155_RED_C_01_ORTHO.JP2,1
Smooth Region in Phlegra Montes,https://www.uahirise.org/PDS/DTM/ESP/ORB_071000_071099/ESP_071021_2190_ESP_071087_2190/DTEEC_071021_2190_071087_2190_A01.IMG,https://www.uahirise.org/PDS/DTM/ESP/ORB_071000_071099/ESP_071021_2190_ESP_071087_2190/ESP_071021_2190_RED_C_01_ORTHO.JP2,https://www.uahirise.org/PDS/DTM/ESP/ORB_071000_071099/ESP_071021_2190_ESP_071087_2190/ESP_071087_2190_RED_C_01_ORTHO.JP2,1
Banded Features in Hellas Region Visible in CTX Image,https://www.uahirise.org/PDS/DTM/ESP/ORB_025500_025599/ESP_025555_1360_ESP_025621_1360/DTEED_025555_1360_025621_1360_A01.IMG,https://www.uahirise.org/PDS/DTM/ESP/ORB_025500_025599/ESP_025555_1360_ESP_025621_1360/ESP_025555_1360_RED_D_01_ORTHO.JP2,https://www.uahirise.org/PDS/DTM/ESP/ORB_025500_025599/ESP_025555_1360_ESP_025621_1360/ESP_025621_1360_RED_D_01_ORTHO.JP2,2
Lava Channel and Cataract in South-Central Elysium Planitia,https://www.uahirise.org/PDS/DTM/ESP/ORB_018300_018399/ESP_018339_1820_ESP_018194_1820/DTEEC_018339_1820_018194_1820_A01.IMG,https://www.uahirise.org/PDS/DTM/ESP/ORB_018300_018399/ESP_018339_1820_ESP_018194_1820/ESP_018339_1820_RED_C_01_ORTHO.JP2,https://www.uahirise.org/PDS/DTM/ESP/ORB_018300_018399/ESP_018339_1820_ESP_018194_1820/ESP_018194_1820_RED_C_01_ORTHO.JP2,1.01
Light-Toned Outcrops in Iani Chaos,https://www.uahirise.org/PDS/DTM/ESP/ORB_016400_016499/ESP_016473_1760_ESP_016328_1760/DTEEC_016473_1760_016328_1760_A01.IMG,https://www.uahirise.org/PDS/DTM/ESP/ORB_016400_016499/ESP_016473_1760_ESP_016328_1760/ESP_016473_1760_RED_C_01_ORTHO.JP2,https://www.uahirise.org/PDS/DTM/ESP/ORB_016400_016499/ESP_016473_1760_ESP_016328_1760/ESP_016328_1760_RED_C_01_ORTHO.JP2,1.01
Interesting Periglacial Assemblage in Utopia Planitia,https://www.uahirise.org/PDS/DTM/PSP/ORB_009400_009499/PSP_009467_2225_PSP_007384_2225/DTEEC_009467_2225_007384_2225_A01.IMG,https://www.uahirise.org/PDS/DTM/PSP/ORB_009400_009499/PSP_009467_2225_PSP_007384_2225/PSP_009467_2225_RED_C_01_ORTHO.JP2,https://www.uahirise.org/PDS/DTM/PSP/ORB_009400_009499/PSP_009467_2225_PSP_007384_2225/PSP_007384_2225_RED_C_01_ORTHO.JP2,1
Central Structure and Layering of a Large Impact Crater,https://www.uahirise.org/PDS/DTM/ESP/ORB_028700_028799/ESP_028733_2230_ESP_028799_2230/DTEEC_028733_2230_028799_2230_A01.IMG,https://www.uahirise.org/PDS/DTM/ESP/ORB_028700_028799/ESP_028733_2230_ESP_028799_2230/ESP_028733_2230_RED_C_01_ORTHO.JP2,https://www.uahirise.org/PDS/DTM/ESP/ORB_028700_028799/ESP_028733_2230_ESP_028799_2230/ESP_028799_2230_RED_C_01_ORTHO.JP2,1
Exposed Layers in Medusae Fossae Formation,https://www.uahirise.org/PDS/DTM/ESP/ORB_063200_063299/ESP_063264_1895_ESP_055589_1895/DTEED_063264_1895_055589_1895_A01.IMG,https://www.uahirise.org/PDS/DTM/ESP/ORB_063200_063299/ESP_063264_1895_ESP_055589_1895/ESP_063264_1895_RED_D_01_ORTHO.JP2,https://www.uahirise.org/PDS/DTM/ESP/ORB_063200_063299/ESP_063264_1895_ESP_055589_1895/ESP_055589_1895_RED_D_01_ORTHO.JP2,2.02
Layered Light-Toned Crater-Filling Material in Northwest Hellas Region,https://www.uahirise.org/PDS/DTM/ESP/ORB_033400_033499/ESP_033454_1545_ESP_033520_1545/DTEEC_033454_1545_033520_1545_A01.IMG,https://www.uahirise.org/PDS/DTM/ESP/ORB_033400_033499/ESP_033454_1545_ESP_033520_1545/ESP_033454_1545_RED_C_01_ORTHO.JP2,https://www.uahirise.org/PDS/DTM/ESP/ORB_033400_033499/ESP_033454_1545_ESP_033520_1545/ESP_033520_1545_RED_C_01_ORTHO.JP2,1
Small Volcano in Wind Streak Southwest of Tombaugh Crater,https://www.uahirise.org/PDS/DTM/ESP/ORB_035200_035299/ESP_035204_1830_ESP_035270_1830/DTEEC_035204_1830_035270_1830_A01.IMG,https://www.uahirise.org/PDS/DTM/ESP/ORB_035200_035299/ESP_035204_1830_ESP_035270_1830/ESP_035204_1830_RED_C_01_ORTHO.JP2,https://www.uahirise.org/PDS/DTM/ESP/ORB_035200_035299/ESP_035204_1830_ESP_035270_1830/ESP_035270_1830_RED_C_01_ORTHO.JP2,1.01
Diverse Features in Utopia Region,https://www.uahirise.org/PDS/DTM/PSP/ORB_007900_007999/PSP_007951_2220_PSP_008162_2220/DTEEC_007951_2220_008162_2220_A01.IMG,https://www.uahirise.org/PDS/DTM/PSP/ORB_007900_007999/PSP_007951_2220_PSP_008162_2220/PSP_007951_2220_RED_C_01_ORTHO.JP2,https://www.uahirise.org/PDS/DTM/PSP/ORB_007900_007999/PSP_007951_2220_PSP_008162_2220/PSP_008162_2220_RED_C_01_ORTHO.JP2,1
Positive-Relief Feature on South Polar Layered Deposits,https://www.uahirise.org/PDS/DTM/ESP/ORB_049200_049299/ESP_049274_0920_ESP_049368_0920/DTEPC_049274_0920_049368_0920_A01.IMG,https://www.uahirise.org/PDS/DTM/ESP/ORB_049200_049299/ESP_049274_0920_ESP_049368_0920/ESP_049274_0920_RED_C_01_ORTHO.JP2,https://www.uahirise.org/PDS/DTM/ESP/ORB_049200_049299/ESP_049274_0920_ESP_049368_0920/ESP_049368_0920_RED_C_01_ORTHO.JP2,1
Scallop-Hosting Mantle in Utopia Planitia,https://www.uahirise.org/PDS/DTM/ESP/ORB_071800_071899/ESP_071815_2265_ESP_071881_2265/DTEEC_071815_2265_071881_2265_A01.IMG,https://www.uahirise.org/PDS/DTM/ESP/ORB_071800_071899/ESP_071815_2265_ESP_071881_2265/ESP_071815_2265_RED_C_01_ORTHO.JP2,https://www.uahirise.org/PDS/DTM/ESP/ORB_071800_071899/ESP_071815_2265_ESP_071881_2265/ESP_071881_2265_RED_C_01_ORTHO.JP2,0.99
Crater with Surrounding Depression,https://www.uahirise.org/PDS/DTM/ESP/ORB_064400_064499/ESP_064444_2210_ESP_029236_2210/DTEEC_064444_2210_029236_2210_A01.IMG,https://www.uahirise.org/PDS/DTM/ESP/ORB_064400_064499/ESP_064444_2210_ESP_029236_2210/ESP_064444_2210_IRB_C_01_ORTHO.JP2,https://www.uahirise.org/PDS/DTM/ESP/ORB_064400_064499/ESP_064444_2210_ESP_029236_2210/ESP_029236_2210_RED_C_01_ORTHO.JP2,1
Light-Toned Outcrop in Hummock of Iani Chaos,https://www.uahirise.org/PDS/DTM/ESP/ORB_012700_012799/ESP_012728_1795_ESP_012438_1795/DTEEC_012728_1795_012438_1795_A01.IMG,https://www.uahirise.org/PDS/DTM/ESP/ORB_012700_012799/ESP_012728_1795_ESP_012438_1795/ESP_012728_1795_RED_C_01_ORTHO.JP2,https://www.uahirise.org/PDS/DTM/ESP/ORB_012700_012799/ESP_012728_1795_ESP_012438_1795/ESP_012438_1795_RED_C_01_ORTHO.JP2,1.01
Landforms in Utopia Planitia,https://www.uahirise.org/PDS/DTM/ESP/ORB_046000_046099/ESP_046033_2145_ESP_046099_2145/DTEED_046033_2145_046099_2145_A01.IMG,https://www.uahirise.org/PDS/DTM/ESP/ORB_046000_046099/ESP_046033_2145_ESP_046099_2145/ESP_046033_2145_RED_D_01_ORTHO.JP2,https://www.uahirise.org/PDS/DTM/ESP/ORB_046000_046099/ESP_046033_2145_ESP_046099_2145/ESP_046099_2145_RED_D_01_ORTHO.JP2,2
Pit in Crater Floor,https://www.uahirise.org/PDS/DTM/ESP/ORB_074300_074399/ESP_074375_1510_ESP_074441_1510/DTEEC_074375_1510_074441_1510_A01.IMG,https://www.uahirise.org/PDS/DTM/ESP/ORB_074300_074399/ESP_074375_1510_ESP_074441_1510/ESP_074375_1510_RED_C_01_ORTHO.JP2,https://www.uahirise.org/PDS/DTM/ESP/ORB_074300_074399/ESP_074375_1510_ESP_074441_1510/ESP_074441_1510_RED_C_01_ORTHO.JP2,1
Crater Ejecta Degradation,https://www.uahirise.org/PDS/DTM/ESP/ORB_036200_036299/ESP_036257_2355_ESP_035334_2355/DTEEC_036257_2355_035334_2355_A01.IMG,https://www.uahirise.org/PDS/DTM/ESP/ORB_036200_036299/ESP_036257_2355_ESP_035334_2355/ESP_036257_2355_RED_C_01_ORTHO.JP2,https://www.uahirise.org/PDS/DTM/ESP/ORB_036200_036299/ESP_036257_2355_ESP_035334_2355/ESP_035334_2355_RED_C_01_ORTHO.JP2,0.99
Light-Toned Deposits in Iani Chaos,https://www.uahirise.org/PDS/DTM/ESP/ORB_074300_074399/ESP_074377_1790_ESP_074443_1790/DTEEC_074377_1790_074443_1790_A01.IMG,https://www.uahirise.org/PDS/DTM/ESP/ORB_074300_074399/ESP_074377_1790_ESP_074443_1790/ESP_074377_1790_RED_C_01_ORTHO.JP2,https://www.uahirise.org/PDS/DTM/ESP/ORB_074300_074399/ESP_074377_1790_ESP_074443_1790/ESP_074443_1790_RED_C_01_ORTHO.JP2,1
Change Detection in Barchan Dune Source,https://www.uahirise.org/PDS/DTM/ESP/ORB_027700_027799/ESP_027746_2650_ESP_027628_2650/DTEPC_027746_2650_027628_2650_A01.IMG,https://www.uahirise.org/PDS/DTM/ESP/ORB_027700_027799/ESP_027746_2650_ESP_027628_2650/ESP_027746_2650_RED_C_01_ORTHO.JP2,https://www.uahirise.org/PDS/DTM/ESP/ORB_027700_027799/ESP_027746_2650_ESP_027628_2650/ESP_027628_2650_RED_C_01_ORTHO.JP2,1
Gordii Dorsum Paleo Features,https://www.uahirise.org/PDS/DTM/ESP/ORB_064200_064299/ESP_064226_1895_ESP_046899_1895/DTEED_064226_1895_046899_1895_A01.IMG,https://www.uahirise.org/PDS/DTM/ESP/ORB_064200_064299/ESP_064226_1895_ESP_046899_1895/ESP_064226_1895_RED_D_01_ORTHO.JP2,https://www.uahirise.org/PDS/DTM/ESP/ORB_064200_064299/ESP_064226_1895_ESP_046899_1895/ESP_046899_1895_RED_D_01_ORTHO.JP2,2.02
Licus Vallis Crater,https://www.uahirise.org/PDS/DTM/PSP/ORB_002700_002799/PSP_002794_1755_PSP_002082_1755/DTEED_002794_1755_002082_1755_A01.IMG,https://www.uahirise.org/PDS/DTM/PSP/ORB_002700_002799/PSP_002794_1755_PSP_002082_1755/PSP_002794_1755_RED_D_01_ORTHO.JP2,https://www.uahirise.org/PDS/DTM/PSP/ORB_002700_002799/PSP_002794_1755_PSP_002082_1755/PSP_002082_1755_RED_D_01_ORTHO.JP2,2.02
Landforms in Utopia Planitia,https://www.uahirise.org/PDS/DTM/ESP/ORB_050200_050299/ESP_050292_2140_ESP_050569_2140/DTEED_050292_2140_050569_2140_A01.IMG,https://www.uahirise.org/PDS/DTM/ESP/ORB_050200_050299/ESP_050292_2140_ESP_050569_2140/ESP_050292_2140_RED_D_01_ORTHO.JP2,https://www.uahirise.org/PDS/DTM/ESP/ORB_050200_050299/ESP_050292_2140_ESP_050569_2140/ESP_050569_2140_RED_D_01_ORTHO.JP2,2
Aram Chaos,https://www.uahirise.org/PDS/DTM/ESP/ORB_016700_016799/ESP_016750_1830_ESP_017172_1830/DTEEC_016750_1830_017172_1830_A01.IMG,https://www.uahirise.org/PDS/DTM/ESP/ORB_016700_016799/ESP_016750_1830_ESP_017172_1830/ESP_016750_1830_RED_C_01_ORTHO.JP2,https://www.uahirise.org/PDS/DTM/ESP/ORB_016700_016799/ESP_016750_1830_ESP_017172_1830/ESP_017172_1830_RED_C_01_ORTHO.JP2,1.01
Gully Without Apron,https://www.uahirise.org/PDS/DTM/ESP/ORB_035000_035099/ESP_035063_2340_ESP_034628_2340/DTEEC_035063_2340_034628_2340_A01.IMG,https://www.uahirise.org/PDS/DTM/ESP/ORB_035000_035099/ESP_035063_2340_ESP_034628_2340/ESP_035063_2340_RED_C_01_ORTHO.JP2,https://www.uahirise.org/PDS/DTM/ESP/ORB_035000_035099/ESP_035063_2340_ESP_034628_2340/ESP_034628_2340_RED_C_01_ORTHO.JP2,0.99
Lava Vent with Channels,https://www.uahirise.org/PDS/DTM/ESP/ORB_019300_019399/ESP_019325_1960_ESP_019391_1960/DTEED_019325_1960_019391_1960_A01.IMG,https://www.uahirise.org/PDS/DTM/ESP/ORB_019300_019399/ESP_019325_1960_ESP_019391_1960/ESP_019325_1960_RED_D_01_ORTHO.JP2,https://www.uahirise.org/PDS/DTM/ESP/ORB_019300_019399/ESP_019325_1960_ESP_019391_1960/ESP_019391_1960_RED_D_01_ORTHO.JP2,2.02
Possible Skylight Near Elysium Region,https://www.uahirise.org/PDS/DTM/ESP/ORB_046700_046799/ESP_046730_2110_ESP_055169_2110/DTEEC_046730_2110_055169_2110_A01.IMG,https://www.uahirise.org/PDS/DTM/ESP/ORB_046700_046799/ESP_046730_2110_ESP_055169_2110/ESP_046730_2110_RED_C_01_ORTHO.JP2,https://www.uahirise.org/PDS/DTM/ESP/ORB_046700_046799/ESP_046730_2110_ESP_055169_2110/ESP_055169_2110_RED_C_01_ORTHO.JP2,1
Uplifted Blocks of Light-Toned Layered Deposits,https://www.uahirise.org/PDS/DTM/ESP/ORB_054700_054799/ESP_054753_1825_ESP_055452_1825/DTEEC_054753_1825_055452_1825_A01.IMG,https://www.uahirise.org/PDS/DTM/ESP/ORB_054700_054799/ESP_054753_1825_ESP_055452_1825/ESP_054753_1825_RED_C_01_ORTHO.JP2,https://www.uahirise.org/PDS/DTM/ESP/ORB_054700_054799/ESP_054753_1825_ESP_055452_1825/ESP_055452_1825_RED_C_01_ORTHO.JP2,1.01
Cratered Cones in Western Elysium Planitia,https://www.uahirise.org/PDS/DTM/ESP/ORB_043900_043999/ESP_043987_1825_ESP_035521_1825/DTEEC_043987_1825_035521_1825_A01.IMG,https://www.uahirise.org/PDS/DTM/ESP/ORB_043900_043999/ESP_043987_1825_ESP_035521_1825/ESP_043987_1825_RED_C_01_ORTHO.JP2,https://www.uahirise.org/PDS/DTM/ESP/ORB_043900_043999/ESP_043987_1825_ESP_035521_1825/ESP_035521_1825_RED_C_01_ORTHO.JP2,1.01
Pitted Cones in Utopia Planitia,https://www.uahirise.org/PDS/DTM/ESP/ORB_053700_053799/ESP_053786_2135_ESP_053641_2135/DTEEC_053786_2135_053641_2135_A01.IMG,https://www.uahirise.org/PDS/DTM/ESP/ORB_053700_053799/ESP_053786_2135_ESP_053641_2135/ESP_053786_2135_RED_C_01_ORTHO.JP2,https://www.uahirise.org/PDS/DTM/ESP/ORB_053700_053799/ESP_053786_2135_ESP_053641_2135/ESP_053641_2135_RED_C_01_ORTHO.JP2,1
Pitted Cones in Utopia Planitia,https://www.uahirise.org/PDS/DTM/ESP/ORB_053300_053399/ESP_053364_2135_ESP_053219_2135/DTEEC_053364_2135_053219_2135_A01.IMG,https://www.uahirise.org/PDS/DTM/ESP/ORB_053300_053399/ESP_053364_2135_ESP_053219_2135/ESP_053364_2135_RED_C_01_ORTHO.JP2,https://www.uahirise.org/PDS/DTM/ESP/ORB_053300_053399/ESP_053364_2135_ESP_053219_2135/ESP_053219_2135_RED_C_01_ORTHO.JP2,1
Fractures and Uplifted Portion of Floor of Echus Chasma,https://www.uahirise.org/PDS/DTM/ESP/ORB_021800_021899/ESP_021842_1810_ESP_021908_1810/DTEED_021842_1810_021908_1810_A01.IMG,https://www.uahirise.org/PDS/DTM/ESP/ORB_021800_021899/ESP_021842_1810_ESP_021908_1810/ESP_021842_1810_RED_D_01_ORTHO.JP2,https://www.uahirise.org/PDS/DTM/ESP/ORB_021800_021899/ESP_021842_1810_ESP_021908_1810/ESP_021908_1810_RED_D_01_ORTHO.JP2,2
Dipping Layers South of Reull Vallis,https://www.uahirise.org/PDS/DTM/ESP/ORB_073100_073199/ESP_073107_1380_ESP_073595_1380/DTEED_073107_1380_073595_1380_G01.IMG,https://www.uahirise.org/PDS/DTM/ESP/ORB_073100_073199/ESP_073107_1380_ESP_073595_1380/ESP_073107_1380_RED_B_01_ORTHO.JP2,https://www.uahirise.org/PDS/DTM/ESP/ORB_073100_073199/ESP_073107_1380_ESP_073595_1380/ESP_073595_1380_RED_B_01_ORTHO.JP2,2
Mass of Viscous Flow Features at Base of Gullied Slope,https://www.uahirise.org/PDS/DTM/ESP/ORB_050600_050699/ESP_050680_1325_ESP_059489_1325/DTEED_050680_1325_059489_1325_G01.IMG,https://www.uahirise.org/PDS/DTM/ESP/ORB_050600_050699/ESP_050680_1325_ESP_059489_1325/ESP_050680_1325_RED_B_01_ORTHO.JP2,https://www.uahirise.org/PDS/DTM/ESP/ORB_050600_050699/ESP_050680_1325_ESP_059489_1325/ESP_059489_1325_RED_B_01_ORTHO.JP2,2
Gullies in Nereidum Montes,https://www.uahirise.org/PDS/DTM/ESP/ORB_065900_065999/ESP_065937_1400_ESP_065515_1400/DTEED_065937_1400_065515_1400_G01.IMG,https://www.uahirise.org/PDS/DTM/ESP/ORB_065900_065999/ESP_065937_1400_ESP_065515_1400/ESP_065937_1400_RED_B_01_ORTHO.JP2,https://www.uahirise.org/PDS/DTM/ESP/ORB_065900_065999/ESP_065937_1400_ESP_065515_1400/ESP_065515_1400_RED_B_01_ORTHO.JP2,2
Gullies and Viscous Flow Feature in Nereidum Montes,https://www.uahirise.org/PDS/DTM/ESP/ORB_039600_039699/ESP_039643_1400_ESP_039709_1400/DTEED_039643_1400_039709_1400_G01.IMG,https://www.uahirise.org/PDS/DTM/ESP/ORB_039600_039699/ESP_039643_1400_ESP_039709_1400/ESP_039643_1400_RED_B_01_ORTHO.JP2,https://www.uahirise.org/PDS/DTM/ESP/ORB_039600_039699/ESP_039643_1400_ESP_039709_1400/ESP_039709_1400_RED_B_01_ORTHO.JP2,2
Intracrater Sand Dunes and Patch Changes,https://www.uahirise.org/PDS/DTM/ESP/ORB_024800_024899/ESP_024838_1630_ESP_024693_1630/DTEEC_024838_1630_024693_1630_A01.IMG,https://www.uahirise.org/PDS/DTM/ESP/ORB_024800_024899/ESP_024838_1630_ESP_024693_1630/ESP_024838_1630_RED_C_01_ORTHO.JP2,https://www.uahirise.org/PDS/DTM/ESP/ORB_024800_024899/ESP_024838_1630_ESP_024693_1630/ESP_024693_1630_RED_C_01_ORTHO.JP2,1
Layered Structure and Depression on Rim of Moreux Crater,https://www.uahirise.org/PDS/DTM/ESP/ORB_060900_060999/ESP_060975_2215_ESP_062373_2215/DTEEC_060975_2215_062373_2215_G01.IMG,https://www.uahirise.org/PDS/DTM/ESP/ORB_060900_060999/ESP_060975_2215_ESP_062373_2215/ESP_060975_2215_RED_A_01_ORTHO.JP2,https://www.uahirise.org/PDS/DTM/ESP/ORB_060900_060999/ESP_060975_2215_ESP_062373_2215/ESP_062373_2215_RED_A_01_ORTHO.JP2,1
Evidence of Ice and Rock in Crater Near Side Channel of Mamers Valles,https://www.uahirise.org/PDS/DTM/ESP/ORB_035600_035699/ESP_035618_2175_ESP_036884_2175/DTEEC_035618_2175_036884_2175_G01.IMG,https://www.uahirise.org/PDS/DTM/ESP/ORB_035600_035699/ESP_035618_2175_ESP_036884_2175/ESP_035618_2175_RED_A_01_ORTHO.JP2,https://www.uahirise.org/PDS/DTM/ESP/ORB_035600_035699/ESP_035618_2175_ESP_036884_2175/ESP_036884_2175_RED_A_01_ORTHO.JP2,1
Tributary of Mamers Valles,https://www.uahirise.org/PDS/DTM/ESP/ORB_034600_034699/ESP_034695_2175_ESP_034972_2175/DTEEC_034695_2175_034972_2175_G01.IMG,https://www.uahirise.org/PDS/DTM/ESP/ORB_034600_034699/ESP_034695_2175_ESP_034972_2175/ESP_034695_2175_RED_A_01_ORTHO.JP2,https://www.uahirise.org/PDS/DTM/ESP/ORB_034600_034699/ESP_034695_2175_ESP_034972_2175/ESP_034972_2175_RED_A_01_ORTHO.JP2,1
Gully and Slope Monitoring,https://www.uahirise.org/PDS/DTM/ESP/ORB_050100_050199/ESP_050127_1445_ESP_020774_1445/DTEEC_050127_1445_020774_1445_G01.IMG,https://www.uahirise.org/PDS/DTM/ESP/ORB_050100_050199/ESP_050127_1445_ESP_020774_1445/ESP_050127_1445_RED_A_01_ORTHO.JP2,https://www.uahirise.org/PDS/DTM/ESP/ORB_050100_050199/ESP_050127_1445_ESP_020774_1445/ESP_020774_1445_RED_A_01_ORTHO.JP2,1
Distal Extent of Inverted Delta Material,https://www.uahirise.org/PDS/DTM/ESP/ORB_072600_072699/ESP_072690_1925_ESP_064631_1925/DTEED_072690_1925_064631_1925_A01.IMG,https://www.uahirise.org/PDS/DTM/ESP/ORB_072600_072699/ESP_072690_1925_ESP_064631_1925/ESP_072690_1925_RED_D_01_ORTHO.JP2,https://www.uahirise.org/PDS/DTM/ESP/ORB_072600_072699/ESP_072690_1925_ESP_064631_1925/ESP_064631_1925_RED_D_01_ORTHO.JP2,2
Fresh Crater,https://www.uahirise.org/PDS/DTM/ESP/ORB_025400_025499/ESP_025497_2355_ESP_025352_2355/DTEEC_025497_2355_025352_2355_A01.IMG,https://www.uahirise.org/PDS/DTM/ESP/ORB_025400_025499/ESP_025497_2355_ESP_025352_2355/ESP_025497_2355_RED_C_01_ORTHO.JP2,https://www.uahirise.org/PDS/DTM/ESP/ORB_025400_025499/ESP_025497_2355_ESP_025352_2355/ESP_025352_2355_RED_C_01_ORTHO.JP2,1
Landforms in Utopia Planitia,https://www.uahirise.org/PDS/DTM/ESP/ORB_052200_052299/ESP_052217_2135_ESP_045756_2135/DTEED_052217_2135_045756_2135_A01.IMG,https://www.uahirise.org/PDS/DTM/ESP/ORB_052200_052299/ESP_052217_2135_ESP_045756_2135/ESP_052217_2135_RED_D_01_ORTHO.JP2,https://www.uahirise.org/PDS/DTM/ESP/ORB_052200_052299/ESP_052217_2135_ESP_045756_2135/ESP_045756_2135_RED_D_01_ORTHO.JP2,2
Plates in Utopia Planitia,https://www.uahirise.org/PDS/DTM/ESP/ORB_071900_071999/ESP_071986_2125_ESP_071551_2125/DTEED_071986_2125_071551_2125_A01.IMG,https://www.uahirise.org/PDS/DTM/ESP/ORB_071900_071999/ESP_071986_2125_ESP_071551_2125/ESP_071986_2125_RED_D_01_ORTHO.JP2,https://www.uahirise.org/PDS/DTM/ESP/ORB_071900_071999/ESP_071986_2125_ESP_071551_2125/ESP_071551_2125_RED_D_01_ORTHO.JP2,2
Rift in Utopia Planitia,https://www.uahirise.org/PDS/DTM/ESP/ORB_052800_052899/ESP_052863_2125_ESP_045334_2125/DTEED_052863_2125_045334_2125_A01.IMG,https://www.uahirise.org/PDS/DTM/ESP/ORB_052800_052899/ESP_052863_2125_ESP_045334_2125/ESP_052863_2125_RED_D_01_ORTHO.JP2,https://www.uahirise.org/PDS/DTM/ESP/ORB_052800_052899/ESP_052863_2125_ESP_045334_2125/ESP_045334_2125_RED_D_01_ORTHO.JP2,2
Landforms in Utopia Planitia,https://www.uahirise.org/PDS/DTM/ESP/ORB_053800_053899/ESP_053865_2115_ESP_053575_2115/DTEEC_053865_2115_053575_2115_A01.IMG,https://www.uahirise.org/PDS/DTM/ESP/ORB_053800_053899/ESP_053865_2115_ESP_053575_2115/ESP_053865_2115_RED_C_01_ORTHO.JP2,https://www.uahirise.org/PDS/DTM/ESP/ORB_053800_053899/ESP_053865_2115_ESP_053575_2115/ESP_053575_2115_RED_C_01_ORTHO.JP2,1
Pitted Cones in Utopia Planitia,https://www.uahirise.org/PDS/DTM/ESP/ORB_050400_050499/ESP_050450_2120_ESP_059404_2120/DTEEC_050450_2120_059404_2120_A01.IMG,https://www.uahirise.org/PDS/DTM/ESP/ORB_050400_050499/ESP_050450_2120_ESP_059404_2120/ESP_050450_2120_RED_C_01_ORTHO.JP2,https://www.uahirise.org/PDS/DTM/ESP/ORB_050400_050499/ESP_050450_2120_ESP_059404_2120/ESP_059404_2120_RED_C_01_ORTHO.JP2,1
Landforms in Utopia Planitia,https://www.uahirise.org/PDS/DTM/ESP/ORB_048600_048699/ESP_048683_2120_ESP_049105_2120/DTEED_048683_2120_049105_2120_A01.IMG,https://www.uahirise.org/PDS/DTM/ESP/ORB_048600_048699/ESP_048683_2120_ESP_049105_2120/ESP_048683_2120_RED_D_01_ORTHO.JP2,https://www.uahirise.org/PDS/DTM/ESP/ORB_048600_048699/ESP_048683_2120_ESP_049105_2120/ESP_049105_2120_RED_D_01_ORTHO.JP2,2
Mini Cinder Cones in Aetheria Region,https://www.uahirise.org/PDS/DTM/ESP/ORB_044800_044899/ESP_044885_2055_ESP_043896_2055/DTEEC_044885_2055_043896_2055_A01.IMG,https://www.uahirise.org/PDS/DTM/ESP/ORB_044800_044899/ESP_044885_2055_ESP_043896_2055/ESP_044885_2055_RED_C_01_ORTHO.JP2,https://www.uahirise.org/PDS/DTM/ESP/ORB_044800_044899/ESP_044885_2055_ESP_043896_2055/ESP_043896_2055_RED_C_01_ORTHO.JP2,1
Noachis Terra Sand Dune Topography,https://www.uahirise.org/PDS/DTM/ESP/ORB_059900_059999/ESP_059975_1400_ESP_059619_1400/DTEEC_059975_1400_059619_1400_A01.IMG,https://www.uahirise.org/PDS/DTM/ESP/ORB_059900_059999/ESP_059975_1400_ESP_059619_1400/ESP_059975_1400_RED_C_01_ORTHO.JP2,https://www.uahirise.org/PDS/DTM/ESP/ORB_059900_059999/ESP_059975_1400_ESP_059619_1400/ESP_059619_1400_RED_C_01_ORTHO.JP2,1
Well-Preserved Crater in Galaxias Colles,https://www.uahirise.org/PDS/DTM/ESP/ORB_017400_017499/ESP_017482_2210_ESP_016981_2210/DTEEC_017482_2210_016981_2210_G01.IMG,https://www.uahirise.org/PDS/DTM/ESP/ORB_017400_017499/ESP_017482_2210_ESP_016981_2210/ESP_017482_2210_RED_A_01_ORTHO.JP2,https://www.uahirise.org/PDS/DTM/ESP/ORB_017400_017499/ESP_017482_2210_ESP_016981_2210/ESP_016981_2210_RED_A_01_ORTHO.JP2,1
Layered Blocks Leaning against Slopes in Deuteronilus Mensae,https://www.uahirise.org/PDS/DTM/ESP/ORB_027500_027599/ESP_027574_2245_ESP_028339_2245/DTEED_027574_2245_028339_2245_G01.IMG,https://www.uahirise.org/PDS/DTM/ESP/ORB_027500_027599/ESP_027574_2245_ESP_028339_2245/ESP_027574_2245_RED_B_01_ORTHO.JP2,https://www.uahirise.org/PDS/DTM/ESP/ORB_027500_027599/ESP_027574_2245_ESP_028339_2245/ESP_028339_2245_RED_A_01_ORTHO.JP2,2
Central Peak of Large Crater in Northwest Arabia Terra,https://www.uahirise.org/PDS/DTM/ESP/ORB_045400_045499/ESP_045443_2160_PSP_007664_2160/DTEEC_045443_2160_007664_2160_G01.IMG,https://www.uahirise.org/PDS/DTM/ESP/ORB_045400_045499/ESP_045443_2160_PSP_007664_2160/ESP_045443_2160_RED_A_01_ORTHO.JP2,https://www.uahirise.org/PDS/DTM/ESP/ORB_045400_045499/ESP_045443_2160_PSP_007664_2160/PSP_007664_2160_RED_A_01_ORTHO.JP2,1
Variety of Spider Terrain,https://www.uahirise.org/PDS/DTM/ESP/ORB_073100_073199/ESP_073183_0995_ESP_073184_0995/DTEPD_073183_0995_073184_0995_A01.IMG,https://www.uahirise.org/PDS/DTM/ESP/ORB_073100_073199/ESP_073183_0995_ESP_073184_0995/ESP_073183_0995_RED_D_01_ORTHO.JP2,https://www.uahirise.org/PDS/DTM/ESP/ORB_073100_073199/ESP_073183_0995_ESP_073184_0995/ESP_073184_0995_RED_D_01_ORTHO.JP2,2
The Eastern Floor of Aram Chaos,https://www.uahirise.org/PDS/DTM/ESP/ORB_024200_024299/ESP_024266_1830_ESP_023910_1830/DTEEC_024266_1830_023910_1830_A01.IMG,https://www.uahirise.org/PDS/DTM/ESP/ORB_024200_024299/ESP_024266_1830_ESP_023910_1830/ESP_024266_1830_RED_C_01_ORTHO.JP2,https://www.uahirise.org/PDS/DTM/ESP/ORB_024200_024299/ESP_024266_1830_ESP_023910_1830/ESP_023910_1830_RED_C_01_ORTHO.JP2,1
Crater with Steep Gullied Slopes,https://www.uahirise.org/PDS/DTM/ESP/ORB_041800_041899/ESP_041878_1460_ESP_041021_1460/DTEEC_041878_1460_041021_1460_G01.IMG,https://www.uahirise.org/PDS/DTM/ESP/ORB_041800_041899/ESP_041878_1460_ESP_041021_1460/ESP_041878_1460_RED_A_01_ORTHO.JP2,https://www.uahirise.org/PDS/DTM/ESP/ORB_041800_041899/ESP_041878_1460_ESP_041021_1460/ESP_041021_1460_RED_A_01_ORTHO.JP2,1
Utopia Planitia,https://www.uahirise.org/PDS/DTM/ESP/ORB_067500_067599/ESP_067580_2050_ESP_067844_2050/DTEEC_067580_2050_067844_2050_A01.IMG,https://www.uahirise.org/PDS/DTM/ESP/ORB_067500_067599/ESP_067580_2050_ESP_067844_2050/ESP_067580_2050_RED_C_01_ORTHO.JP2,https://www.uahirise.org/PDS/DTM/ESP/ORB_067500_067599/ESP_067580_2050_ESP_067844_2050/ESP_067844_2050_RED_C_01_ORTHO.JP2,1
Utopia Planitia,https://www.uahirise.org/PDS/DTM/ESP/ORB_066500_066599/ESP_066551_2050_ESP_066617_2050/DTEEC_066551_2050_066617_2050_A01.IMG,https://www.uahirise.org/PDS/DTM/ESP/ORB_066500_066599/ESP_066551_2050_ESP_066617_2050/ESP_066551_2050_RED_C_01_ORTHO.JP2,https://www.uahirise.org/PDS/DTM/ESP/ORB_066500_066599/ESP_066551_2050_ESP_066617_2050/ESP_066617_2050_RED_C_01_ORTHO.JP2,1
Fissure Near Cerberus Fossae with Tectonic Morphologies,https://www.uahirise.org/PDS/DTM/ESP/ORB_035000_035099/ESP_035006_1875_ESP_034716_1875/DTEEC_035006_1875_034716_1875_A01.IMG,https://www.uahirise.org/PDS/DTM/ESP/ORB_035000_035099/ESP_035006_1875_ESP_034716_1875/ESP_035006_1875_RED_C_01_ORTHO.JP2,https://www.uahirise.org/PDS/DTM/ESP/ORB_035000_035099/ESP_035006_1875_ESP_034716_1875/ESP_034716_1875_RED_C_01_ORTHO.JP2,1
Cross Section of Hummocks in Atlantis Chaos,https://www.uahirise.org/PDS/DTM/ESP/ORB_030300_030399/ESP_030351_1450_ESP_030061_1450/DTEEC_030351_1450_030061_1450_A01.IMG,https://www.uahirise.org/PDS/DTM/ESP/ORB_030300_030399/ESP_030351_1450_ESP_030061_1450/ESP_030351_1450_RED_C_01_ORTHO.JP2,https://www.uahirise.org/PDS/DTM/ESP/ORB_030300_030399/ESP_030351_1450_ESP_030061_1450/ESP_030061_1450_RED_C_01_ORTHO.JP2,1
Dunes on Slope in CTX Image,https://www.uahirise.org/PDS/DTM/ESP/ORB_046900_046999/ESP_046963_1745_ESP_029504_1745/DTEEC_046963_1745_029504_1745_A01.IMG,https://www.uahirise.org/PDS/DTM/ESP/ORB_046900_046999/ESP_046963_1745_ESP_029504_1745/ESP_046963_1745_RED_C_01_ORTHO.JP2,https://www.uahirise.org/PDS/DTM/ESP/ORB_046900_046999/ESP_046963_1745_ESP_029504_1745/ESP_029504_1745_RED_C_01_ORTHO.JP2,1
Gully Monitoring and Topography,https://www.uahirise.org/PDS/DTM/ESP/ORB_069800_069899/ESP_069895_2350_ESP_070528_2350/DTEEC_069895_2350_070528_2350_A01.IMG,https://www.uahirise.org/PDS/DTM/ESP/ORB_069800_069899/ESP_069895_2350_ESP_070528_2350/ESP_069895_2350_RED_C_01_ORTHO.JP2,https://www.uahirise.org/PDS/DTM/ESP/ORB_069800_069899/ESP_069895_2350_ESP_070528_2350/ESP_070528_2350_RED_C_01_ORTHO.JP2,1
Icy Scarp Monitoring,https://www.uahirise.org/PDS/DTM/ESP/ORB_070800_070899/ESP_070886_2390_ESP_070807_2390/DTEEC_070886_2390_070807_2390_A01.IMG,https://www.uahirise.org/PDS/DTM/ESP/ORB_070800_070899/ESP_070886_2390_ESP_070807_2390/ESP_070886_2390_RED_C_01_ORTHO.JP2,https://www.uahirise.org/PDS/DTM/ESP/ORB_070800_070899/ESP_070886_2390_ESP_070807_2390/ESP_070807_2390_RED_C_01_ORTHO.JP2,1
Sulfate Beds in Gale Crater with Possible Repeating Section,https://www.uahirise.org/PDS/DTM/ESP/ORB_012900_012999/ESP_012907_1745_ESP_013540_1745/DTEEC_012907_1745_013540_1745_A01.IMG,https://www.uahirise.org/PDS/DTM/ESP/ORB_012900_012999/ESP_012907_1745_ESP_013540_1745/ESP_012907_1745_RED_C_01_ORTHO.JP2,https://www.uahirise.org/PDS/DTM/ESP/ORB_012900_012999/ESP_012907_1745_ESP_013540_1745/ESP_013540_1745_RED_C_01_ORTHO.JP2,1
Exposure of Layers in South Gale Crater with Possible Sulfates,https://www.uahirise.org/PDS/DTM/ESP/ORB_014100_014199/ESP_014186_1745_ESP_020410_1745/DTEEC_014186_1745_020410_1745_A01.IMG,https://www.uahirise.org/PDS/DTM/ESP/ORB_014100_014199/ESP_014186_1745_ESP_020410_1745/ESP_014186_1745_RED_C_01_ORTHO.JP2,https://www.uahirise.org/PDS/DTM/ESP/ORB_014100_014199/ESP_014186_1745_ESP_020410_1745/ESP_020410_1745_RED_C_01_ORTHO.JP2,1
Fan Material at Alcove on Southwestern Aeolis Mons,https://www.uahirise.org/PDS/DTM/ESP/ORB_063300_063399/ESP_063319_1745_ESP_052242_1745/DTEEC_063319_1745_052242_1745_A01.IMG,https://www.uahirise.org/PDS/DTM/ESP/ORB_063300_063399/ESP_063319_1745_ESP_052242_1745/ESP_063319_1745_RED_C_01_ORTHO.JP2,https://www.uahirise.org/PDS/DTM/ESP/ORB_063300_063399/ESP_063319_1745_ESP_052242_1745/ESP_052242_1745_RED_C_01_ORTHO.JP2,1
Repeated Sulfate and Clay Beds in West Gale Crater,https://www.uahirise.org/PDS/DTM/ESP/ORB_017900_017999/ESP_017931_1745_ESP_017786_1745/DTEEC_017931_1745_017786_1745_A01.IMG,https://www.uahirise.org/PDS/DTM/ESP/ORB_017900_017999/ESP_017931_1745_ESP_017786_1745/ESP_017931_1745_RED_C_01_ORTHO.JP2,https://www.uahirise.org/PDS/DTM/ESP/ORB_017900_017999/ESP_017931_1745_ESP_017786_1745/ESP_017786_1745_RED_C_01_ORTHO.JP2,1
Slope Features in Arabia Terra,https://www.uahirise.org/PDS/DTM/ESP/ORB_057800_057899/ESP_057878_2115_ESP_058010_2115/DTEEC_057878_2115_058010_2115_A01.IMG,https://www.uahirise.org/PDS/DTM/ESP/ORB_057800_057899/ESP_057878_2115_ESP_058010_2115/ESP_057878_2115_RED_C_01_ORTHO.JP2,https://www.uahirise.org/PDS/DTM/ESP/ORB_057800_057899/ESP_057878_2115_ESP_058010_2115/ESP_058010_2115_RED_C_01_ORTHO.JP2,1
Pits in Mid-Latitude Mantle,https://www.uahirise.org/PDS/DTM/ESP/ORB_053300_053399/ESP_053320_2345_ESP_053241_2345/DTEEC_053320_2345_053241_2345_A01.IMG,https://www.uahirise.org/PDS/DTM/ESP/ORB_053300_053399/ESP_053320_2345_ESP_053241_2345/ESP_053320_2345_RED_C_01_ORTHO.JP2,https://www.uahirise.org/PDS/DTM/ESP/ORB_053300_053399/ESP_053320_2345_ESP_053241_2345/ESP_053241_2345_RED_C_01_ORTHO.JP2,1
Scarps in Milankovic Crater,https://www.uahirise.org/PDS/DTM/ESP/ORB_071000_071099/ESP_071085_2345_ESP_071006_2345/DTEEC_071085_2345_071006_2345_A01.IMG,https://www.uahirise.org/PDS/DTM/ESP/ORB_071000_071099/ESP_071085_2345_ESP_071006_2345/ESP_071085_2345_RED_C_01_ORTHO.JP2,https://www.uahirise.org/PDS/DTM/ESP/ORB_071000_071099/ESP_071085_2345_ESP_071006_2345/ESP_071006_2345_RED_C_01_ORTHO.JP2,1
Hardened Dunes in Arcadia Planitia,https://www.uahirise.org/PDS/DTM/ESP/ORB_038100_038199/ESP_038143_2205_ESP_055536_2205/DTEEC_038143_2205_055536_2205_A01.IMG,https://www.uahirise.org/PDS/DTM/ESP/ORB_038100_038199/ESP_038143_2205_ESP_055536_2205/ESP_038143_2205_RED_C_01_ORTHO.JP2,https://www.uahirise.org/PDS/DTM/ESP/ORB_038100_038199/ESP_038143_2205_ESP_055536_2205/ESP_055536_2205_RED_C_01_ORTHO.JP2,1
Chasma Boreale Megadunes,https://www.uahirise.org/PDS/DTM/ESP/ORB_062600_062699/ESP_062652_2630_ESP_062547_2630/DTEPC_062652_2630_062547_2630_A01.IMG,https://www.uahirise.org/PDS/DTM/ESP/ORB_062600_062699/ESP_062652_2630_ESP_062547_2630/ESP_062652_2630_RED_C_01_ORTHO.JP2,https://www.uahirise.org/PDS/DTM/ESP/ORB_062600_062699/ESP_062652_2630_ESP_062547_2630/ESP_062547_2630_RED_C_01_ORTHO.JP2,1
Gully Monitoring,https://www.uahirise.org/PDS/DTM/ESP/ORB_029400_029499/ESP_029475_1105_ESP_029396_1105/DTEPC_029475_1105_029396_1105_G01.IMG,https://www.uahirise.org/PDS/DTM/ESP/ORB_029400_029499/ESP_029475_1105_ESP_029396_1105/ESP_029475_1105_RED_A_01_ORTHO.JP2,https://www.uahirise.org/PDS/DTM/ESP/ORB_029400_029499/ESP_029475_1105_ESP_029396_1105/ESP_029396_1105_RED_A_01_ORTHO.JP2,1
Left Rim of Gullied Crater in Kaiser Crater,https://www.uahirise.org/PDS/DTM/ESP/ORB_040800_040899/ESP_040801_1335_ESP_058181_1335/DTEEC_040801_1335_058181_1335_G01.IMG,https://www.uahirise.org/PDS/DTM/ESP/ORB_040800_040899/ESP_040801_1335_ESP_058181_1335/ESP_040801_1335_RED_A_01_ORTHO.JP2,https://www.uahirise.org/PDS/DTM/ESP/ORB_040800_040899/ESP_040801_1335_ESP_058181_1335/ESP_058181_1335_RED_A_01_ORTHO.JP2,1
Light-Toned Gully Deposits in Hale Crater,https://www.uahirise.org/PDS/DTM/ESP/ORB_030000_030099/ESP_030003_1440_ESP_030214_1440/DTEED_030003_1440_030214_1440_G01.IMG,https://www.uahirise.org/PDS/DTM/ESP/ORB_030000_030099/ESP_030003_1440_ESP_030214_1440/ESP_030003_1440_RED_A_01_ORTHO.JP2,https://www.uahirise.org/PDS/DTM/ESP/ORB_030000_030099/ESP_030003_1440_ESP_030214_1440/ESP_030214_1440_RED_B_01_ORTHO.JP2,2
Crater Gully Morphology,https://www.uahirise.org/PDS/DTM/ESP/ORB_013800_013899/ESP_013815_1435_ESP_013670_1435/DTEEC_013815_1435_013670_1435_G01.IMG,https://www.uahirise.org/PDS/DTM/ESP/ORB_013800_013899/ESP_013815_1435_ESP_013670_1435/ESP_013815_1435_RED_A_01_ORTHO.JP2,https://www.uahirise.org/PDS/DTM/ESP/ORB_013800_013899/ESP_013815_1435_ESP_013670_1435/ESP_013670_1435_RED_A_01_ORTHO.JP2,1
Polar Pit Gullies,https://www.uahirise.org/PDS/DTM/ESP/ORB_030800_030899/ESP_030846_1085_ESP_021879_1085/DTEPC_030846_1085_021879_1085_G01.IMG,https://www.uahirise.org/PDS/DTM/ESP/ORB_030800_030899/ESP_030846_1085_ESP_021879_1085/ESP_030846_1085_RED_A_01_ORTHO.JP2,https://www.uahirise.org/PDS/DTM/ESP/ORB_030800_030899/ESP_030846_1085_ESP_021879_1085/ESP_021879_1085_RED_A_01_ORTHO.JP2,1
Flow-Like Feature within Chryse Planitia,https://www.uahirise.org/PDS/DTM/ESP/ORB_068000_068099/ESP_068034_2005_ESP_067150_2005/DTEED_068034_2005_067150_2005_G01.IMG,https://www.uahirise.org/PDS/DTM/ESP/ORB_068000_068099/ESP_068034_2005_ESP_067150_2005/ESP_068034_2005_RED_B_01_ORTHO.JP2,https://www.uahirise.org/PDS/DTM/ESP/ORB_068000_068099/ESP_068034_2005_ESP_067150_2005/ESP_067150_2005_RED_B_01_ORTHO.JP2,2
Multi-Pedestal Crater on Northern Plains,https://www.uahirise.org/PDS/DTM/ESP/ORB_018400_018499/ESP_018420_2375_ESP_017563_2375/DTEED_018420_2375_017563_2375_A01.IMG,https://www.uahirise.org/PDS/DTM/ESP/ORB_018400_018499/ESP_018420_2375_ESP_017563_2375/ESP_018420_2375_RED_D_01_ORTHO.JP2,https://www.uahirise.org/PDS/DTM/ESP/ORB_018400_018499/ESP_018420_2375_ESP_017563_2375/ESP_017563_2375_RED_D_01_ORTHO.JP2,2
Olivine-Rich Bedrock Exposed in Crater Wall in Tyrrhena Terra,https://www.uahirise.org/PDS/DTM/ESP/ORB_062900_062999/ESP_062992_1755_PSP_009323_1755/DTEEC_062992_1755_009323_1755_A01.IMG,https://www.uahirise.org/PDS/DTM/ESP/ORB_062900_062999/ESP_062992_1755_PSP_009323_1755/ESP_062992_1755_RED_C_01_ORTHO.JP2,https://www.uahirise.org/PDS/DTM/ESP/ORB_062900_062999/ESP_062992_1755_PSP_009323_1755/PSP_009323_1755_RED_C_01_ORTHO.JP2,1
Youthful Crater and Ejecta Visible in THEMIS Image I19322009,https://www.uahirise.org/PDS/DTM/ESP/ORB_027800_027899/ESP_027866_2320_ESP_026099_2320/DTEEC_027866_2320_026099_2320_A01.IMG,https://www.uahirise.org/PDS/DTM/ESP/ORB_027800_027899/ESP_027866_2320_ESP_026099_2320/ESP_027866_2320_RED_C_01_ORTHO.JP2,https://www.uahirise.org/PDS/DTM/ESP/ORB_027800_027899/ESP_027866_2320_ESP_026099_2320/ESP_026099_2320_RED_C_01_ORTHO.JP2,1
Barchan Dunes in Dulovo Crater Region,https://www.uahirise.org/PDS/DTM/ESP/ORB_027200_027299/ESP_027216_1835_ESP_019357_1835/DTEED_027216_1835_019357_1835_A01.IMG,https://www.uahirise.org/PDS/DTM/ESP/ORB_027200_027299/ESP_027216_1835_ESP_019357_1835/ESP_027216_1835_RED_D_01_ORTHO.JP2,https://www.uahirise.org/PDS/DTM/ESP/ORB_027200_027299/ESP_027216_1835_ESP_019357_1835/ESP_019357_1835_RED_D_01_ORTHO.JP2,2
Eastern Edge of Polar Pit Gullies,https://www.uahirise.org/PDS/DTM/ESP/ORB_057300_057399/ESP_057377_1115_ESP_057087_1115/DTEPC_057377_1115_057087_1115_G01.IMG,https://www.uahirise.org/PDS/DTM/ESP/ORB_057300_057399/ESP_057377_1115_ESP_057087_1115/ESP_057377_1115_RED_A_01_ORTHO.JP2,https://www.uahirise.org/PDS/DTM/ESP/ORB_057300_057399/ESP_057377_1115_ESP_057087_1115/ESP_057087_1115_RED_A_01_ORTHO.JP2,1
Gully Monitoring in Roseau Crater,https://www.uahirise.org/PDS/DTM/ESP/ORB_024100_024199/ESP_024115_1380_ESP_011509_1380/DTEEC_024115_1380_011509_1380_G01.IMG,https://www.uahirise.org/PDS/DTM/ESP/ORB_024100_024199/ESP_024115_1380_ESP_011509_1380/ESP_024115_1380_RED_A_01_ORTHO.JP2,https://www.uahirise.org/PDS/DTM/ESP/ORB_024100_024199/ESP_024115_1380_ESP_011509_1380/ESP_011509_1380_RED_A_01_ORTHO.JP2,1
Gullies,https://www.uahirise.org/PDS/DTM/ESP/ORB_013200_013299/ESP_013208_1445_ESP_012707_1445/DTEED_013208_1445_012707_1445_G01.IMG,https://www.uahirise.org/PDS/DTM/ESP/ORB_013200_013299/ESP_013208_1445_ESP_012707_1445/ESP_013208_1445_RED_B_01_ORTHO.JP2,https://www.uahirise.org/PDS/DTM/ESP/ORB_013200_013299/ESP_013208_1445_ESP_012707_1445/ESP_012707_1445_RED_B_01_ORTHO.JP2,2
Erosion of Steep Scarp of the South Polar Layered Deposits,https://www.uahirise.org/PDS/DTM/ESP/ORB_031000_031099/ESP_031078_1080_ESP_030854_1080/DTEPC_031078_1080_030854_1080_G01.IMG,https://www.uahirise.org/PDS/DTM/ESP/ORB_031000_031099/ESP_031078_1080_ESP_030854_1080/ESP_031078_1080_RED_A_01_ORTHO.JP2,https://www.uahirise.org/PDS/DTM/ESP/ORB_031000_031099/ESP_031078_1080_ESP_030854_1080/ESP_030854_1080_RED_A_01_ORTHO.JP2,1
Crater Ejecta Lower Than Plains,https://www.uahirise.org/PDS/DTM/ESP/ORB_018700_018799/ESP_018709_2290_ESP_019197_2290/DTEEC_018709_2290_019197_2290_G01.IMG,https://www.uahirise.org/PDS/DTM/ESP/ORB_018700_018799/ESP_018709_2290_ESP_019197_2290/ESP_018709_2290_RED_A_01_ORTHO.JP2,https://www.uahirise.org/PDS/DTM/ESP/ORB_018700_018799/ESP_018709_2290_ESP_019197_2290/ESP_019197_2290_RED_A_01_ORTHO.JP2,1
Arkhangelsky Crater Dunes,https://www.uahirise.org/PDS/DTM/ESP/ORB_023100_023199/ESP_023106_1390_ESP_022605_1390/DTEEC_023106_1390_022605_1390_A01.IMG,https://www.uahirise.org/PDS/DTM/ESP/ORB_023100_023199/ESP_023106_1390_ESP_022605_1390/ESP_023106_1390_RED_C_01_ORTHO.JP2,https://www.uahirise.org/PDS/DTM/ESP/ORB_023100_023199/ESP_023106_1390_ESP_022605_1390/ESP_022605_1390_RED_C_01_ORTHO.JP2,1
Lithified Dunes,https://www.uahirise.org/PDS/DTM/ESP/ORB_059400_059499/ESP_059410_1665_ESP_058698_1665/DTEEC_059410_1665_058698_1665_A01.IMG,https://www.uahirise.org/PDS/DTM/ESP/ORB_059400_059499/ESP_059410_1665_ESP_058698_1665/ESP_059410_1665_RED_C_01_ORTHO.JP2,https://www.uahirise.org/PDS/DTM/ESP/ORB_059400_059499/ESP_059410_1665_ESP_058698_1665/ESP_058698_1665_RED_C_01_ORTHO.JP2,1
Libya Montes Layered Deposits and Possible MSL Rover Landing Site,https://www.uahirise.org/PDS/DTM/ESP/ORB_022400_022499/ESP_022482_1830_ESP_022337_1830/DTEEC_022482_1830_022337_1830_A01.IMG,https://www.uahirise.org/PDS/DTM/ESP/ORB_022400_022499/ESP_022482_1830_ESP_022337_1830/ESP_022482_1830_RED_C_01_ORTHO.JP2,https://www.uahirise.org/PDS/DTM/ESP/ORB_022400_022499/ESP_022482_1830_ESP_022337_1830/ESP_022337_1830_RED_C_01_ORTHO.JP2,1
Apollinaris Sulci Ancient Dunes,https://www.uahirise.org/PDS/DTM/ESP/ORB_060100_060199/ESP_060166_1675_ESP_060443_1675/DTEEC_060166_1675_060443_1675_A01.IMG,https://www.uahirise.org/PDS/DTM/ESP/ORB_060100_060199/ESP_060166_1675_ESP_060443_1675/ESP_060166_1675_RED_C_01_ORTHO.JP2,https://www.uahirise.org/PDS/DTM/ESP/ORB_060100_060199/ESP_060166_1675_ESP_060443_1675/ESP_060443_1675_RED_C_01_ORTHO.JP2,1
Chasma Boreale Megadunes,https://www.uahirise.org/PDS/DTM/ESP/ORB_054000_054099/ESP_054067_2630_ESP_054107_2630/DTEPC_054067_2630_054107_2630_A01.IMG,https://www.uahirise.org/PDS/DTM/ESP/ORB_054000_054099/ESP_054067_2630_ESP_054107_2630/ESP_054067_2630_RED_C_01_ORTHO.JP2,https://www.uahirise.org/PDS/DTM/ESP/ORB_054000_054099/ESP_054067_2630_ESP_054107_2630/ESP_054107_2630_RED_C_01_ORTHO.JP2,1
Aeolian Source Layers Exposed in Western Abalos Scopuli,https://www.uahirise.org/PDS/DTM/ESP/ORB_053800_053899/ESP_053805_2610_ESP_053845_2610/DTEPC_053805_2610_053845_2610_A01.IMG,https://www.uahirise.org/PDS/DTM/ESP/ORB_053800_053899/ESP_053805_2610_ESP_053845_2610/ESP_053805_2610_RED_C_01_ORTHO.JP2,https://www.uahirise.org/PDS/DTM/ESP/ORB_053800_053899/ESP_053805_2610_ESP_053845_2610/ESP_053845_2610_RED_C_01_ORTHO.JP2,1
Slope Streaks in Arabia Terra,https://www.uahirise.org/PDS/DTM/ESP/ORB_071000_071099/ESP_071039_2070_ESP_070749_2070/DTEEC_071039_2070_070749_2070_A01.IMG,https://www.uahirise.org/PDS/DTM/ESP/ORB_071000_071099/ESP_071039_2070_ESP_070749_2070/ESP_071039_2070_RED_C_01_ORTHO.JP2,https://www.uahirise.org/PDS/DTM/ESP/ORB_071000_071099/ESP_071039_2070_ESP_070749_2070/ESP_070749_2070_RED_C_01_ORTHO.JP2,1
Landforms in Utopia Planitia,https://www.uahirise.org/PDS/DTM/ESP/ORB_070100_070199/ESP_070127_2120_ESP_069837_2120/DTEED_070127_2120_069837_2120_A01.IMG,https://www.uahirise.org/PDS/DTM/ESP/ORB_070100_070199/ESP_070127_2120_ESP_069837_2120/ESP_070127_2120_RED_D_01_ORTHO.JP2,https://www.uahirise.org/PDS/DTM/ESP/ORB_070100_070199/ESP_070127_2120_ESP_069837_2120/ESP_069837_2120_RED_D_01_ORTHO.JP2,2
Pitted Cones in Utopia Planitia,https://www.uahirise.org/PDS/DTM/ESP/ORB_048800_048899/ESP_048894_2090_ESP_049527_2090/DTEEC_048894_2090_049527_2090_A01.IMG,https://www.uahirise.org/PDS/DTM/ESP/ORB_048800_048899/ESP_048894_2090_ESP_049527_2090/ESP_048894_2090_RED_C_01_ORTHO.JP2,https://www.uahirise.org/PDS/DTM/ESP/ORB_048800_048899/ESP_048894_2090_ESP_049527_2090/ESP_049527_2090_RED_C_01_ORTHO.JP2,1
Trough in Phoenicis Lacus,https://www.uahirise.org/PDS/DTM/ESP/ORB_014300_014399/ESP_014327_1675_ESP_013971_1675/DTEEC_014327_1675_013971_1675_A01.IMG,https://www.uahirise.org/PDS/DTM/ESP/ORB_014300_014399/ESP_014327_1675_ESP_013971_1675/ESP_014327_1675_RED_C_01_ORTHO.JP2,https://www.uahirise.org/PDS/DTM/ESP/ORB_014300_014399/ESP_014327_1675_ESP_013971_1675/ESP_013971_1675_RED_C_01_ORTHO.JP2,1
Gullied Niquero Crater,https://www.uahirise.org/PDS/DTM/ESP/ORB_030000_030099/ESP_030021_1410_ESP_030443_1410/DTEED_030021_1410_030443_1410_U01.IMG,https://www.uahirise.org/PDS/DTM/ESP/ORB_030000_030099/ESP_030021_1410_ESP_030443_1410/ESP_030021_1410_RED_D_01_ORTHO.JP2,https://www.uahirise.org/PDS/DTM/ESP/ORB_030000_030099/ESP_030021_1410_ESP_030443_1410/ESP_030443_1410_RED_D_01_ORTHO.JP2,2
Utopia Planitia,https://www.uahirise.org/PDS/DTM/ESP/ORB_070200_070299/ESP_070298_2145_ESP_070865_2145/DTEED_070298_2145_070865_2145_A01.IMG,https://www.uahirise.org/PDS/DTM/ESP/ORB_070200_070299/ESP_070298_2145_ESP_070865_2145/ESP_070298_2145_RED_D_01_ORTHO.JP2,https://www.uahirise.org/PDS/DTM/ESP/ORB_070200_070299/ESP_070298_2145_ESP_070865_2145/ESP_070865_2145_RED_D_01_ORTHO.JP2,2
Large Yardangs Cut by Smaller Yardangs,https://www.uahirise.org/PDS/DTM/PSP/ORB_007400_007499/PSP_007460_1675_ESP_060021_1675/DTEED_007460_1675_060021_1675_A01.IMG,https://www.uahirise.org/PDS/DTM/PSP/ORB_007400_007499/PSP_007460_1675_ESP_060021_1675/PSP_007460_1675_RED_D_01_ORTHO.JP2,https://www.uahirise.org/PDS/DTM/PSP/ORB_007400_007499/PSP_007460_1675_ESP_060021_1675/ESP_060021_1675_RED_D_01_ORTHO.JP2,2
Martian Glaciers and Brain Terrain,https://www.uahirise.org/PDS/DTM/ESP/ORB_033100_033199/ESP_033165_2195_ESP_032875_2195/DTEEC_033165_2195_032875_2195_A01.IMG,https://www.uahirise.org/PDS/DTM/ESP/ORB_033100_033199/ESP_033165_2195_ESP_032875_2195/ESP_033165_2195_RED_C_01_ORTHO.JP2,https://www.uahirise.org/PDS/DTM/ESP/ORB_033100_033199/ESP_033165_2195_ESP_032875_2195/ESP_032875_2195_RED_C_01_ORTHO.JP2,1
Tributary Glacier-Like Feature with Parallel Lineations on Valley Wall,https://www.uahirise.org/PDS/DTM/PSP/ORB_009400_009499/PSP_009455_2215_PSP_008809_2215/DTEED_009455_2215_008809_2215_A01.IMG,https://www.uahirise.org/PDS/DTM/PSP/ORB_009400_009499/PSP_009455_2215_PSP_008809_2215/PSP_009455_2215_RED_D_01_ORTHO.JP2,https://www.uahirise.org/PDS/DTM/PSP/ORB_009400_009499/PSP_009455_2215_PSP_008809_2215/PSP_008809_2215_RED_D_01_ORTHO.JP2,2
Athabasca Valles Flood Erosion of Impact Crater,https://www.uahirise.org/PDS/DTM/ESP/ORB_013100_013199/ESP_013104_1895_ESP_012959_1895/DTEEC_013104_1895_012959_1895_U01.IMG,https://www.uahirise.org/PDS/DTM/ESP/ORB_013100_013199/ESP_013104_1895_ESP_012959_1895/ESP_013104_1895_RED_C_01_ORTHO.JP2,https://www.uahirise.org/PDS/DTM/ESP/ORB_013100_013199/ESP_013104_1895_ESP_012959_1895/ESP_012959_1895_RED_C_01_ORTHO.JP2,1
Scalloped Surface in Utopia Region,https://www.uahirise.org/PDS/DTM/ESP/ORB_028600_028699/ESP_028653_2265_ESP_036802_2265/DTEEC_028653_2265_036802_2265_A01.IMG,https://www.uahirise.org/PDS/DTM/ESP/ORB_028600_028699/ESP_028653_2265_ESP_036802_2265/ESP_028653_2265_RED_C_01_ORTHO.JP2,https://www.uahirise.org/PDS/DTM/ESP/ORB_028600_028699/ESP_028653_2265_ESP_036802_2265/ESP_036802_2265_RED_C_01_ORTHO.JP2,1
Small Channel Winding between Knobs in Tartarus Colles,https://www.uahirise.org/PDS/DTM/ESP/ORB_069100_069199/ESP_069174_2045_PSP_001420_2045/DTEEC_069174_2045_001420_2045_A01.IMG,https://www.uahirise.org/PDS/DTM/ESP/ORB_069100_069199/ESP_069174_2045_PSP_001420_2045/ESP_069174_2045_RED_C_01_ORTHO.JP2,https://www.uahirise.org/PDS/DTM/ESP/ORB_069100_069199/ESP_069174_2045_PSP_001420_2045/PSP_001420_2045_RED_C_01_ORTHO.JP2,1
Stratigraphy Exposed in Walls of Hephaestus Fossae,https://www.uahirise.org/PDS/DTM/ESP/ORB_069000_069099/ESP_069071_2020_ESP_063847_2020/DTEEC_069071_2020_063847_2020_A01.IMG,https://www.uahirise.org/PDS/DTM/ESP/ORB_069000_069099/ESP_069071_2020_ESP_063847_2020/ESP_069071_2020_RED_C_01_ORTHO.JP2,https://www.uahirise.org/PDS/DTM/ESP/ORB_069000_069099/ESP_069071_2020_ESP_063847_2020/ESP_063847_2020_RED_C_01_ORTHO.JP2,1
Possible Carbonate in Libya Montes Region,https://www.uahirise.org/PDS/DTM/ESP/ORB_039200_039299/ESP_039216_1835_ESP_039849_1835/DTEEC_039216_1835_039849_1835_A01.IMG,https://www.uahirise.org/PDS/DTM/ESP/ORB_039200_039299/ESP_039216_1835_ESP_039849_1835/ESP_039216_1835_RED_C_01_ORTHO.JP2,https://www.uahirise.org/PDS/DTM/ESP/ORB_039200_039299/ESP_039216_1835_ESP_039849_1835/ESP_039849_1835_RED_C_01_ORTHO.JP2,1
Possible Phyllosilicates in Libya Montes,https://www.uahirise.org/PDS/DTM/ESP/ORB_017600_017699/ESP_017656_1835_ESP_034930_1835/DTEEC_017656_1835_034930_1835_A01.IMG,https://www.uahirise.org/PDS/DTM/ESP/ORB_017600_017699/ESP_017656_1835_ESP_034930_1835/ESP_017656_1835_RED_C_01_ORTHO.JP2,https://www.uahirise.org/PDS/DTM/ESP/ORB_017600_017699/ESP_017656_1835_ESP_034930_1835/ESP_034930_1835_RED_C_01_ORTHO.JP2,1
Tianwen-1 Lander and Zhurong Rover in Southern Utopia Planitia,https://www.uahirise.org/PDS/DTM/ESP/ORB_069600_069699/ESP_069665_2055_ESP_069731_2055/DTEEC_069665_2055_069731_2055_A01.IMG,https://www.uahirise.org/PDS/DTM/ESP/ORB_069600_069699/ESP_069665_2055_ESP_069731_2055/ESP_069665_2055_RED_C_01_ORTHO.JP2,https://www.uahirise.org/PDS/DTM/ESP/ORB_069600_069699/ESP_069665_2055_ESP_069731_2055/ESP_069731_2055_RED_C_01_ORTHO.JP2,1
Very Well-Preserved 900-Meter Northern Plains Crater,https://www.uahirise.org/PDS/DTM/ESP/ORB_068700_068799/ESP_068700_2420_ESP_068687_2420/DTEEC_068700_2420_068687_2420_A01.IMG,https://www.uahirise.org/PDS/DTM/ESP/ORB_068700_068799/ESP_068700_2420_ESP_068687_2420/ESP_068700_2420_IRB_C_01_ORTHO.JP2,https://www.uahirise.org/PDS/DTM/ESP/ORB_068700_068799/ESP_068700_2420_ESP_068687_2420/ESP_068687_2420_RED_C_01_ORTHO.JP2,0.99
Apollinaris Sulci Indurated Dunes,https://www.uahirise.org/PDS/DTM/ESP/ORB_024400_024499/ESP_024483_1675_ESP_024127_1675/DTEEC_024483_1675_024127_1675_A01.IMG,https://www.uahirise.org/PDS/DTM/ESP/ORB_024400_024499/ESP_024483_1675_ESP_024127_1675/ESP_024483_1675_RED_C_01_ORTHO.JP2,https://www.uahirise.org/PDS/DTM/ESP/ORB_024400_024499/ESP_024483_1675_ESP_024127_1675/ESP_024127_1675_RED_C_01_ORTHO.JP2,1.01
Depositional Fan in Hargraves Crater,https://www.uahirise.org/PDS/DTM/ESP/ORB_042900_042999/ESP_042961_2010_ESP_042816_2010/DTEEC_042961_2010_042816_2010_A01.IMG,https://www.uahirise.org/PDS/DTM/ESP/ORB_042900_042999/ESP_042961_2010_ESP_042816_2010/ESP_042961_2010_RED_C_01_ORTHO.JP2,https://www.uahirise.org/PDS/DTM/ESP/ORB_042900_042999/ESP_042961_2010_ESP_042816_2010/ESP_042816_2010_RED_C_01_ORTHO.JP2,1
Scarp,https://www.uahirise.org/PDS/DTM/ESP/ORB_057300_057399/ESP_057321_1220_ESP_057453_1220/DTEEC_057321_1220_057453_1220_A01.IMG,https://www.uahirise.org/PDS/DTM/ESP/ORB_057300_057399/ESP_057321_1220_ESP_057453_1220/ESP_057321_1220_RED_C_01_ORTHO.JP2,https://www.uahirise.org/PDS/DTM/ESP/ORB_057300_057399/ESP_057321_1220_ESP_057453_1220/ESP_057453_1220_RED_C_01_ORTHO.JP2,0.99
Erosional Scarp in Mid-Latitude Mantle,https://www.uahirise.org/PDS/DTM/ESP/ORB_057700_057799/ESP_057782_1245_ESP_057571_1245/DTEEC_057782_1245_057571_1245_A01.IMG,https://www.uahirise.org/PDS/DTM/ESP/ORB_057700_057799/ESP_057782_1245_ESP_057571_1245/ESP_057782_1245_RED_C_01_ORTHO.JP2,https://www.uahirise.org/PDS/DTM/ESP/ORB_057700_057799/ESP_057782_1245_ESP_057571_1245/ESP_057571_1245_RED_C_01_ORTHO.JP2,0.99
Echus Chasma Layered Deposits,https://www.uahirise.org/PDS/DTM/ESP/ORB_042600_042699/ESP_042624_1790_ESP_069316_1790/DTEEC_042624_1790_069316_1790_A01.IMG,https://www.uahirise.org/PDS/DTM/ESP/ORB_042600_042699/ESP_042624_1790_ESP_069316_1790/ESP_042624_1790_RED_C_01_ORTHO.JP2,https://www.uahirise.org/PDS/DTM/ESP/ORB_042600_042699/ESP_042624_1790_ESP_069316_1790/ESP_069316_1790_RED_C_01_ORTHO.JP2,1.01
Dunes and Steep Slopes in Coprates Chasma,https://www.uahirise.org/PDS/DTM/ESP/ORB_060300_060399/ESP_060333_1660_ESP_060188_1660/DTEEC_060333_1660_060188_1660_A01.IMG,https://www.uahirise.org/PDS/DTM/ESP/ORB_060300_060399/ESP_060333_1660_ESP_060188_1660/ESP_060333_1660_RED_C_01_ORTHO.JP2,https://www.uahirise.org/PDS/DTM/ESP/ORB_060300_060399/ESP_060333_1660_ESP_060188_1660/ESP_060188_1660_RED_C_01_ORTHO.JP2,1.01
Candidate Recent Impact Site,https://www.uahirise.org/PDS/DTM/ESP/ORB_046700_046799/ESP_046707_2220_ESP_055146_2220/DTEEC_046707_2220_055146_2220_A01.IMG,https://www.uahirise.org/PDS/DTM/ESP/ORB_046700_046799/ESP_046707_2220_ESP_055146_2220/ESP_046707_2220_RED_C_01_ORTHO.JP2,https://www.uahirise.org/PDS/DTM/ESP/ORB_046700_046799/ESP_046707_2220_ESP_055146_2220/ESP_055146_2220_RED_C_01_ORTHO.JP2,1
Hill Southeast of Jezero Crater,https://www.uahirise.org/PDS/DTM/ESP/ORB_042300_042399/ESP_042328_1985_ESP_033150_1985/DTEED_042328_1985_033150_1985_A01.IMG,https://www.uahirise.org/PDS/DTM/ESP/ORB_042300_042399/ESP_042328_1985_ESP_033150_1985/ESP_042328_1985_RED_D_01_ORTHO.JP2,https://www.uahirise.org/PDS/DTM/ESP/ORB_042300_042399/ESP_042328_1985_ESP_033150_1985/ESP_033150_1985_RED_D_01_ORTHO.JP2,2.01
Possible MSL Rover Landing Site near Jezero Crater,https://www.uahirise.org/PDS/DTM/ESP/ORB_022600_022699/ESP_022680_1985_ESP_022746_1985/DTEEC_022680_1985_022746_1985_A01.IMG,https://www.uahirise.org/PDS/DTM/ESP/ORB_022600_022699/ESP_022680_1985_ESP_022746_1985/ESP_022680_1985_RED_C_01_ORTHO.JP2,https://www.uahirise.org/PDS/DTM/ESP/ORB_022600_022699/ESP_022680_1985_ESP_022746_1985/ESP_022746_1985_RED_C_01_ORTHO.JP2,1
Scarp in Mid-Latitudes,https://www.uahirise.org/PDS/DTM/ESP/ORB_057800_057899/ESP_057809_1215_ESP_057598_1215/DTEEC_057809_1215_057598_1215_A01.IMG,https://www.uahirise.org/PDS/DTM/ESP/ORB_057800_057899/ESP_057809_1215_ESP_057598_1215/ESP_057809_1215_RED_C_01_ORTHO.JP2,https://www.uahirise.org/PDS/DTM/ESP/ORB_057800_057899/ESP_057809_1215_ESP_057598_1215/ESP_057598_1215_RED_C_01_ORTHO.JP2,0.99
Scarp in Mid-Latitude Mantle,https://www.uahirise.org/PDS/DTM/ESP/ORB_057600_057699/ESP_057677_1230_ESP_057466_1230/DTEEC_057677_1230_057466_1230_A01.IMG,https://www.uahirise.org/PDS/DTM/ESP/ORB_057600_057699/ESP_057677_1230_ESP_057466_1230/ESP_057677_1230_RED_C_01_ORTHO.JP2,https://www.uahirise.org/PDS/DTM/ESP/ORB_057600_057699/ESP_057677_1230_ESP_057466_1230/ESP_057466_1230_RED_C_01_ORTHO.JP2,0.99
Very Interesting Circular Layered Form -Crater Filled with Layered Deposits,https://www.uahirise.org/PDS/DTM/PSP/ORB_001900_001999/PSP_001981_1825_PSP_002258_1825/DTEEC_001981_1825_002258_1825_H01.IMG,https://www.uahirise.org/PDS/DTM/PSP/ORB_001900_001999/PSP_001981_1825_PSP_002258_1825/PSP_001981_1825_RED_C_01_ORTHO.JP2,https://www.uahirise.org/PDS/DTM/PSP/ORB_001900_001999/PSP_001981_1825_PSP_002258_1825/PSP_002258_1825_RED_C_01_ORTHO.JP2,1.01
Cross-Bedding in Layers on Steep Scarp,https://www.uahirise.org/PDS/DTM/ESP/ORB_055300_055399/ESP_055357_1540_PSP_003799_1540/DTEEC_055357_1540_003799_1540_H01.IMG,https://www.uahirise.org/PDS/DTM/ESP/ORB_055300_055399/ESP_055357_1540_PSP_003799_1540/ESP_055357_1540_RED_A_01_ORTHO.JP2,https://www.uahirise.org/PDS/DTM/ESP/ORB_055300_055399/ESP_055357_1540_PSP_003799_1540/PSP_003799_1540_RED_A_01_ORTHO.JP2,1
Recent 6-Kilometer Diameter Crater in Northern Plains,https://www.uahirise.org/PDS/DTM/ESP/ORB_028700_028799/ESP_028714_2235_ESP_020156_2235/DTEEC_028714_2235_020156_2235_H01.IMG,https://www.uahirise.org/PDS/DTM/ESP/ORB_028700_028799/ESP_028714_2235_ESP_020156_2235/ESP_028714_2235_RED_A_01_ORTHO.JP2,https://www.uahirise.org/PDS/DTM/ESP/ORB_028700_028799/ESP_028714_2235_ESP_020156_2235/ESP_020156_2235_RED_A_01_ORTHO.JP2,1
Chaos Material North of Hydaspis Chaos,https://www.uahirise.org/PDS/DTM/ESP/ORB_058700_058799/ESP_058736_1850_ESP_057879_1850/DTEEC_058736_1850_057879_1850_H01.IMG,https://www.uahirise.org/PDS/DTM/ESP/ORB_058700_058799/ESP_058736_1850_ESP_057879_1850/ESP_058736_1850_RED_A_01_ORTHO.JP2,https://www.uahirise.org/PDS/DTM/ESP/ORB_058700_058799/ESP_058736_1850_ESP_057879_1850/ESP_057879_1850_RED_A_01_ORTHO.JP2,1.01
Chaos on the Floor of Candor Chasma,https://www.uahirise.org/PDS/DTM/ESP/ORB_016600_016699/ESP_016686_1735_ESP_017108_1735/DTEED_016686_1735_017108_1735_H01.IMG,https://www.uahirise.org/PDS/DTM/ESP/ORB_016600_016699/ESP_016686_1735_ESP_017108_1735/ESP_016686_1735_RED_C_01_ORTHO.JP2,https://www.uahirise.org/PDS/DTM/ESP/ORB_016600_016699/ESP_016686_1735_ESP_017108_1735/ESP_017108_1735_RED_C_01_ORTHO.JP2,2.02
Candidate ExoMars Landing Site in Oxia Palus,https://www.uahirise.org/PDS/DTM/ESP/ORB_058300_058399/ESP_058380_1985_ESP_040921_1985/DTEEC_058380_1985_040921_1985_H01.IMG,https://www.uahirise.org/PDS/DTM/ESP/ORB_058300_058399/ESP_058380_1985_ESP_040921_1985/ESP_058380_1985_RED_A_01_ORTHO.JP2,https://www.uahirise.org/PDS/DTM/ESP/ORB_058300_058399/ESP_058380_1985_ESP_040921_1985/ESP_040921_1985_RED_A_01_ORTHO.JP2,1
Candidate ExoMars Landing Site in Oxia Planum,https://www.uahirise.org/PDS/DTM/ESP/ORB_063800_063899/ESP_063839_1980_ESP_064261_1980/DTEEC_063839_1980_064261_1980_H01.IMG,https://www.uahirise.org/PDS/DTM/ESP/ORB_063800_063899/ESP_063839_1980_ESP_064261_1980/ESP_063839_1980_RED_A_01_ORTHO.JP2,https://www.uahirise.org/PDS/DTM/ESP/ORB_063800_063899/ESP_063839_1980_ESP_064261_1980/ESP_064261_1980_RED_A_01_ORTHO.JP2,1
Exposure of North Polar Layered Deposits,https://www.uahirise.org/PDS/DTM/ESP/ORB_053400_053499/ESP_053454_2670_ESP_053429_2670/DTEPC_053454_2670_053429_2670_A01.IMG,https://www.uahirise.org/PDS/DTM/ESP/ORB_053400_053499/ESP_053454_2670_ESP_053429_2670/ESP_053454_2670_RED_C_01_ORTHO.JP2,https://www.uahirise.org/PDS/DTM/ESP/ORB_053400_053499/ESP_053454_2670_ESP_053429_2670/ESP_053429_2670_RED_C_01_ORTHO.JP2,1
Exposure of Polar Layered Deposits Not Well Covered by Mars Global Surveyor,https://www.uahirise.org/PDS/DTM/PSP/ORB_001300_001399/PSP_001342_2680_PSP_001568_2680/DTEPC_001342_2680_001568_2680_A01.IMG,https://www.uahirise.org/PDS/DTM/PSP/ORB_001300_001399/PSP_001342_2680_PSP_001568_2680/PSP_001342_2680_RED_C_01_ORTHO.JP2,https://www.uahirise.org/PDS/DTM/PSP/ORB_001300_001399/PSP_001342_2680_PSP_001568_2680/PSP_001568_2680_RED_C_01_ORTHO.JP2,1
Exposure of Polar Layered Deposits in Area Not Well Observed,https://www.uahirise.org/PDS/DTM/PSP/ORB_009400_009499/PSP_009400_2685_PSP_009359_2715/DTEPC_009400_2685_009359_2715_A01.IMG,https://www.uahirise.org/PDS/DTM/PSP/ORB_009400_009499/PSP_009400_2685_PSP_009359_2715/PSP_009400_2685_RED_C_01_ORTHO.JP2,https://www.uahirise.org/PDS/DTM/PSP/ORB_009400_009499/PSP_009400_2685_PSP_009359_2715/PSP_009359_2715_RED_C_01_ORTHO.JP2,1
High-Latitude Exposure of North Polar Layered Deposits,https://www.uahirise.org/PDS/DTM/ESP/ORB_045500_045599/ESP_045547_2690_ESP_045443_2690/DTEPD_045547_2690_045443_2690_A01.IMG,https://www.uahirise.org/PDS/DTM/ESP/ORB_045500_045599/ESP_045547_2690_ESP_045443_2690/ESP_045547_2690_RED_D_01_ORTHO.JP2,https://www.uahirise.org/PDS/DTM/ESP/ORB_045500_045599/ESP_045547_2690_ESP_045443_2690/ESP_045443_2690_RED_D_01_ORTHO.JP2,2
Landforms in Utopia Planitia,https://www.uahirise.org/PDS/DTM/ESP/ORB_060100_060199/ESP_060116_2120_ESP_050806_2120/DTEED_060116_2120_050806_2120_A01.IMG,https://www.uahirise.org/PDS/DTM/ESP/ORB_060100_060199/ESP_060116_2120_ESP_050806_2120/ESP_060116_2120_RED_D_01_ORTHO.JP2,https://www.uahirise.org/PDS/DTM/ESP/ORB_060100_060199/ESP_060116_2120_ESP_050806_2120/ESP_050806_2120_RED_D_01_ORTHO.JP2,2.01
Rifts and Pitted Cones in Utopia Planitia,https://www.uahirise.org/PDS/DTM/ESP/ORB_045000_045099/ESP_045057_2120_ESP_052006_2120/DTEED_045057_2120_052006_2120_A01.IMG,https://www.uahirise.org/PDS/DTM/ESP/ORB_045000_045099/ESP_045057_2120_ESP_052006_2120/ESP_045057_2120_RED_D_01_ORTHO.JP2,https://www.uahirise.org/PDS/DTM/ESP/ORB_045000_045099/ESP_045057_2120_ESP_052006_2120/ESP_052006_2120_RED_D_01_ORTHO.JP2,2.01
Dark Deposits in Gullies in Ariadnes Colles,https://www.uahirise.org/PDS/DTM/ESP/ORB_013300_013399/ESP_013341_1455_ESP_013763_1455/DTEEC_013341_1455_013763_1455_G01.IMG,https://www.uahirise.org/PDS/DTM/ESP/ORB_013300_013399/ESP_013341_1455_ESP_013763_1455/ESP_013341_1455_RED_A_01_ORTHO.JP2,https://www.uahirise.org/PDS/DTM/ESP/ORB_013300_013399/ESP_013341_1455_ESP_013763_1455/ESP_013763_1455_RED_A_01_ORTHO.JP2,1
Gully Monitoring,https://www.uahirise.org/PDS/DTM/ESP/ORB_050100_050199/ESP_050125_1480_ESP_050046_1480/DTEED_050125_1480_050046_1480_G01.IMG,https://www.uahirise.org/PDS/DTM/ESP/ORB_050100_050199/ESP_050125_1480_ESP_050046_1480/ESP_050125_1480_RED_B_01_ORTHO.JP2,https://www.uahirise.org/PDS/DTM/ESP/ORB_050100_050199/ESP_050125_1480_ESP_050046_1480/ESP_050046_1480_RED_B_01_ORTHO.JP2,1.91
Gullies in Southern Hemisphere Crater,https://www.uahirise.org/PDS/DTM/ESP/ORB_013800_013899/ESP_013894_1410_ESP_013749_1410/DTEEC_013894_1410_013749_1410_G01.IMG,https://www.uahirise.org/PDS/DTM/ESP/ORB_013800_013899/ESP_013894_1410_ESP_013749_1410/ESP_013894_1410_RED_A_01_ORTHO.JP2,https://www.uahirise.org/PDS/DTM/ESP/ORB_013800_013899/ESP_013894_1410_ESP_013749_1410/ESP_013749_1410_RED_A_01_ORTHO.JP2,1
Gullies in Southern Hemisphere Crater,https://www.uahirise.org/PDS/DTM/ESP/ORB_065900_065999/ESP_065915_1410_ESP_066047_1410/DTEEC_065915_1410_066047_1410_G01.IMG,https://www.uahirise.org/PDS/DTM/ESP/ORB_065900_065999/ESP_065915_1410_ESP_066047_1410/ESP_065915_1410_RED_A_01_ORTHO.JP2,https://www.uahirise.org/PDS/DTM/ESP/ORB_065900_065999/ESP_065915_1410_ESP_066047_1410/ESP_066047_1410_RED_A_01_ORTHO.JP2,1
Slope Monitoring,https://www.uahirise.org/PDS/DTM/ESP/ORB_057700_057799/ESP_057766_1415_ESP_057278_1415/DTEEC_057766_1415_057278_1415_G01.IMG,https://www.uahirise.org/PDS/DTM/ESP/ORB_057700_057799/ESP_057766_1415_ESP_057278_1415/ESP_057766_1415_RED_A_01_ORTHO.JP2,https://www.uahirise.org/PDS/DTM/ESP/ORB_057700_057799/ESP_057766_1415_ESP_057278_1415/ESP_057278_1415_RED_A_01_ORTHO.JP2,1
Well-Preserved Impact Crater with Steep Slopes,https://www.uahirise.org/PDS/DTM/ESP/ORB_032900_032999/ESP_032975_1415_ESP_033041_1415/DTEEC_032975_1415_033041_1415_G01.IMG,https://www.uahirise.org/PDS/DTM/ESP/ORB_032900_032999/ESP_032975_1415_ESP_033041_1415/ESP_032975_1415_RED_A_01_ORTHO.JP2,https://www.uahirise.org/PDS/DTM/ESP/ORB_032900_032999/ESP_032975_1415_ESP_033041_1415/ESP_033041_1415_RED_A_01_ORTHO.JP2,1
Bedform Change Detection in Aeolis Mensae,https://www.uahirise.org/PDS/DTM/ESP/ORB_041000_041099/ESP_041086_1720_ESP_039596_1720/DTEEC_041086_1720_039596_1720_A01.IMG,https://www.uahirise.org/PDS/DTM/ESP/ORB_041000_041099/ESP_041086_1720_ESP_039596_1720/ESP_041086_1720_RED_C_01_ORTHO.JP2,https://www.uahirise.org/PDS/DTM/ESP/ORB_041000_041099/ESP_041086_1720_ESP_039596_1720/ESP_039596_1720_RED_C_01_ORTHO.JP2,1.01
Mounds on North Polar Residual Ice,https://www.uahirise.org/PDS/DTM/ESP/ORB_062600_062699/ESP_062660_2620_ESP_062344_2620/DTEPC_062660_2620_062344_2620_A01.IMG,https://www.uahirise.org/PDS/DTM/ESP/ORB_062600_062699/ESP_062660_2620_ESP_062344_2620/ESP_062660_2620_RED_C_01_ORTHO.JP2,https://www.uahirise.org/PDS/DTM/ESP/ORB_062600_062699/ESP_062660_2620_ESP_062344_2620/ESP_062344_2620_RED_C_01_ORTHO.JP2,1
Feature on South Polar Layered Deposits,https://www.uahirise.org/PDS/DTM/ESP/ORB_067100_067199/ESP_067143_0920_ESP_066960_0920/DTEPC_067143_0920_066960_0920_A01.IMG,https://www.uahirise.org/PDS/DTM/ESP/ORB_067100_067199/ESP_067143_0920_ESP_066960_0920/ESP_067143_0920_RED_C_01_ORTHO.JP2,https://www.uahirise.org/PDS/DTM/ESP/ORB_067100_067199/ESP_067143_0920_ESP_066960_0920/ESP_066960_0920_RED_C_01_ORTHO.JP2,1
Eroded Bedrock in Terra Sirenum,https://www.uahirise.org/PDS/DTM/ESP/ORB_045200_045299/ESP_045238_1525_ESP_051976_1525/DTEED_045238_1525_051976_1525_A01.IMG,https://www.uahirise.org/PDS/DTM/ESP/ORB_045200_045299/ESP_045238_1525_ESP_051976_1525/ESP_045238_1525_RED_D_01_ORTHO.JP2,https://www.uahirise.org/PDS/DTM/ESP/ORB_045200_045299/ESP_045238_1525_ESP_051976_1525/ESP_051976_1525_RED_D_01_ORTHO.JP2,2.01
South Polar Region Dubbed Inca City,https://www.uahirise.org/PDS/DTM/ESP/ORB_041100_041199/ESP_041121_0985_ESP_041029_0985/DTEPC_041121_0985_041029_0985_A01.IMG,https://www.uahirise.org/PDS/DTM/ESP/ORB_041100_041199/ESP_041121_0985_ESP_041029_0985/ESP_041121_0985_RED_C_01_ORTHO.JP2,https://www.uahirise.org/PDS/DTM/ESP/ORB_041100_041199/ESP_041121_0985_ESP_041029_0985/ESP_041029_0985_RED_C_01_ORTHO.JP2,1
High-Latitude Exposure of North Polar Layered Deposits,https://www.uahirise.org/PDS/DTM/PSP/ORB_009500_009599/PSP_009584_2675_PSP_009757_2675/DTEPD_009584_2675_009757_2675_A01.IMG,https://www.uahirise.org/PDS/DTM/PSP/ORB_009500_009599/PSP_009584_2675_PSP_009757_2675/PSP_009584_2675_RED_D_01_ORTHO.JP2,https://www.uahirise.org/PDS/DTM/PSP/ORB_009500_009599/PSP_009584_2675_PSP_009757_2675/PSP_009757_2675_RED_D_01_ORTHO.JP2,2
High-Latitude Exposure of North Polar Layered Deposits,https://www.uahirise.org/PDS/DTM/ESP/ORB_018300_018399/ESP_018380_2680_ESP_018605_2680/DTEPD_018380_2680_018605_2680_A01.IMG,https://www.uahirise.org/PDS/DTM/ESP/ORB_018300_018399/ESP_018380_2680_ESP_018605_2680/ESP_018380_2680_RED_D_01_ORTHO.JP2,https://www.uahirise.org/PDS/DTM/ESP/ORB_018300_018399/ESP_018380_2680_ESP_018605_2680/ESP_018605_2680_RED_D_01_ORTHO.JP2,2
High-Latitude Exposure of North Polar Layered Deposits,https://www.uahirise.org/PDS/DTM/ESP/ORB_045400_045499/ESP_045454_2685_ESP_045943_2685/DTEPD_045454_2685_045943_2685_A01.IMG,https://www.uahirise.org/PDS/DTM/ESP/ORB_045400_045499/ESP_045454_2685_ESP_045943_2685/ESP_045454_2685_RED_D_01_ORTHO.JP2,https://www.uahirise.org/PDS/DTM/ESP/ORB_045400_045499/ESP_045454_2685_ESP_045943_2685/ESP_045943_2685_RED_D_01_ORTHO.JP2,2
Pit in Hephaestus Fossae,https://www.uahirise.org/PDS/DTM/ESP/ORB_055200_055299/ESP_055209_2015_ESP_060260_2015/DTEEC_055209_2015_060260_2015_U01.IMG,https://www.uahirise.org/PDS/DTM/ESP/ORB_055200_055299/ESP_055209_2015_ESP_060260_2015/ESP_055209_2015_RED_C_01_ORTHO.JP2,https://www.uahirise.org/PDS/DTM/ESP/ORB_055200_055299/ESP_055209_2015_ESP_060260_2015/ESP_060260_2015_RED_C_01_ORTHO.JP2,1
Gullies in Crater in Terra Sirenum,https://www.uahirise.org/PDS/DTM/ESP/ORB_013500_013599/ESP_013578_1505_ESP_030984_1505/DTEEC_013578_1505_030984_1505_U01.IMG,https://www.uahirise.org/PDS/DTM/ESP/ORB_013500_013599/ESP_013578_1505_ESP_030984_1505/ESP_013578_1505_RED_C_01_ORTHO.JP2,https://www.uahirise.org/PDS/DTM/ESP/ORB_013500_013599/ESP_013578_1505_ESP_030984_1505/ESP_030984_1505_RED_C_01_ORTHO.JP2,1
New Small South Polar Layered Deposits Impact,https://www.uahirise.org/PDS/DTM/ESP/ORB_067500_067599/ESP_067539_0980_ESP_067513_0980/DTEPC_067539_0980_067513_0980_A01.IMG,https://www.uahirise.org/PDS/DTM/ESP/ORB_067500_067599/ESP_067539_0980_ESP_067513_0980/ESP_067539_0980_RED_C_01_ORTHO.JP2,https://www.uahirise.org/PDS/DTM/ESP/ORB_067500_067599/ESP_067539_0980_ESP_067513_0980/ESP_067513_0980_RED_C_01_ORTHO.JP2,1
Layers in Terra Sirenum,https://www.uahirise.org/PDS/DTM/ESP/ORB_040200_040299/ESP_040293_1520_ESP_047506_1520/DTEEC_040293_1520_047506_1520_A01.IMG,https://www.uahirise.org/PDS/DTM/ESP/ORB_040200_040299/ESP_040293_1520_ESP_047506_1520/ESP_040293_1520_RED_C_01_ORTHO.JP2,https://www.uahirise.org/PDS/DTM/ESP/ORB_040200_040299/ESP_040293_1520_ESP_047506_1520/ESP_047506_1520_RED_C_01_ORTHO.JP2,1
Sinuous Ridges near Juventae Chasma,https://www.uahirise.org/PDS/DTM/ESP/ORB_065700_065799/ESP_065766_1755_ESP_066452_1755/DTEED_065766_1755_066452_1755_A01.IMG,https://www.uahirise.org/PDS/DTM/ESP/ORB_065700_065799/ESP_065766_1755_ESP_066452_1755/ESP_065766_1755_RED_D_01_ORTHO.JP2,https://www.uahirise.org/PDS/DTM/ESP/ORB_065700_065799/ESP_065766_1755_ESP_066452_1755/ESP_066452_1755_RED_D_01_ORTHO.JP2,2.02
Aeolis Planum,https://www.uahirise.org/PDS/DTM/ESP/ORB_023700_023799/ESP_023785_1745_ESP_067671_1745/DTEED_023785_1745_067671_1745_A01.IMG,https://www.uahirise.org/PDS/DTM/ESP/ORB_023700_023799/ESP_023785_1745_ESP_067671_1745/ESP_023785_1745_RED_D_01_ORTHO.JP2,https://www.uahirise.org/PDS/DTM/ESP/ORB_023700_023799/ESP_023785_1745_ESP_067671_1745/ESP_067671_1745_RED_D_01_ORTHO.JP2,2.02
Cones on Crater Floor in Terra Sirenum,https://www.uahirise.org/PDS/DTM/ESP/ORB_066100_066199/ESP_066152_1520_ESP_039370_1520/DTEED_066152_1520_039370_1520_A01.IMG,https://www.uahirise.org/PDS/DTM/ESP/ORB_066100_066199/ESP_066152_1520_ESP_039370_1520/ESP_066152_1520_RED_D_01_ORTHO.JP2,https://www.uahirise.org/PDS/DTM/ESP/ORB_066100_066199/ESP_066152_1520_ESP_039370_1520/ESP_039370_1520_RED_D_01_ORTHO.JP2,2.01
Landforms in Utopia Planitia,https://www.uahirise.org/PDS/DTM/ESP/ORB_045900_045999/ESP_045980_2115_ESP_051162_2115/DTEED_045980_2115_051162_2115_A01.IMG,https://www.uahirise.org/PDS/DTM/ESP/ORB_045900_045999/ESP_045980_2115_ESP_051162_2115/ESP_045980_2115_RED_D_01_ORTHO.JP2,https://www.uahirise.org/PDS/DTM/ESP/ORB_045900_045999/ESP_045980_2115_ESP_051162_2115/ESP_051162_2115_RED_D_01_ORTHO.JP2,2.01
Landforms in Utopia Planitia,https://www.uahirise.org/PDS/DTM/ESP/ORB_052700_052799/ESP_052731_2115_ESP_052085_2115/DTEED_052731_2115_052085_2115_A01.IMG,https://www.uahirise.org/PDS/DTM/ESP/ORB_052700_052799/ESP_052731_2115_ESP_052085_2115/ESP_052731_2115_RED_D_01_ORTHO.JP2,https://www.uahirise.org/PDS/DTM/ESP/ORB_052700_052799/ESP_052731_2115_ESP_052085_2115/ESP_052085_2115_RED_D_01_ORTHO.JP2,2.01
Landforms in Utopia Planitia,https://www.uahirise.org/PDS/DTM/ESP/ORB_052700_052799/ESP_052797_2115_ESP_053074_2115/DTEED_052797_2115_053074_2115_A01.IMG,https://www.uahirise.org/PDS/DTM/ESP/ORB_052700_052799/ESP_052797_2115_ESP_053074_2115/ESP_052797_2115_RED_D_01_ORTHO.JP2,https://www.uahirise.org/PDS/DTM/ESP/ORB_052700_052799/ESP_052797_2115_ESP_053074_2115/ESP_053074_2115_RED_D_01_ORTHO.JP2,2.01
Gully Monitoring,https://www.uahirise.org/PDS/DTM/ESP/ORB_064700_064799/ESP_064726_1390_ESP_065491_1390/DTEEC_064726_1390_065491_1390_G01.IMG,https://www.uahirise.org/PDS/DTM/ESP/ORB_064700_064799/ESP_064726_1390_ESP_065491_1390/ESP_064726_1390_RED_A_01_ORTHO.JP2,https://www.uahirise.org/PDS/DTM/ESP/ORB_064700_064799/ESP_064726_1390_ESP_065491_1390/ESP_065491_1390_RED_A_01_ORTHO.JP2,1
Crater in Acidalia Planitia,https://www.uahirise.org/PDS/DTM/ESP/ORB_037200_037299/ESP_037268_2300_ESP_027629_2300/DTEEC_037268_2300_027629_2300_G01.IMG,https://www.uahirise.org/PDS/DTM/ESP/ORB_037200_037299/ESP_037268_2300_ESP_027629_2300/ESP_037268_2300_RED_A_01_ORTHO.JP2,https://www.uahirise.org/PDS/DTM/ESP/ORB_037200_037299/ESP_037268_2300_ESP_027629_2300/ESP_027629_2300_RED_A_01_ORTHO.JP2,0.99
Very Well-Preserved High-Latitude Crater,https://www.uahirise.org/PDS/DTM/ESP/ORB_027100_027199/ESP_027197_2420_ESP_016279_2420/DTEEC_027197_2420_016279_2420_G01.IMG,https://www.uahirise.org/PDS/DTM/ESP/ORB_027100_027199/ESP_027197_2420_ESP_016279_2420/ESP_027197_2420_RED_A_01_ORTHO.JP2,https://www.uahirise.org/PDS/DTM/ESP/ORB_027100_027199/ESP_027197_2420_ESP_016279_2420/ESP_016279_2420_RED_A_01_ORTHO.JP2,0.99
Contact Between Layering in Plains and Wallrock Near Ius Chasma,https://www.uahirise.org/PDS/DTM/PSP/ORB_002400_002499/PSP_002459_1715_PSP_003092_1715/DTEEC_002459_1715_003092_1715_A01.IMG,https://www.uahirise.org/PDS/DTM/PSP/ORB_002400_002499/PSP_002459_1715_PSP_003092_1715/PSP_002459_1715_RED_C_01_ORTHO.JP2,https://www.uahirise.org/PDS/DTM/PSP/ORB_002400_002499/PSP_002459_1715_PSP_003092_1715/PSP_003092_1715_RED_C_01_ORTHO.JP2,1.01
Gullied Crater Wall,https://www.uahirise.org/PDS/DTM/ESP/ORB_027500_027599/ESP_027585_2390_ESP_025884_2390/DTEED_027585_2390_025884_2390_G01.IMG,https://www.uahirise.org/PDS/DTM/ESP/ORB_027500_027599/ESP_027585_2390_ESP_025884_2390/ESP_027585_2390_RED_A_01_ORTHO.JP2,https://www.uahirise.org/PDS/DTM/ESP/ORB_027500_027599/ESP_027585_2390_ESP_025884_2390/ESP_025884_2390_RED_A_01_ORTHO.JP2,1.98
Gullies Monitoring,https://www.uahirise.org/PDS/DTM/ESP/ORB_058000_058099/ESP_058049_1275_ESP_058115_1275/DTEEC_058049_1275_058115_1275_G01.IMG,https://www.uahirise.org/PDS/DTM/ESP/ORB_058000_058099/ESP_058049_1275_ESP_058115_1275/ESP_058049_1275_RED_A_01_ORTHO.JP2,https://www.uahirise.org/PDS/DTM/ESP/ORB_058000_058099/ESP_058049_1275_ESP_058115_1275/ESP_058115_1275_RED_A_01_ORTHO.JP2,0.99
Cratered Cone North of Noctis Fossae,https://www.uahirise.org/PDS/DTM/ESP/ORB_063200_063299/ESP_063209_1800_ESP_063420_1800/DTEED_063209_1800_063420_1800_A01.IMG,https://www.uahirise.org/PDS/DTM/ESP/ORB_063200_063299/ESP_063209_1800_ESP_063420_1800/ESP_063209_1800_IRB_D_01_ORTHO.JP2,https://www.uahirise.org/PDS/DTM/ESP/ORB_063200_063299/ESP_063209_1800_ESP_063420_1800/ESP_063420_1800_RED_D_01_ORTHO.JP2,2.02
Cone Close to Noctis Fossae,https://www.uahirise.org/PDS/DTM/ESP/ORB_064000_064099/ESP_064066_1800_ESP_037508_1800/DTEED_064066_1800_037508_1800_A01.IMG,https://www.uahirise.org/PDS/DTM/ESP/ORB_064000_064099/ESP_064066_1800_ESP_037508_1800/ESP_064066_1800_RED_D_01_ORTHO.JP2,https://www.uahirise.org/PDS/DTM/ESP/ORB_064000_064099/ESP_064066_1800_ESP_037508_1800/ESP_037508_1800_RED_D_01_ORTHO.JP2,2.02
High-Latitude Exposure of North Polar Layered Deposits,https://www.uahirise.org/PDS/DTM/PSP/ORB_009100_009199/PSP_009175_2675_PSP_009374_2675/DTEPC_009175_2675_009374_2675_A01.IMG,https://www.uahirise.org/PDS/DTM/PSP/ORB_009100_009199/PSP_009175_2675_PSP_009374_2675/PSP_009175_2675_RED_C_01_ORTHO.JP2,https://www.uahirise.org/PDS/DTM/PSP/ORB_009100_009199/PSP_009175_2675_PSP_009374_2675/PSP_009374_2675_RED_C_01_ORTHO.JP2,1
Pit Near Hephaestus Fossae,https://www.uahirise.org/PDS/DTM/ESP/ORB_052600_052699/ESP_052638_2020_ESP_060379_2020/DTEEC_052638_2020_060379_2020_U01.IMG,https://www.uahirise.org/PDS/DTM/ESP/ORB_052600_052699/ESP_052638_2020_ESP_060379_2020/ESP_052638_2020_RED_C_01_ORTHO.JP2,https://www.uahirise.org/PDS/DTM/ESP/ORB_052600_052699/ESP_052638_2020_ESP_060379_2020/ESP_060379_2020_RED_C_01_ORTHO.JP2,1
Multiple Levels of Gullies Seen in MOC Image R11-02000,https://www.uahirise.org/PDS/DTM/PSP/ORB_004000_004099/PSP_004019_1420_PSP_004085_1420/DTEEC_004019_1420_004085_1420_U01.IMG,https://www.uahirise.org/PDS/DTM/PSP/ORB_004000_004099/PSP_004019_1420_PSP_004085_1420/PSP_004019_1420_RED_C_01_ORTHO.JP2,https://www.uahirise.org/PDS/DTM/PSP/ORB_004000_004099/PSP_004019_1420_PSP_004085_1420/PSP_004085_1420_RED_C_01_ORTHO.JP2,1
Colorful Bedrock Layers,https://www.uahirise.org/PDS/DTM/ESP/ORB_049000_049099/ESP_049009_1520_ESP_039581_1520/DTEEC_049009_1520_039581_1520_A01.IMG,https://www.uahirise.org/PDS/DTM/ESP/ORB_049000_049099/ESP_049009_1520_ESP_039581_1520/ESP_049009_1520_RED_C_01_ORTHO.JP2,https://www.uahirise.org/PDS/DTM/ESP/ORB_049000_049099/ESP_049009_1520_ESP_039581_1520/ESP_039581_1520_RED_C_01_ORTHO.JP2,1
Small Mounds in Chryse Planitia,https://www.uahirise.org/PDS/DTM/ESP/ORB_025000_025099/ESP_025071_1995_ESP_025137_1995/DTEED_025071_1995_025137_1995_G01.IMG,https://www.uahirise.org/PDS/DTM/ESP/ORB_025000_025099/ESP_025071_1995_ESP_025137_1995/ESP_025071_1995_RED_A_01_ORTHO.JP2,https://www.uahirise.org/PDS/DTM/ESP/ORB_025000_025099/ESP_025071_1995_ESP_025137_1995/ESP_025137_1995_RED_A_01_ORTHO.JP2,2.01
Small Mounds in Chryse Planitia,https://www.uahirise.org/PDS/DTM/ESP/ORB_024000_024099/ESP_024082_1995_ESP_023581_1995/DTEEC_024082_1995_023581_1995_G01.IMG,https://www.uahirise.org/PDS/DTM/ESP/ORB_024000_024099/ESP_024082_1995_ESP_023581_1995/ESP_024082_1995_RED_A_01_ORTHO.JP2,https://www.uahirise.org/PDS/DTM/ESP/ORB_024000_024099/ESP_024082_1995_ESP_023581_1995/ESP_023581_1995_RED_A_01_ORTHO.JP2,1
Flow-Like Feature in Chryse Planitia,https://www.uahirise.org/PDS/DTM/ESP/ORB_065300_065399/ESP_065356_1995_ESP_065422_1995/DTEEC_065356_1995_065422_1995_G01.IMG,https://www.uahirise.org/PDS/DTM/ESP/ORB_065300_065399/ESP_065356_1995_ESP_065422_1995/ESP_065356_1995_RED_A_01_ORTHO.JP2,https://www.uahirise.org/PDS/DTM/ESP/ORB_065300_065399/ESP_065356_1995_ESP_065422_1995/ESP_065422_1995_RED_A_01_ORTHO.JP2,1
Flow-Like Feature within Chryse Planitia,https://www.uahirise.org/PDS/DTM/ESP/ORB_065400_065499/ESP_065488_1990_ESP_064644_1990/DTEEC_065488_1990_064644_1990_G01.IMG,https://www.uahirise.org/PDS/DTM/ESP/ORB_065400_065499/ESP_065488_1990_ESP_064644_1990/ESP_065488_1990_RED_C_01_ORTHO.JP2,https://www.uahirise.org/PDS/DTM/ESP/ORB_065400_065499/ESP_065488_1990_ESP_064644_1990/ESP_064644_1990_RED_C_01_ORTHO.JP2,1
Branched Features on the Floor of Antoniadi Crater,https://www.uahirise.org/PDS/DTM/ESP/ORB_012700_012799/ESP_012725_2015_ESP_012435_2015/DTEEC_012725_2015_012435_2015_G01.IMG,https://www.uahirise.org/PDS/DTM/ESP/ORB_012700_012799/ESP_012725_2015_ESP_012435_2015/ESP_012725_2015_RED_A_01_ORTHO.JP2,https://www.uahirise.org/PDS/DTM/ESP/ORB_012700_012799/ESP_012725_2015_ESP_012435_2015/ESP_012435_2015_RED_A_01_ORTHO.JP2,1
Flow Features Associated with Well-Preserved 10-Kilometer Crater,https://www.uahirise.org/PDS/DTM/ESP/ORB_065500_065599/ESP_065500_1605_ESP_064722_1605/DTEEC_065500_1605_064722_1605_A01.IMG,https://www.uahirise.org/PDS/DTM/ESP/ORB_065500_065599/ESP_065500_1605_ESP_064722_1605/ESP_065500_1605_RED_C_01_ORTHO.JP2,https://www.uahirise.org/PDS/DTM/ESP/ORB_065500_065599/ESP_065500_1605_ESP_064722_1605/ESP_064722_1605_RED_C_01_ORTHO.JP2,1
Dunes,https://www.uahirise.org/PDS/DTM/ESP/ORB_024900_024999/ESP_024976_1375_ESP_025042_1375/DTEEC_024976_1375_025042_1375_A01.IMG,https://www.uahirise.org/PDS/DTM/ESP/ORB_024900_024999/ESP_024976_1375_ESP_025042_1375/ESP_024976_1375_RED_C_01_ORTHO.JP2,https://www.uahirise.org/PDS/DTM/ESP/ORB_024900_024999/ESP_024976_1375_ESP_025042_1375/ESP_025042_1375_RED_C_01_ORTHO.JP2,1
Dune Forms in Viking 1 Image 436S03,https://www.uahirise.org/PDS/DTM/ESP/ORB_046000_046099/ESP_046030_1670_ESP_046452_1670/DTEEC_046030_1670_046452_1670_A01.IMG,https://www.uahirise.org/PDS/DTM/ESP/ORB_046000_046099/ESP_046030_1670_ESP_046452_1670/ESP_046030_1670_RED_C_01_ORTHO.JP2,https://www.uahirise.org/PDS/DTM/ESP/ORB_046000_046099/ESP_046030_1670_ESP_046452_1670/ESP_046452_1670_RED_C_01_ORTHO.JP2,1.01
East Coprates Chasma Wall Slopes,https://www.uahirise.org/PDS/DTM/ESP/ORB_046700_046799/ESP_046764_1660_ESP_050812_1660/DTEEC_046764_1660_050812_1660_A01.IMG,https://www.uahirise.org/PDS/DTM/ESP/ORB_046700_046799/ESP_046764_1660_ESP_050812_1660/ESP_046764_1660_RED_C_01_ORTHO.JP2,https://www.uahirise.org/PDS/DTM/ESP/ORB_046700_046799/ESP_046764_1660_ESP_050812_1660/ESP_050812_1660_RED_C_01_ORTHO.JP2,1.01
Dune Changes in North Polar Crater,https://www.uahirise.org/PDS/DTM/ESP/ORB_026400_026499/ESP_026404_2565_ESP_026457_2565/DTEPC_026404_2565_026457_2565_A01.IMG,https://www.uahirise.org/PDS/DTM/ESP/ORB_026400_026499/ESP_026404_2565_ESP_026457_2565/ESP_026404_2565_RED_C_01_ORTHO.JP2,https://www.uahirise.org/PDS/DTM/ESP/ORB_026400_026499/ESP_026404_2565_ESP_026457_2565/ESP_026457_2565_RED_C_01_ORTHO.JP2,1
Chasma Boreale Gypsum Dunes,https://www.uahirise.org/PDS/DTM/ESP/ORB_036300_036399/ESP_036330_2650_ESP_036634_2650/DTEPC_036330_2650_036634_2650_A01.IMG,https://www.uahirise.org/PDS/DTM/ESP/ORB_036300_036399/ESP_036330_2650_ESP_036634_2650/ESP_036330_2650_RED_C_01_ORTHO.JP2,https://www.uahirise.org/PDS/DTM/ESP/ORB_036300_036399/ESP_036330_2650_ESP_036634_2650/ESP_036634_2650_RED_C_01_ORTHO.JP2,1
Cerberus Region Intra-Crater Dune Field,https://www.uahirise.org/PDS/DTM/ESP/ORB_036200_036299/ESP_036285_1885_ESP_035929_1885/DTEEC_036285_1885_035929_1885_A01.IMG,https://www.uahirise.org/PDS/DTM/ESP/ORB_036200_036299/ESP_036285_1885_ESP_035929_1885/ESP_036285_1885_RED_C_01_ORTHO.JP2,https://www.uahirise.org/PDS/DTM/ESP/ORB_036200_036299/ESP_036285_1885_ESP_035929_1885/ESP_035929_1885_RED_C_01_ORTHO.JP2,1.01
`Nili Patera Monitoring,https://www.uahirise.org/PDS/DTM/ESP/ORB_050400_050499/ESP_050438_1890_ESP_051071_1890/DTEEC_050438_1890_051071_1890_A01.IMG,https://www.uahirise.org/PDS/DTM/ESP/ORB_050400_050499/ESP_050438_1890_ESP_051071_1890/ESP_050438_1890_RED_C_01_ORTHO.JP2,https://www.uahirise.org/PDS/DTM/ESP/ORB_050400_050499/ESP_050438_1890_ESP_051071_1890/ESP_051071_1890_RED_C_01_ORTHO.JP2,1.01
Nili Patera,https://www.uahirise.org/PDS/DTM/ESP/ORB_043700_043799/ESP_043779_1890_ESP_043423_1890/DTEEC_043779_1890_043423_1890_A01.IMG,https://www.uahirise.org/PDS/DTM/ESP/ORB_043700_043799/ESP_043779_1890_ESP_043423_1890/ESP_043779_1890_RED_C_01_ORTHO.JP2,https://www.uahirise.org/PDS/DTM/ESP/ORB_043700_043799/ESP_043779_1890_ESP_043423_1890/ESP_043423_1890_RED_C_01_ORTHO.JP2,1.01
Bright Slope Streaks in Arabia Terra,https://www.uahirise.org/PDS/DTM/ESP/ORB_060300_060399/ESP_060342_1985_ESP_060408_1985/DTEEC_060342_1985_060408_1985_A01.IMG,https://www.uahirise.org/PDS/DTM/ESP/ORB_060300_060399/ESP_060342_1985_ESP_060408_1985/ESP_060342_1985_RED_C_01_ORTHO.JP2,https://www.uahirise.org/PDS/DTM/ESP/ORB_060300_060399/ESP_060342_1985_ESP_060408_1985/ESP_060408_1985_RED_C_01_ORTHO.JP2,1
Bright To Dark Slope Streak in Arabia Terra,https://www.uahirise.org/PDS/DTM/PSP/ORB_003200_003299/PSP_003220_1860_PSP_003642_1860/DTEEC_003220_1860_003642_1860_A01.IMG,https://www.uahirise.org/PDS/DTM/PSP/ORB_003200_003299/PSP_003220_1860_PSP_003642_1860/PSP_003220_1860_IRB_C_01_ORTHO.JP2,https://www.uahirise.org/PDS/DTM/PSP/ORB_003200_003299/PSP_003220_1860_PSP_003642_1860/PSP_003642_1860_RED_C_01_ORTHO.JP2,1.01
Pits and Gullies,https://www.uahirise.org/PDS/DTM/ESP/ORB_031900_031999/ESP_031919_1435_ESP_024205_1435/DTEEC_031919_1435_024205_1435_U01.IMG,https://www.uahirise.org/PDS/DTM/ESP/ORB_031900_031999/ESP_031919_1435_ESP_024205_1435/ESP_031919_1435_RED_C_01_ORTHO.JP2,https://www.uahirise.org/PDS/DTM/ESP/ORB_031900_031999/ESP_031919_1435_ESP_024205_1435/ESP_024205_1435_RED_C_01_ORTHO.JP2,1
Flow Into Breached Crater in Central Elysium Planitia,https://www.uahirise.org/PDS/DTM/ESP/ORB_018000_018099/ESP_018062_1810_ESP_018484_1810/DTEEC_018062_1810_018484_1810_U01.IMG,https://www.uahirise.org/PDS/DTM/ESP/ORB_018000_018099/ESP_018062_1810_ESP_018484_1810/ESP_018062_1810_RED_C_01_ORTHO.JP2,https://www.uahirise.org/PDS/DTM/ESP/ORB_018000_018099/ESP_018062_1810_ESP_018484_1810/ESP_018484_1810_RED_C_01_ORTHO.JP2,1.01
Colorful Gullies in an Unnamed Crater Southeast of Uzboi Valles,https://www.uahirise.org/PDS/DTM/ESP/ORB_022200_022299/ESP_022262_1475_ESP_022895_1475/DTEEC_022262_1475_022895_1475_U01.IMG,https://www.uahirise.org/PDS/DTM/ESP/ORB_022200_022299/ESP_022262_1475_ESP_022895_1475/ESP_022262_1475_RED_C_01_ORTHO.JP2,https://www.uahirise.org/PDS/DTM/ESP/ORB_022200_022299/ESP_022262_1475_ESP_022895_1475/ESP_022895_1475_RED_C_01_ORTHO.JP2,1
Medusae Fossae Formation and Cratered Cemented Dunes,https://www.uahirise.org/PDS/DTM/PSP/ORB_009600_009699/PSP_009609_1675_PSP_010453_1675/DTEEC_009609_1675_010453_1675_A01.IMG,https://www.uahirise.org/PDS/DTM/PSP/ORB_009600_009699/PSP_009609_1675_PSP_010453_1675/PSP_009609_1675_RED_C_01_ORTHO.JP2,https://www.uahirise.org/PDS/DTM/PSP/ORB_009600_009699/PSP_009609_1675_PSP_010453_1675/PSP_010453_1675_RED_C_01_ORTHO.JP2,1.01
NASA/JPL-Caltech/UArizona Colorful Mounds and Bedrock in Terra Sirenum,https://www.uahirise.org/PDS/DTM/ESP/ORB_048100_048199/ESP_048152_1525_ESP_047862_1525/DTEED_048152_1525_047862_1525_A01.IMG,https://www.uahirise.org/PDS/DTM/ESP/ORB_048100_048199/ESP_048152_1525_ESP_047862_1525/ESP_048152_1525_RED_D_01_ORTHO.JP2,https://www.uahirise.org/PDS/DTM/ESP/ORB_048100_048199/ESP_048152_1525_ESP_047862_1525/ESP_047862_1525_RED_D_01_ORTHO.JP2,2.01
Hellas Planitia Terrain,https://www.uahirise.org/PDS/DTM/ESP/ORB_026000_026099/ESP_026083_1430_ESP_026505_1430/DTEED_026083_1430_026505_1430_A01.IMG,https://www.uahirise.org/PDS/DTM/ESP/ORB_026000_026099/ESP_026083_1430_ESP_026505_1430/ESP_026083_1430_RED_D_01_ORTHO.JP2,https://www.uahirise.org/PDS/DTM/ESP/ORB_026000_026099/ESP_026083_1430_ESP_026505_1430/ESP_026505_1430_RED_D_01_ORTHO.JP2,2
Western Hellas Planitia,https://www.uahirise.org/PDS/DTM/ESP/ORB_037100_037199/ESP_037173_1380_ESP_028589_1380/DTEED_037173_1380_028589_1380_A01.IMG,https://www.uahirise.org/PDS/DTM/ESP/ORB_037100_037199/ESP_037173_1380_ESP_028589_1380/ESP_037173_1380_RED_D_01_ORTHO.JP2,https://www.uahirise.org/PDS/DTM/ESP/ORB_037100_037199/ESP_037173_1380_ESP_028589_1380/ESP_028589_1380_RED_D_01_ORTHO.JP2,2
Banded Ridges in Hellas,https://www.uahirise.org/PDS/DTM/ESP/ORB_033900_033999/ESP_033995_1410_ESP_042382_1410/DTEED_033995_1410_042382_1410_A01.IMG,https://www.uahirise.org/PDS/DTM/ESP/ORB_033900_033999/ESP_033995_1410_ESP_042382_1410/ESP_033995_1410_RED_D_01_ORTHO.JP2,https://www.uahirise.org/PDS/DTM/ESP/ORB_033900_033999/ESP_033995_1410_ESP_042382_1410/ESP_042382_1410_RED_D_01_ORTHO.JP2,2
Textured Materials in Northwest Hellas Planitia,https://www.uahirise.org/PDS/DTM/ESP/ORB_035400_035499/ESP_035406_1380_ESP_034905_1380/DTEEC_035406_1380_034905_1380_A01.IMG,https://www.uahirise.org/PDS/DTM/ESP/ORB_035400_035499/ESP_035406_1380_ESP_034905_1380/ESP_035406_1380_RED_C_01_ORTHO.JP2,https://www.uahirise.org/PDS/DTM/ESP/ORB_035400_035499/ESP_035406_1380_ESP_034905_1380/ESP_034905_1380_RED_C_01_ORTHO.JP2,1
Layering in Burroughs Crater,https://www.uahirise.org/PDS/DTM/ESP/ORB_058300_058399/ESP_058362_1070_ESP_057650_1070/DTEPC_058362_1070_057650_1070_A01.IMG,https://www.uahirise.org/PDS/DTM/ESP/ORB_058300_058399/ESP_058362_1070_ESP_057650_1070/ESP_058362_1070_RED_C_01_ORTHO.JP2,https://www.uahirise.org/PDS/DTM/ESP/ORB_058300_058399/ESP_058362_1070_ESP_057650_1070/ESP_057650_1070_RED_C_01_ORTHO.JP2,0.98
Two Exit Breaches in Young Crater,https://www.uahirise.org/PDS/DTM/ESP/ORB_052200_052299/ESP_052299_2150_ESP_052510_2150/DTEEC_052299_2150_052510_2150_A01.IMG,https://www.uahirise.org/PDS/DTM/ESP/ORB_052200_052299/ESP_052299_2150_ESP_052510_2150/ESP_052299_2150_RED_C_01_ORTHO.JP2,https://www.uahirise.org/PDS/DTM/ESP/ORB_052200_052299/ESP_052299_2150_ESP_052510_2150/ESP_052510_2150_RED_C_01_ORTHO.JP2,1
Exposure of North Polar Layered Deposits,https://www.uahirise.org/PDS/DTM/ESP/ORB_045400_045499/ESP_045485_2660_ESP_045407_2660/DTEPC_045485_2660_045407_2660_U01.IMG,https://www.uahirise.org/PDS/DTM/ESP/ORB_045400_045499/ESP_045485_2660_ESP_045407_2660/ESP_045485_2660_RED_C_01_ORTHO.JP2,https://www.uahirise.org/PDS/DTM/ESP/ORB_045400_045499/ESP_045485_2660_ESP_045407_2660/ESP_045407_2660_RED_C_01_ORTHO.JP2,0.98
Small Crater near Phoenix Landing Site,https://www.uahirise.org/PDS/DTM/ESP/ORB_063300_063399/ESP_063381_2485_ESP_063513_2485/DTEPD_063381_2485_063513_2485_A01.IMG,https://www.uahirise.org/PDS/DTM/ESP/ORB_063300_063399/ESP_063381_2485_ESP_063513_2485/ESP_063381_2485_RED_D_01_ORTHO.JP2,https://www.uahirise.org/PDS/DTM/ESP/ORB_063300_063399/ESP_063381_2485_ESP_063513_2485/ESP_063513_2485_RED_D_01_ORTHO.JP2,1.98
Hellas Planitia,https://www.uahirise.org/PDS/DTM/ESP/ORB_017600_017699/ESP_017631_1395_PSP_008269_1395/DTEED_017631_1395_008269_1395_A01.IMG,https://www.uahirise.org/PDS/DTM/ESP/ORB_017600_017699/ESP_017631_1395_PSP_008269_1395/ESP_017631_1395_RED_D_01_ORTHO.JP2,https://www.uahirise.org/PDS/DTM/ESP/ORB_017600_017699/ESP_017631_1395_PSP_008269_1395/PSP_008269_1395_RED_D_01_ORTHO.JP2,2
Light-Toned Layered Material along Ius Chasma Plateau,https://www.uahirise.org/PDS/DTM/ESP/ORB_043500_043599/ESP_043534_1715_ESP_042822_1715/DTEEC_043534_1715_042822_1715_A01.IMG,https://www.uahirise.org/PDS/DTM/ESP/ORB_043500_043599/ESP_043534_1715_ESP_042822_1715/ESP_043534_1715_RED_C_01_ORTHO.JP2,https://www.uahirise.org/PDS/DTM/ESP/ORB_043500_043599/ESP_043534_1715_ESP_042822_1715/ESP_042822_1715_RED_C_01_ORTHO.JP2,1.01
Aeolian Units in South Melas Chasma,https://www.uahirise.org/PDS/DTM/ESP/ORB_060700_060799/ESP_060729_1670_ESP_060795_1670/DTEEC_060729_1670_060795_1670_A01.IMG,https://www.uahirise.org/PDS/DTM/ESP/ORB_060700_060799/ESP_060729_1670_ESP_060795_1670/ESP_060729_1670_RED_C_01_ORTHO.JP2,https://www.uahirise.org/PDS/DTM/ESP/ORB_060700_060799/ESP_060729_1670_ESP_060795_1670/ESP_060795_1670_RED_C_01_ORTHO.JP2,1.01
Dark Dunes and Aeolian Units in Melas Chasma,https://www.uahirise.org/PDS/DTM/ESP/ORB_057500_057599/ESP_057551_1675_ESP_057894_1675/DTEEC_057551_1675_057894_1675_A01.IMG,https://www.uahirise.org/PDS/DTM/ESP/ORB_057500_057599/ESP_057551_1675_ESP_057894_1675/ESP_057551_1675_IRB_C_01_ORTHO.JP2,https://www.uahirise.org/PDS/DTM/ESP/ORB_057500_057599/ESP_057551_1675_ESP_057894_1675/ESP_057894_1675_RED_C_01_ORTHO.JP2,1.01
Dark Dune-Like Forms in Southern Melas Chasma,https://www.uahirise.org/PDS/DTM/PSP/ORB_007500_007599/PSP_007522_1685_ESP_025666_1685/DTEEC_007522_1685_025666_1685_A01.IMG,https://www.uahirise.org/PDS/DTM/PSP/ORB_007500_007599/PSP_007522_1685_ESP_025666_1685/PSP_007522_1685_RED_C_01_ORTHO.JP2,https://www.uahirise.org/PDS/DTM/PSP/ORB_007500_007599/PSP_007522_1685_ESP_025666_1685/ESP_025666_1685_RED_C_01_ORTHO.JP2,1.01
Banded Terrain in Northwest Hellas Planitia,https://www.uahirise.org/PDS/DTM/ESP/ORB_037300_037399/ESP_037318_1410_ESP_055133_1410/DTEED_037318_1410_055133_1410_A01.IMG,https://www.uahirise.org/PDS/DTM/ESP/ORB_037300_037399/ESP_037318_1410_ESP_055133_1410/ESP_037318_1410_RED_D_01_ORTHO.JP2,https://www.uahirise.org/PDS/DTM/ESP/ORB_037300_037399/ESP_037318_1410_ESP_055133_1410/ESP_055133_1410_RED_D_01_ORTHO.JP2,2
Complex Folded Terrain on the Floor of Hellas Basin,https://www.uahirise.org/PDS/DTM/PSP/ORB_006100_006199/PSP_006133_1410_PSP_007056_1410/DTEEC_006133_1410_007056_1410_A01.IMG,https://www.uahirise.org/PDS/DTM/PSP/ORB_006100_006199/PSP_006133_1410_PSP_007056_1410/PSP_006133_1410_RED_C_01_ORTHO.JP2,https://www.uahirise.org/PDS/DTM/PSP/ORB_006100_006199/PSP_006133_1410_PSP_007056_1410/PSP_007056_1410_RED_C_01_ORTHO.JP2,1
Pedestal Crater,https://www.uahirise.org/PDS/DTM/ESP/ORB_063300_063399/ESP_063394_2485_ESP_063526_2485/DTEPD_063394_2485_063526_2485_A01.IMG,https://www.uahirise.org/PDS/DTM/ESP/ORB_063300_063399/ESP_063394_2485_ESP_063526_2485/ESP_063394_2485_RED_D_01_ORTHO.JP2,https://www.uahirise.org/PDS/DTM/ESP/ORB_063300_063399/ESP_063394_2485_ESP_063526_2485/ESP_063526_2485_RED_D_01_ORTHO.JP2,1.98
Dune Monitoring in Crater,https://www.uahirise.org/PDS/DTM/ESP/ORB_063900_063999/ESP_063956_2315_ESP_063376_2315/DTEEC_063956_2315_063376_2315_A01.IMG,https://www.uahirise.org/PDS/DTM/ESP/ORB_063900_063999/ESP_063956_2315_ESP_063376_2315/ESP_063956_2315_RED_C_01_ORTHO.JP2,https://www.uahirise.org/PDS/DTM/ESP/ORB_063900_063999/ESP_063956_2315_ESP_063376_2315/ESP_063376_2315_RED_C_01_ORTHO.JP2,0.99
Western Rim and Ejecta of Resen Crater,https://www.uahirise.org/PDS/DTM/ESP/ORB_049800_049899/ESP_049896_1520_ESP_049329_1520/DTEEC_049896_1520_049329_1520_A01.IMG,https://www.uahirise.org/PDS/DTM/ESP/ORB_049800_049899/ESP_049896_1520_ESP_049329_1520/ESP_049896_1520_IRB_C_01_ORTHO.JP2,https://www.uahirise.org/PDS/DTM/ESP/ORB_049800_049899/ESP_049896_1520_ESP_049329_1520/ESP_049329_1520_IRB_C_01_ORTHO.JP2,1
Exit Breach in Well-Preserved Crater,https://www.uahirise.org/PDS/DTM/ESP/ORB_049300_049399/ESP_049306_2160_ESP_049860_2160/DTEEC_049306_2160_049860_2160_A01.IMG,https://www.uahirise.org/PDS/DTM/ESP/ORB_049300_049399/ESP_049306_2160_ESP_049860_2160/ESP_049306_2160_RED_C_01_ORTHO.JP2,https://www.uahirise.org/PDS/DTM/ESP/ORB_049300_049399/ESP_049306_2160_ESP_049860_2160/ESP_049860_2160_RED_C_01_ORTHO.JP2,1
Exit Breach in Well-Preserved Crater,https://www.uahirise.org/PDS/DTM/ESP/ORB_053400_053499/ESP_053459_2170_ESP_053169_2170/DTEEC_053459_2170_053169_2170_A01.IMG,https://www.uahirise.org/PDS/DTM/ESP/ORB_053400_053499/ESP_053459_2170_ESP_053169_2170/ESP_053459_2170_RED_C_01_ORTHO.JP2,https://www.uahirise.org/PDS/DTM/ESP/ORB_053400_053499/ESP_053459_2170_ESP_053169_2170/ESP_053169_2170_RED_C_01_ORTHO.JP2,1
Smooth Region in Phlegra Montes,https://www.uahirise.org/PDS/DTM/ESP/ORB_058700_058799/ESP_058729_2170_ESP_059006_2170/DTEEC_058729_2170_059006_2170_A01.IMG,https://www.uahirise.org/PDS/DTM/ESP/ORB_058700_058799/ESP_058729_2170_ESP_059006_2170/ESP_058729_2170_RED_C_01_ORTHO.JP2,https://www.uahirise.org/PDS/DTM/ESP/ORB_058700_058799/ESP_058729_2170_ESP_059006_2170/ESP_059006_2170_RED_C_01_ORTHO.JP2,1
Northwest Hellas Region Landforms,https://www.uahirise.org/PDS/DTM/ESP/ORB_015900_015999/ESP_015943_1390_PSP_006845_1390/DTEED_015943_1390_006845_1390_A01.IMG,https://www.uahirise.org/PDS/DTM/ESP/ORB_015900_015999/ESP_015943_1390_PSP_006845_1390/ESP_015943_1390_RED_D_01_ORTHO.JP2,https://www.uahirise.org/PDS/DTM/ESP/ORB_015900_015999/ESP_015943_1390_PSP_006845_1390/PSP_006845_1390_RED_D_01_ORTHO.JP2,2
Complex Folds in Hellas Basin,https://www.uahirise.org/PDS/DTM/PSP/ORB_007300_007399/PSP_007346_1405_ESP_016286_1405/DTEED_007346_1405_016286_1405_A01.IMG,https://www.uahirise.org/PDS/DTM/PSP/ORB_007300_007399/PSP_007346_1405_ESP_016286_1405/PSP_007346_1405_RED_D_01_ORTHO.JP2,https://www.uahirise.org/PDS/DTM/PSP/ORB_007300_007399/PSP_007346_1405_ESP_016286_1405/ESP_016286_1405_RED_D_01_ORTHO.JP2,2
Layering in Burroughs Crater,https://www.uahirise.org/PDS/DTM/ESP/ORB_057400_057499/ESP_057439_1075_ESP_057241_1075/DTEPC_057439_1075_057241_1075_A01.IMG,https://www.uahirise.org/PDS/DTM/ESP/ORB_057400_057499/ESP_057439_1075_ESP_057241_1075/ESP_057439_1075_RED_C_01_ORTHO.JP2,https://www.uahirise.org/PDS/DTM/ESP/ORB_057400_057499/ESP_057439_1075_ESP_057241_1075/ESP_057241_1075_IRB_C_01_ORTHO.JP2,1
Ultimum Chasma South Polar Layers,https://www.uahirise.org/PDS/DTM/ESP/ORB_023400_023499/ESP_023456_0990_ESP_041100_0990/DTEPD_023456_0990_041100_0990_A01.IMG,https://www.uahirise.org/PDS/DTM/ESP/ORB_023400_023499/ESP_023456_0990_ESP_041100_0990/ESP_023456_0990_RED_D_01_ORTHO.JP2,https://www.uahirise.org/PDS/DTM/ESP/ORB_023400_023499/ESP_023456_0990_ESP_041100_0990/ESP_041100_0990_RED_D_01_ORTHO.JP2,2
Smooth Apron in Phlegra Montes,https://www.uahirise.org/PDS/DTM/ESP/ORB_062500_062599/ESP_062540_2165_ESP_062751_2165/DTEEC_062540_2165_062751_2165_A01.IMG,https://www.uahirise.org/PDS/DTM/ESP/ORB_062500_062599/ESP_062540_2165_ESP_062751_2165/ESP_062540_2165_RED_C_01_ORTHO.JP2,https://www.uahirise.org/PDS/DTM/ESP/ORB_062500_062599/ESP_062540_2165_ESP_062751_2165/ESP_062751_2165_RED_C_01_ORTHO.JP2,1
Peace Vallis in Gale Crater,https://www.uahirise.org/PDS/DTM/ESP/ORB_062900_062999/ESP_062963_1760_ESP_062172_1760/DTEED_062963_1760_062172_1760_A01.IMG,https://www.uahirise.org/PDS/DTM/ESP/ORB_062900_062999/ESP_062963_1760_ESP_062172_1760/ESP_062963_1760_RED_D_01_ORTHO.JP2,https://www.uahirise.org/PDS/DTM/ESP/ORB_062900_062999/ESP_062963_1760_ESP_062172_1760/ESP_062172_1760_RED_D_01_ORTHO.JP2,2.02
Smooth Region in Phlegra Montes,https://www.uahirise.org/PDS/DTM/ESP/ORB_060400_060499/ESP_060430_2170_ESP_060140_2170/DTEEC_060430_2170_060140_2170_A01.IMG,https://www.uahirise.org/PDS/DTM/ESP/ORB_060400_060499/ESP_060430_2170_ESP_060140_2170/ESP_060430_2170_RED_C_01_ORTHO.JP2,https://www.uahirise.org/PDS/DTM/ESP/ORB_060400_060499/ESP_060430_2170_ESP_060140_2170/ESP_060140_2170_RED_C_01_ORTHO.JP2,1
Light-Toned Hydrated Materials Inside Ius Chasma,https://www.uahirise.org/PDS/DTM/ESP/ORB_048100_048199/ESP_048136_1725_ESP_041121_1725/DTEEC_048136_1725_041121_1725_A01.IMG,https://www.uahirise.org/PDS/DTM/ESP/ORB_048100_048199/ESP_048136_1725_ESP_041121_1725/ESP_048136_1725_RED_C_01_ORTHO.JP2,https://www.uahirise.org/PDS/DTM/ESP/ORB_048100_048199/ESP_048136_1725_ESP_041121_1725/ESP_041121_1725_RED_C_01_ORTHO.JP2,1.01
Possible Clay Beds in West Ladon Valles Channels,https://www.uahirise.org/PDS/DTM/ESP/ORB_017400_017499/ESP_017489_1610_ESP_035119_1610/DTEEC_017489_1610_035119_1610_A01.IMG,https://www.uahirise.org/PDS/DTM/ESP/ORB_017400_017499/ESP_017489_1610_ESP_035119_1610/ESP_017489_1610_RED_C_01_ORTHO.JP2,https://www.uahirise.org/PDS/DTM/ESP/ORB_017400_017499/ESP_017489_1610_ESP_035119_1610/ESP_035119_1610_RED_C_01_ORTHO.JP2,1
Hellas Planitia,https://www.uahirise.org/PDS/DTM/ESP/ORB_016600_016699/ESP_016642_1370_PSP_007913_1370/DTEED_016642_1370_007913_1370_A01.IMG,https://www.uahirise.org/PDS/DTM/ESP/ORB_016600_016699/ESP_016642_1370_PSP_007913_1370/ESP_016642_1370_RED_D_01_ORTHO.JP2,https://www.uahirise.org/PDS/DTM/ESP/ORB_016600_016699/ESP_016642_1370_PSP_007913_1370/PSP_007913_1370_RED_D_01_ORTHO.JP2,2
The Lowest Point of Osuga Valles,https://www.uahirise.org/PDS/DTM/ESP/ORB_039300_039399/ESP_039326_1650_ESP_039181_1650/DTEED_039326_1650_039181_1650_A01.IMG,https://www.uahirise.org/PDS/DTM/ESP/ORB_039300_039399/ESP_039326_1650_ESP_039181_1650/ESP_039326_1650_RED_D_01_ORTHO.JP2,https://www.uahirise.org/PDS/DTM/ESP/ORB_039300_039399/ESP_039326_1650_ESP_039181_1650/ESP_039181_1650_RED_D_01_ORTHO.JP2,2.02
Smooth Regions in Phlegra Montes,https://www.uahirise.org/PDS/DTM/ESP/ORB_062900_062999/ESP_062909_2190_ESP_062474_2190/DTEEC_062909_2190_062474_2190_A01.IMG,https://www.uahirise.org/PDS/DTM/ESP/ORB_062900_062999/ESP_062909_2190_ESP_062474_2190/ESP_062909_2190_RED_C_01_ORTHO.JP2,https://www.uahirise.org/PDS/DTM/ESP/ORB_062900_062999/ESP_062909_2190_ESP_062474_2190/ESP_062474_2190_RED_C_01_ORTHO.JP2,1
Chain of Mounds in the Tharsis Region,https://www.uahirise.org/PDS/DTM/PSP/ORB_008200_008299/PSP_008262_1855_ESP_042652_1855/DTEED_008262_1855_042652_1855_A01.IMG,https://www.uahirise.org/PDS/DTM/PSP/ORB_008200_008299/PSP_008262_1855_ESP_042652_1855/PSP_008262_1855_RED_D_01_ORTHO.JP2,https://www.uahirise.org/PDS/DTM/PSP/ORB_008200_008299/PSP_008262_1855_ESP_042652_1855/ESP_042652_1855_RED_D_01_ORTHO.JP2,2.02
Triple Exit Breach in Fresh Crater,https://www.uahirise.org/PDS/DTM/ESP/ORB_053700_053799/ESP_053736_2180_ESP_053670_2180/DTEED_053736_2180_053670_2180_A01.IMG,https://www.uahirise.org/PDS/DTM/ESP/ORB_053700_053799/ESP_053736_2180_ESP_053670_2180/ESP_053736_2180_RED_D_01_ORTHO.JP2,https://www.uahirise.org/PDS/DTM/ESP/ORB_053700_053799/ESP_053736_2180_ESP_053670_2180/ESP_053670_2180_RED_D_01_ORTHO.JP2,2
Gully Apron on Lobate Debris Apron,https://www.uahirise.org/PDS/DTM/ESP/ORB_061700_061799/ESP_061740_2250_ESP_061595_2250/DTEEC_061740_2250_061595_2250_A01.IMG,https://www.uahirise.org/PDS/DTM/ESP/ORB_061700_061799/ESP_061740_2250_ESP_061595_2250/ESP_061740_2250_RED_C_01_ORTHO.JP2,https://www.uahirise.org/PDS/DTM/ESP/ORB_061700_061799/ESP_061740_2250_ESP_061595_2250/ESP_061595_2250_RED_C_01_ORTHO.JP2,1
South Polar Layered Deposit Comparison with Higher Latitude Scarps,https://www.uahirise.org/PDS/DTM/PSP/ORB_003800_003899/PSP_003868_0940_PSP_003896_0940/DTEPC_003868_0940_003896_0940_A01.IMG,https://www.uahirise.org/PDS/DTM/PSP/ORB_003800_003899/PSP_003868_0940_PSP_003896_0940/PSP_003868_0940_RED_C_01_ORTHO.JP2,https://www.uahirise.org/PDS/DTM/PSP/ORB_003800_003899/PSP_003868_0940_PSP_003896_0940/PSP_003896_0940_RED_C_01_ORTHO.JP2,1
Surface Features Emanating from Alcove in Deuteronilus Mensae,https://www.uahirise.org/PDS/DTM/ESP/ORB_041200_041299/ESP_041222_2210_ESP_040787_2210/DTEEC_041222_2210_040787_2210_A01.IMG,https://www.uahirise.org/PDS/DTM/ESP/ORB_041200_041299/ESP_041222_2210_ESP_040787_2210/ESP_041222_2210_RED_C_01_ORTHO.JP2,https://www.uahirise.org/PDS/DTM/ESP/ORB_041200_041299/ESP_041222_2210_ESP_040787_2210/ESP_040787_2210_RED_C_01_ORTHO.JP2,1
Ultimum Chasma South Polar Layers,https://www.uahirise.org/PDS/DTM/ESP/ORB_022400_022499/ESP_022467_0985_ESP_022586_0985/DTEPC_022467_0985_022586_0985_A01.IMG,https://www.uahirise.org/PDS/DTM/ESP/ORB_022400_022499/ESP_022467_0985_ESP_022586_0985/ESP_022467_0985_RED_C_01_ORTHO.JP2,https://www.uahirise.org/PDS/DTM/ESP/ORB_022400_022499/ESP_022467_0985_ESP_022586_0985/ESP_022586_0985_RED_C_01_ORTHO.JP2,1
Lobate Flow Features Emanating From Alcoves in Deuteronilus Mensae,https://www.uahirise.org/PDS/DTM/PSP/ORB_007000_007099/PSP_007096_2215_PSP_006806_2215/DTEEC_007096_2215_006806_2215_A01.IMG,https://www.uahirise.org/PDS/DTM/PSP/ORB_007000_007099/PSP_007096_2215_PSP_006806_2215/PSP_007096_2215_RED_C_01_ORTHO.JP2,https://www.uahirise.org/PDS/DTM/PSP/ORB_007000_007099/PSP_007096_2215_PSP_006806_2215/PSP_006806_2215_RED_C_01_ORTHO.JP2,1
Exposure of Mid-Latitude Apron Interior by Younger Gully,https://www.uahirise.org/PDS/DTM/ESP/ORB_015900_015999/ESP_015947_1370_ESP_051036_1370/DTEEC_015947_1370_051036_1370_A01.IMG,https://www.uahirise.org/PDS/DTM/ESP/ORB_015900_015999/ESP_015947_1370_ESP_051036_1370/ESP_015947_1370_RED_C_01_ORTHO.JP2,https://www.uahirise.org/PDS/DTM/ESP/ORB_015900_015999/ESP_015947_1370_ESP_051036_1370/ESP_051036_1370_RED_C_01_ORTHO.JP2,1
Exposure of South Polar Layered Deposits,https://www.uahirise.org/PDS/DTM/ESP/ORB_032300_032399/ESP_032325_0925_ESP_032469_0925/DTEPD_032325_0925_032469_0925_A01.IMG,https://www.uahirise.org/PDS/DTM/ESP/ORB_032300_032399/ESP_032325_0925_ESP_032469_0925/ESP_032325_0925_RED_D_01_ORTHO.JP2,https://www.uahirise.org/PDS/DTM/ESP/ORB_032300_032399/ESP_032325_0925_ESP_032469_0925/ESP_032469_0925_RED_D_01_ORTHO.JP2,2
Outcrop of Rhythmic Stratigraphy Southeast of Crommelin Crater,https://www.uahirise.org/PDS/DTM/ESP/ORB_020500_020599/ESP_020534_1825_ESP_021523_1825/DTEEC_020534_1825_021523_1825_A01.IMG,https://www.uahirise.org/PDS/DTM/ESP/ORB_020500_020599/ESP_020534_1825_ESP_021523_1825/ESP_020534_1825_RED_C_01_ORTHO.JP2,https://www.uahirise.org/PDS/DTM/ESP/ORB_020500_020599/ESP_020534_1825_ESP_021523_1825/ESP_021523_1825_RED_C_01_ORTHO.JP2,1
Light-Toned Layered Deposits Within Valleys Southwest of Ladon Valles,https://www.uahirise.org/PDS/DTM/ESP/ORB_028600_028699/ESP_028671_1600_ESP_027893_1600/DTEEC_028671_1600_027893_1600_A01.IMG,https://www.uahirise.org/PDS/DTM/ESP/ORB_028600_028699/ESP_028671_1600_ESP_027893_1600/ESP_028671_1600_RED_C_01_ORTHO.JP2,https://www.uahirise.org/PDS/DTM/ESP/ORB_028600_028699/ESP_028671_1600_ESP_027893_1600/ESP_027893_1600_RED_C_01_ORTHO.JP2,1
Central Resen Crater,https://www.uahirise.org/PDS/DTM/ESP/ORB_047500_047599/ESP_047549_1520_ESP_057228_1520/DTEEC_047549_1520_057228_1520_A01.IMG,https://www.uahirise.org/PDS/DTM/ESP/ORB_047500_047599/ESP_047549_1520_ESP_057228_1520/ESP_047549_1520_RED_C_01_ORTHO.JP2,https://www.uahirise.org/PDS/DTM/ESP/ORB_047500_047599/ESP_047549_1520_ESP_057228_1520/ESP_057228_1520_RED_C_01_ORTHO.JP2,1
Grand Canyon of Gale Crater,https://www.uahirise.org/PDS/DTM/ESP/ORB_012300_012399/ESP_012340_1750_ESP_012195_1750/DTEEC_012340_1750_012195_1750_A01.IMG,https://www.uahirise.org/PDS/DTM/ESP/ORB_012300_012399/ESP_012340_1750_ESP_012195_1750/ESP_012340_1750_RED_C_01_ORTHO.JP2,https://www.uahirise.org/PDS/DTM/ESP/ORB_012300_012399/ESP_012340_1750_ESP_012195_1750/ESP_012195_1750_RED_C_01_ORTHO.JP2,1.01
Hellespontus Region Dunes,https://www.uahirise.org/PDS/DTM/ESP/ORB_042200_042299/ESP_042224_1380_ESP_042290_1380/DTEEC_042224_1380_042290_1380_A01.IMG,https://www.uahirise.org/PDS/DTM/ESP/ORB_042200_042299/ESP_042224_1380_ESP_042290_1380/ESP_042224_1380_RED_C_01_ORTHO.JP2,https://www.uahirise.org/PDS/DTM/ESP/ORB_042200_042299/ESP_042224_1380_ESP_042290_1380/ESP_042290_1380_RED_C_01_ORTHO.JP2,1
Basal Exposure of South Polar Layered Deposits,https://www.uahirise.org/PDS/DTM/PSP/ORB_005600_005699/PSP_005682_1035_PSP_005458_1035/DTEPC_005682_1035_005458_1035_A01.IMG,https://www.uahirise.org/PDS/DTM/PSP/ORB_005600_005699/PSP_005682_1035_PSP_005458_1035/PSP_005682_1035_RED_C_01_ORTHO.JP2,https://www.uahirise.org/PDS/DTM/PSP/ORB_005600_005699/PSP_005682_1035_PSP_005458_1035/PSP_005458_1035_RED_C_01_ORTHO.JP2,1
Changes in Intracrater Dunes,https://www.uahirise.org/PDS/DTM/ESP/ORB_023400_023499/ESP_023420_1345_ESP_023130_1345/DTEEC_023420_1345_023130_1345_A01.IMG,https://www.uahirise.org/PDS/DTM/ESP/ORB_023400_023499/ESP_023420_1345_ESP_023130_1345/ESP_023420_1345_RED_C_01_ORTHO.JP2,https://www.uahirise.org/PDS/DTM/ESP/ORB_023400_023499/ESP_023420_1345_ESP_023130_1345/ESP_023130_1345_RED_C_01_ORTHO.JP2,0.99
Crater Breach and Associated Channels,https://www.uahirise.org/PDS/DTM/ESP/ORB_050300_050399/ESP_050308_2225_ESP_050585_2225/DTEED_050308_2225_050585_2225_A01.IMG,https://www.uahirise.org/PDS/DTM/ESP/ORB_050300_050399/ESP_050308_2225_ESP_050585_2225/ESP_050308_2225_RED_D_01_ORTHO.JP2,https://www.uahirise.org/PDS/DTM/ESP/ORB_050300_050399/ESP_050308_2225_ESP_050585_2225/ESP_050585_2225_RED_D_01_ORTHO.JP2,2
Crater with Topographically Inverted Ejecta Blanket,https://www.uahirise.org/PDS/DTM/ESP/ORB_052500_052599/ESP_052594_2485_ESP_052370_2485/DTEPC_052594_2485_052370_2485_A01.IMG,https://www.uahirise.org/PDS/DTM/ESP/ORB_052500_052599/ESP_052594_2485_ESP_052370_2485/ESP_052594_2485_RED_C_01_ORTHO.JP2,https://www.uahirise.org/PDS/DTM/ESP/ORB_052500_052599/ESP_052594_2485_ESP_052370_2485/ESP_052370_2485_RED_C_01_ORTHO.JP2,1
Channel in Phlegra Montes,https://www.uahirise.org/PDS/DTM/ESP/ORB_049700_049799/ESP_049709_2185_ESP_049775_2185/DTEEC_049709_2185_049775_2185_A01.IMG,https://www.uahirise.org/PDS/DTM/ESP/ORB_049700_049799/ESP_049709_2185_ESP_049775_2185/ESP_049709_2185_RED_C_01_ORTHO.JP2,https://www.uahirise.org/PDS/DTM/ESP/ORB_049700_049799/ESP_049709_2185_ESP_049775_2185/ESP_049775_2185_RED_C_01_ORTHO.JP2,1
Possible Phyllosilicate-Rich Stratigraphy in Western Mawrth Vallis,https://www.uahirise.org/PDS/DTM/ESP/ORB_060000_060099/ESP_060094_2050_ESP_059738_2050/DTEED_060094_2050_059738_2050_A01.IMG,https://www.uahirise.org/PDS/DTM/ESP/ORB_060000_060099/ESP_060094_2050_ESP_059738_2050/ESP_060094_2050_IRB_D_01_ORTHO.JP2,https://www.uahirise.org/PDS/DTM/ESP/ORB_060000_060099/ESP_060094_2050_ESP_059738_2050/ESP_059738_2050_RED_D_01_ORTHO.JP2,2.01
Mounds with Flows in Acidalia Planitia,https://www.uahirise.org/PDS/DTM/ESP/ORB_019000_019099/ESP_019018_2210_ESP_018728_2210/DTEEC_019018_2210_018728_2210_A01.IMG,https://www.uahirise.org/PDS/DTM/ESP/ORB_019000_019099/ESP_019018_2210_ESP_018728_2210/ESP_019018_2210_RED_C_01_ORTHO.JP2,https://www.uahirise.org/PDS/DTM/ESP/ORB_019000_019099/ESP_019018_2210_ESP_018728_2210/ESP_018728_2210_RED_C_01_ORTHO.JP2,1
Chaos and Outflow Channel Floor Transition in Osuga Valles,https://www.uahirise.org/PDS/DTM/ESP/ORB_027300_027399/ESP_027392_1650_ESP_027880_1650/DTEED_027392_1650_027880_1650_A01.IMG,https://www.uahirise.org/PDS/DTM/ESP/ORB_027300_027399/ESP_027392_1650_ESP_027880_1650/ESP_027392_1650_RED_D_01_ORTHO.JP2,https://www.uahirise.org/PDS/DTM/ESP/ORB_027300_027399/ESP_027392_1650_ESP_027880_1650/ESP_027880_1650_RED_D_01_ORTHO.JP2,2.02
Polygonal Ground at Edge of Fan Deposit,https://www.uahirise.org/PDS/DTM/ESP/ORB_039500_039599/ESP_039524_1920_ESP_012228_1920/DTEEC_039524_1920_012228_1920_L01.IMG,https://www.uahirise.org/PDS/DTM/ESP/ORB_039500_039599/ESP_039524_1920_ESP_012228_1920/ESP_039524_1920_RED_C_01_ORTHO.JP2,https://www.uahirise.org/PDS/DTM/ESP/ORB_039500_039599/ESP_039524_1920_ESP_012228_1920/ESP_012228_1920_RED_C_01_ORTHO.JP2,1.01
Candidate Landing Site for 2020 Mission in Hypanis Valles Delta,https://www.uahirise.org/PDS/DTM/ESP/ORB_044400_044499/ESP_044416_1920_ESP_044271_1920/DTEEC_044416_1920_044271_1920_L01.IMG,https://www.uahirise.org/PDS/DTM/ESP/ORB_044400_044499/ESP_044416_1920_ESP_044271_1920/ESP_044416_1920_RED_C_01_ORTHO.JP2,https://www.uahirise.org/PDS/DTM/ESP/ORB_044400_044499/ESP_044416_1920_ESP_044271_1920/ESP_044271_1920_RED_C_01_ORTHO.JP2,1.01
Layered Outcrops,https://www.uahirise.org/PDS/DTM/ESP/ORB_029500_029599/ESP_029514_1820_ESP_030292_1820/DTEED_029514_1820_030292_1820_A01.IMG,https://www.uahirise.org/PDS/DTM/ESP/ORB_029500_029599/ESP_029514_1820_ESP_030292_1820/ESP_029514_1820_RED_D_01_ORTHO.JP2,https://www.uahirise.org/PDS/DTM/ESP/ORB_029500_029599/ESP_029514_1820_ESP_030292_1820/ESP_030292_1820_RED_D_01_ORTHO.JP2,2.02
Tongue-Shaped Flow Features in Deuteronilus Mensae,https://www.uahirise.org/PDS/DTM/ESP/ORB_035800_035899/ESP_035828_2255_ESP_035327_2255/DTEEC_035828_2255_035327_2255_A01.IMG,https://www.uahirise.org/PDS/DTM/ESP/ORB_035800_035899/ESP_035828_2255_ESP_035327_2255/ESP_035828_2255_RED_C_01_ORTHO.JP2,https://www.uahirise.org/PDS/DTM/ESP/ORB_035800_035899/ESP_035828_2255_ESP_035327_2255/ESP_035327_2255_RED_C_01_ORTHO.JP2,0.99
Monitor Slopes on North Wall of Coprates Chasma,https://www.uahirise.org/PDS/DTM/ESP/ORB_048600_048699/ESP_048689_1670_ESP_048610_1670/DTEEC_048689_1670_048610_1670_A01.IMG,https://www.uahirise.org/PDS/DTM/ESP/ORB_048600_048699/ESP_048689_1670_ESP_048610_1670/ESP_048689_1670_RED_C_01_ORTHO.JP2,https://www.uahirise.org/PDS/DTM/ESP/ORB_048600_048699/ESP_048689_1670_ESP_048610_1670/ESP_048610_1670_RED_C_01_ORTHO.JP2,1.01
Central Peak of an Impact Crater,https://www.uahirise.org/PDS/DTM/ESP/ORB_028500_028599/ESP_028535_1515_ESP_033783_1515/DTEED_028535_1515_033783_1515_A01.IMG,https://www.uahirise.org/PDS/DTM/ESP/ORB_028500_028599/ESP_028535_1515_ESP_033783_1515/ESP_028535_1515_RED_D_01_ORTHO.JP2,https://www.uahirise.org/PDS/DTM/ESP/ORB_028500_028599/ESP_028535_1515_ESP_033783_1515/ESP_033783_1515_RED_D_01_ORTHO.JP2,2.01
Stratigraphy Exposed in Ius Chasma,https://www.uahirise.org/PDS/DTM/PSP/ORB_007400_007499/PSP_007430_1725_PSP_009645_1725/DTEEC_007430_1725_009645_1725_A01.IMG,https://www.uahirise.org/PDS/DTM/PSP/ORB_007400_007499/PSP_007430_1725_PSP_009645_1725/PSP_007430_1725_RED_C_01_ORTHO.JP2,https://www.uahirise.org/PDS/DTM/PSP/ORB_007400_007499/PSP_007430_1725_PSP_009645_1725/PSP_009645_1725_RED_C_01_ORTHO.JP2,1.01
Oxia Palus,https://www.uahirise.org/PDS/DTM/ESP/ORB_037800_037899/ESP_037874_1880_ESP_037729_1880/DTEEC_037874_1880_037729_1880_B01.IMG,https://www.uahirise.org/PDS/DTM/ESP/ORB_037800_037899/ESP_037874_1880_ESP_037729_1880/ESP_037874_1880_RED_C_01_ORTHO.JP2,https://www.uahirise.org/PDS/DTM/ESP/ORB_037800_037899/ESP_037874_1880_ESP_037729_1880/ESP_037729_1880_RED_C_01_ORTHO.JP2,1.01
Possible Future Landing Site in Sabrina Vallis Outlet,https://www.uahirise.org/PDS/DTM/ESP/ORB_027100_027199/ESP_027168_1920_ESP_027656_1920/DTEEC_027168_1920_027656_1920_L01.IMG,https://www.uahirise.org/PDS/DTM/ESP/ORB_027100_027199/ESP_027168_1920_ESP_027656_1920/ESP_027168_1920_RED_C_01_ORTHO.JP2,https://www.uahirise.org/PDS/DTM/ESP/ORB_027100_027199/ESP_027168_1920_ESP_027656_1920/ESP_027656_1920_RED_C_01_ORTHO.JP2,1.01
Candidate ExoMars Landing Site at Hypanis Valles Outflow,https://www.uahirise.org/PDS/DTM/ESP/ORB_036500_036599/ESP_036517_1920_ESP_036583_1920/DTEEC_036517_1920_036583_1920_L01.IMG,https://www.uahirise.org/PDS/DTM/ESP/ORB_036500_036599/ESP_036517_1920_ESP_036583_1920/ESP_036517_1920_RED_C_01_ORTHO.JP2,https://www.uahirise.org/PDS/DTM/ESP/ORB_036500_036599/ESP_036517_1920_ESP_036583_1920/ESP_036583_1920_RED_C_01_ORTHO.JP2,1.01
Candidate Future Landing Site Near Sabrina Vallis,https://www.uahirise.org/PDS/DTM/ESP/ORB_026800_026899/ESP_026812_1920_ESP_026878_1920/DTEEC_026812_1920_026878_1920_L01.IMG,https://www.uahirise.org/PDS/DTM/ESP/ORB_026800_026899/ESP_026812_1920_ESP_026878_1920/ESP_026812_1920_RED_C_01_ORTHO.JP2,https://www.uahirise.org/PDS/DTM/ESP/ORB_026800_026899/ESP_026812_1920_ESP_026878_1920/ESP_026878_1920_RED_C_01_ORTHO.JP2,1.01
Candidate Future Landing Site in Sabrina Vallis Delta,https://www.uahirise.org/PDS/DTM/ESP/ORB_029900_029999/ESP_029990_1920_ESP_029845_1920/DTEEC_029990_1920_029845_1920_L01.IMG,https://www.uahirise.org/PDS/DTM/ESP/ORB_029900_029999/ESP_029990_1920_ESP_029845_1920/ESP_029990_1920_RED_C_01_ORTHO.JP2,https://www.uahirise.org/PDS/DTM/ESP/ORB_029900_029999/ESP_029990_1920_ESP_029845_1920/ESP_029845_1920_RED_C_01_ORTHO.JP2,1.01
Xanthe Terra Region,https://www.uahirise.org/PDS/DTM/ESP/ORB_036800_036899/ESP_036873_1920_ESP_035528_1920/DTEEC_036873_1920_035528_1920_H01.IMG,https://www.uahirise.org/PDS/DTM/ESP/ORB_036800_036899/ESP_036873_1920_ESP_035528_1920/ESP_036873_1920_RED_C_01_ORTHO.JP2,https://www.uahirise.org/PDS/DTM/ESP/ORB_036800_036899/ESP_036873_1920_ESP_035528_1920/ESP_035528_1920_RED_C_01_ORTHO.JP2,1.01
Light-Toned Layering in Ladon Valles,https://www.uahirise.org/PDS/DTM/ESP/ORB_020700_020799/ESP_020759_1595_ESP_029238_1595/DTEEC_020759_1595_029238_1595_A01.IMG,https://www.uahirise.org/PDS/DTM/ESP/ORB_020700_020799/ESP_020759_1595_ESP_029238_1595/ESP_020759_1595_RED_C_01_ORTHO.JP2,https://www.uahirise.org/PDS/DTM/ESP/ORB_020700_020799/ESP_020759_1595_ESP_029238_1595/ESP_029238_1595_RED_C_01_ORTHO.JP2,1
Light-Toned Deposits in Ladon Valles Basin,https://www.uahirise.org/PDS/DTM/ESP/ORB_028800_028899/ESP_028816_1605_ESP_029594_1605/DTEEC_028816_1605_029594_1605_A01.IMG,https://www.uahirise.org/PDS/DTM/ESP/ORB_028800_028899/ESP_028816_1605_ESP_029594_1605/ESP_028816_1605_RED_C_01_ORTHO.JP2,https://www.uahirise.org/PDS/DTM/ESP/ORB_028800_028899/ESP_028816_1605_ESP_029594_1605/ESP_029594_1605_RED_C_01_ORTHO.JP2,1
Light-Toned Layering in Ladon Valles,https://www.uahirise.org/PDS/DTM/ESP/ORB_028300_028399/ESP_028394_1595_PSP_010632_1595/DTEEC_028394_1595_010632_1595_A01.IMG,https://www.uahirise.org/PDS/DTM/ESP/ORB_028300_028399/ESP_028394_1595_PSP_010632_1595/ESP_028394_1595_RED_C_01_ORTHO.JP2,https://www.uahirise.org/PDS/DTM/ESP/ORB_028300_028399/ESP_028394_1595_PSP_010632_1595/PSP_010632_1595_RED_C_01_ORTHO.JP2,1
Flow Feature in Deuteronilus Mensae,https://www.uahirise.org/PDS/DTM/ESP/ORB_050200_050299/ESP_050281_2245_ESP_050558_2245/DTEED_050281_2245_050558_2245_A01.IMG,https://www.uahirise.org/PDS/DTM/ESP/ORB_050200_050299/ESP_050281_2245_ESP_050558_2245/ESP_050281_2245_RED_D_01_ORTHO.JP2,https://www.uahirise.org/PDS/DTM/ESP/ORB_050200_050299/ESP_050281_2245_ESP_050558_2245/ESP_050558_2245_RED_D_01_ORTHO.JP2,2
Possible Bedform Changes in Medusae Fossae,https://www.uahirise.org/PDS/DTM/ESP/ORB_024000_024099/ESP_024047_1895_ESP_024113_1895/DTEEC_024047_1895_024113_1895_A01.IMG,https://www.uahirise.org/PDS/DTM/ESP/ORB_024000_024099/ESP_024047_1895_ESP_024113_1895/ESP_024047_1895_RED_C_01_ORTHO.JP2,https://www.uahirise.org/PDS/DTM/ESP/ORB_024000_024099/ESP_024047_1895_ESP_024113_1895/ESP_024113_1895_RED_C_01_ORTHO.JP2,1.01
Exposed Layers in Medusae Fossae Formation,https://www.uahirise.org/PDS/DTM/ESP/ORB_055500_055599/ESP_055589_1895_ESP_055655_1895/DTEEC_055589_1895_055655_1895_A01.IMG,https://www.uahirise.org/PDS/DTM/ESP/ORB_055500_055599/ESP_055589_1895_ESP_055655_1895/ESP_055589_1895_RED_C_01_ORTHO.JP2,https://www.uahirise.org/PDS/DTM/ESP/ORB_055500_055599/ESP_055589_1895_ESP_055655_1895/ESP_055655_1895_RED_C_01_ORTHO.JP2,1.01
Possible Cinder Cone on the Southern Flank of Pavonis Mons,https://www.uahirise.org/PDS/DTM/PSP/ORB_002600_002699/PSP_002671_1790_ESP_011413_1790/DTEEC_002671_1790_011413_1790_U01.IMG,https://www.uahirise.org/PDS/DTM/PSP/ORB_002600_002699/PSP_002671_1790_ESP_011413_1790/PSP_002671_1790_RED_C_01_ORTHO.JP2,https://www.uahirise.org/PDS/DTM/PSP/ORB_002600_002699/PSP_002671_1790_ESP_011413_1790/ESP_011413_1790_RED_C_01_ORTHO.JP2,1.01
Candidate ExoMars Landing Site in Mawrth Vallis,https://www.uahirise.org/PDS/DTM/ESP/ORB_046100_046199/ESP_046103_2030_ESP_052129_2030/DTEEC_046103_2030_052129_2030_L01.IMG,https://www.uahirise.org/PDS/DTM/ESP/ORB_046100_046199/ESP_046103_2030_ESP_052129_2030/ESP_046103_2030_RED_C_01_ORTHO.JP2,https://www.uahirise.org/PDS/DTM/ESP/ORB_046100_046199/ESP_046103_2030_ESP_052129_2030/ESP_052129_2030_RED_C_01_ORTHO.JP2,1
Possible Future Mars Landing Site in Oxia Planum,https://www.uahirise.org/PDS/DTM/ESP/ORB_037000_037099/ESP_037070_1985_ESP_037136_1985/DTEEC_037070_1985_037136_1985_L01.IMG,https://www.uahirise.org/PDS/DTM/ESP/ORB_037000_037099/ESP_037070_1985_ESP_037136_1985/ESP_037070_1985_RED_C_01_ORTHO.JP2,https://www.uahirise.org/PDS/DTM/ESP/ORB_037000_037099/ESP_037070_1985_ESP_037136_1985/ESP_037136_1985_RED_C_01_ORTHO.JP2,1
Candidate ExoMars Landing Site,https://www.uahirise.org/PDS/DTM/ESP/ORB_039200_039299/ESP_039299_1985_ESP_047501_1985/DTEEC_039299_1985_047501_1985_L01.IMG,https://www.uahirise.org/PDS/DTM/ESP/ORB_039200_039299/ESP_039299_1985_ESP_047501_1985/ESP_039299_1985_RED_C_01_ORTHO.JP2,https://www.uahirise.org/PDS/DTM/ESP/ORB_039200_039299/ESP_039299_1985_ESP_047501_1985/ESP_047501_1985_RED_C_01_ORTHO.JP2,1
Oxia Palus Region,https://www.uahirise.org/PDS/DTM/ESP/ORB_042100_042199/ESP_042134_1985_ESP_053962_1985/DTEEC_042134_1985_053962_1985_L01.IMG,https://www.uahirise.org/PDS/DTM/ESP/ORB_042100_042199/ESP_042134_1985_ESP_053962_1985/ESP_042134_1985_RED_C_01_ORTHO.JP2,https://www.uahirise.org/PDS/DTM/ESP/ORB_042100_042199/ESP_042134_1985_ESP_053962_1985/ESP_053962_1985_RED_C_01_ORTHO.JP2,1
Louth Crater Ice Mound,https://www.uahirise.org/PDS/DTM/ESP/ORB_053800_053899/ESP_053825_2505_ESP_053812_2505/DTEPC_053825_2505_053812_2505_A01.IMG,https://www.uahirise.org/PDS/DTM/ESP/ORB_053800_053899/ESP_053825_2505_ESP_053812_2505/ESP_053825_2505_RED_C_01_ORTHO.JP2,https://www.uahirise.org/PDS/DTM/ESP/ORB_053800_053899/ESP_053825_2505_ESP_053812_2505/ESP_053812_2505_RED_C_01_ORTHO.JP2,1
Eastern Rim and Ejecta of Resen Crater,https://www.uahirise.org/PDS/DTM/ESP/ORB_046400_046499/ESP_046415_1520_ESP_046837_1520/DTEED_046415_1520_046837_1520_A01.IMG,https://www.uahirise.org/PDS/DTM/ESP/ORB_046400_046499/ESP_046415_1520_ESP_046837_1520/ESP_046415_1520_RED_D_01_ORTHO.JP2,https://www.uahirise.org/PDS/DTM/ESP/ORB_046400_046499/ESP_046415_1520_ESP_046837_1520/ESP_046837_1520_RED_D_01_ORTHO.JP2,2.01
Candidate Recent Impact Site,https://www.uahirise.org/PDS/DTM/ESP/ORB_054000_054099/ESP_054035_1915_ESP_053745_1915/DTEEC_054035_1915_053745_1915_A01.IMG,https://www.uahirise.org/PDS/DTM/ESP/ORB_054000_054099/ESP_054035_1915_ESP_053745_1915/ESP_054035_1915_RED_C_01_ORTHO.JP2,https://www.uahirise.org/PDS/DTM/ESP/ORB_054000_054099/ESP_054035_1915_ESP_053745_1915/ESP_053745_1915_RED_C_01_ORTHO.JP2,1.01
Light-Toned Layered Deposits Exposed along Ladon Valles Floor,https://www.uahirise.org/PDS/DTM/ESP/ORB_037400_037499/ESP_037400_1585_ESP_033998_1585/DTEEC_037400_1585_033998_1585_A01.IMG,https://www.uahirise.org/PDS/DTM/ESP/ORB_037400_037499/ESP_037400_1585_ESP_033998_1585/ESP_037400_1585_RED_C_01_ORTHO.JP2,https://www.uahirise.org/PDS/DTM/ESP/ORB_037400_037499/ESP_037400_1585_ESP_033998_1585/ESP_033998_1585_RED_C_01_ORTHO.JP2,1
North Polar Change Detection,https://www.uahirise.org/PDS/DTM/ESP/ORB_035500_035599/ESP_035588_2565_ESP_035641_2565/DTEPC_035588_2565_035641_2565_A01.IMG,https://www.uahirise.org/PDS/DTM/ESP/ORB_035500_035599/ESP_035588_2565_ESP_035641_2565/ESP_035588_2565_RED_C_01_ORTHO.JP2,https://www.uahirise.org/PDS/DTM/ESP/ORB_035500_035599/ESP_035588_2565_ESP_035641_2565/ESP_035641_2565_RED_C_01_ORTHO.JP2,0.98
Dune Migration,https://www.uahirise.org/PDS/DTM/ESP/ORB_027700_027799/ESP_027738_2590_ESP_027026_2590/DTEPC_027738_2590_027026_2590_A01.IMG,https://www.uahirise.org/PDS/DTM/ESP/ORB_027700_027799/ESP_027738_2590_ESP_027026_2590/ESP_027738_2590_RED_C_01_ORTHO.JP2,https://www.uahirise.org/PDS/DTM/ESP/ORB_027700_027799/ESP_027738_2590_ESP_027026_2590/ESP_027026_2590_RED_C_01_ORTHO.JP2,1
Exit Breach in Well-Preserved Crater,https://www.uahirise.org/PDS/DTM/ESP/ORB_052900_052999/ESP_052945_2150_ESP_053222_2150/DTEEC_052945_2150_053222_2150_A01.IMG,https://www.uahirise.org/PDS/DTM/ESP/ORB_052900_052999/ESP_052945_2150_ESP_053222_2150/ESP_052945_2150_RED_C_01_ORTHO.JP2,https://www.uahirise.org/PDS/DTM/ESP/ORB_052900_052999/ESP_052945_2150_ESP_053222_2150/ESP_053222_2150_RED_C_01_ORTHO.JP2,1
Crater on South Polar Layered Deposits,https://www.uahirise.org/PDS/DTM/ESP/ORB_057800_057899/ESP_057851_0985_ESP_057970_0985/DTEPC_057851_0985_057970_0985_A01.IMG,https://www.uahirise.org/PDS/DTM/ESP/ORB_057800_057899/ESP_057851_0985_ESP_057970_0985/ESP_057851_0985_RED_C_01_ORTHO.JP2,https://www.uahirise.org/PDS/DTM/ESP/ORB_057800_057899/ESP_057851_0985_ESP_057970_0985/ESP_057970_0985_RED_C_01_ORTHO.JP2,1
Crater on Northern Plains,https://www.uahirise.org/PDS/DTM/ESP/ORB_027800_027899/ESP_027860_2525_ESP_027768_2525/DTEPC_027860_2525_027768_2525_G01.IMG,https://www.uahirise.org/PDS/DTM/ESP/ORB_027800_027899/ESP_027860_2525_ESP_027768_2525/ESP_027860_2525_RED_A_01_ORTHO.JP2,https://www.uahirise.org/PDS/DTM/ESP/ORB_027800_027899/ESP_027860_2525_ESP_027768_2525/ESP_027768_2525_RED_A_01_ORTHO.JP2,0.98
Fresh Crater,https://www.uahirise.org/PDS/DTM/ESP/ORB_025800_025899/ESP_025888_2365_ESP_025664_2365/DTEEC_025888_2365_025664_2365_O01.IMG,https://www.uahirise.org/PDS/DTM/ESP/ORB_025800_025899/ESP_025888_2365_ESP_025664_2365/ESP_025888_2365_RED_A_01_ORTHO.JP2,https://www.uahirise.org/PDS/DTM/ESP/ORB_025800_025899/ESP_025888_2365_ESP_025664_2365/ESP_025664_2365_RED_A_01_ORTHO.JP2,0.99
Crater,https://www.uahirise.org/PDS/DTM/ESP/ORB_027000_027099/ESP_027065_2405_ESP_026564_2405/DTEEC_027065_2405_026564_2405_G01.IMG,https://www.uahirise.org/PDS/DTM/ESP/ORB_027000_027099/ESP_027065_2405_ESP_026564_2405/ESP_027065_2405_RED_A_01_ORTHO.JP2,https://www.uahirise.org/PDS/DTM/ESP/ORB_027000_027099/ESP_027065_2405_ESP_026564_2405/ESP_026564_2405_RED_A_01_ORTHO.JP2,0.99
Crater on Northern Plains,https://www.uahirise.org/PDS/DTM/ESP/ORB_019100_019199/ESP_019147_2395_ESP_018712_2395/DTEEC_019147_2395_018712_2395_G01.IMG,https://www.uahirise.org/PDS/DTM/ESP/ORB_019100_019199/ESP_019147_2395_ESP_018712_2395/ESP_019147_2395_RED_A_01_ORTHO.JP2,https://www.uahirise.org/PDS/DTM/ESP/ORB_019100_019199/ESP_019147_2395_ESP_018712_2395/ESP_018712_2395_RED_A_01_ORTHO.JP2,0.99
Domoni Crater Secondaries,https://www.uahirise.org/PDS/DTM/ESP/ORB_035400_035499/ESP_035425_2335_ESP_034990_2335/DTEEC_035425_2335_034990_2335_A01.IMG,https://www.uahirise.org/PDS/DTM/ESP/ORB_035400_035499/ESP_035425_2335_ESP_034990_2335/ESP_035425_2335_RED_C_01_ORTHO.JP2,https://www.uahirise.org/PDS/DTM/ESP/ORB_035400_035499/ESP_035425_2335_ESP_034990_2335/ESP_034990_2335_RED_C_01_ORTHO.JP2,0.99
South Polar Layered Deposits Exposed in Ultimum Chasma,https://www.uahirise.org/PDS/DTM/ESP/ORB_013600_013699/ESP_013619_0990_ESP_013672_0990/DTEPC_013619_0990_013672_0990_A01.IMG,https://www.uahirise.org/PDS/DTM/ESP/ORB_013600_013699/ESP_013619_0990_ESP_013672_0990/ESP_013619_0990_RED_C_01_ORTHO.JP2,https://www.uahirise.org/PDS/DTM/ESP/ORB_013600_013699/ESP_013619_0990_ESP_013672_0990/ESP_013672_0990_RED_C_01_ORTHO.JP2,1
Tongue-Shaped Flow Feature in Protonilus Mensae,https://www.uahirise.org/PDS/DTM/ESP/ORB_025300_025399/ESP_025305_2225_ESP_025582_2225/DTEEC_025305_2225_025582_2225_A01.IMG,https://www.uahirise.org/PDS/DTM/ESP/ORB_025300_025399/ESP_025305_2225_ESP_025582_2225/ESP_025305_2225_RED_C_01_ORTHO.JP2,https://www.uahirise.org/PDS/DTM/ESP/ORB_025300_025399/ESP_025305_2225_ESP_025582_2225/ESP_025582_2225_RED_C_01_ORTHO.JP2,1
Interior and Ejecta of Well-Preserved Crater in Hesperia Planum,https://www.uahirise.org/PDS/DTM/ESP/ORB_049400_049499/ESP_049421_1540_ESP_049487_1540/DTEED_049421_1540_049487_1540_A01.IMG,https://www.uahirise.org/PDS/DTM/ESP/ORB_049400_049499/ESP_049421_1540_ESP_049487_1540/ESP_049421_1540_RED_D_01_ORTHO.JP2,https://www.uahirise.org/PDS/DTM/ESP/ORB_049400_049499/ESP_049421_1540_ESP_049487_1540/ESP_049487_1540_RED_D_01_ORTHO.JP2,2.01
Depressions and Channels on the Floor of Lyot Crater,https://www.uahirise.org/PDS/DTM/ESP/ORB_052600_052699/ESP_052628_2310_ESP_052694_2310/DTEEC_052628_2310_052694_2310_A01.IMG,https://www.uahirise.org/PDS/DTM/ESP/ORB_052600_052699/ESP_052628_2310_ESP_052694_2310/ESP_052628_2310_RED_C_01_ORTHO.JP2,https://www.uahirise.org/PDS/DTM/ESP/ORB_052600_052699/ESP_052628_2310_ESP_052694_2310/ESP_052694_2310_RED_C_01_ORTHO.JP2,0.99
Exposure of Basal Section of Polar Layered Deposits,https://www.uahirise.org/PDS/DTM/ESP/ORB_024000_024099/ESP_024010_1080_PSP_006262_1080/DTEPD_024010_1080_006262_1080_A01.IMG,https://www.uahirise.org/PDS/DTM/ESP/ORB_024000_024099/ESP_024010_1080_PSP_006262_1080/ESP_024010_1080_RED_D_01_ORTHO.JP2,https://www.uahirise.org/PDS/DTM/ESP/ORB_024000_024099/ESP_024010_1080_PSP_006262_1080/PSP_006262_1080_RED_D_01_ORTHO.JP2,2
Exposure of South Polar Layered Deposits,https://www.uahirise.org/PDS/DTM/ESP/ORB_031800_031899/ESP_031827_0940_ESP_031775_0940/DTEPD_031827_0940_031775_0940_A01.IMG,https://www.uahirise.org/PDS/DTM/ESP/ORB_031800_031899/ESP_031827_0940_ESP_031775_0940/ESP_031827_0940_RED_D_01_ORTHO.JP2,https://www.uahirise.org/PDS/DTM/ESP/ORB_031800_031899/ESP_031827_0940_ESP_031775_0940/ESP_031775_0940_RED_D_01_ORTHO.JP2,2
Barchan Dune Changes,https://www.uahirise.org/PDS/DTM/ESP/ORB_039600_039699/ESP_039666_1380_ESP_039732_1380/DTEEC_039666_1380_039732_1380_A01.IMG,https://www.uahirise.org/PDS/DTM/ESP/ORB_039600_039699/ESP_039666_1380_ESP_039732_1380/ESP_039666_1380_RED_C_01_ORTHO.JP2,https://www.uahirise.org/PDS/DTM/ESP/ORB_039600_039699/ESP_039666_1380_ESP_039732_1380/ESP_039732_1380_RED_C_01_ORTHO.JP2,1
Southern Ladon Basin near the Mouth of Ladon Valles,https://www.uahirise.org/PDS/DTM/ESP/ORB_026100_026199/ESP_026139_1600_ESP_027616_1600/DTEEC_026139_1600_027616_1600_A01.IMG,https://www.uahirise.org/PDS/DTM/ESP/ORB_026100_026199/ESP_026139_1600_ESP_027616_1600/ESP_026139_1600_RED_C_01_ORTHO.JP2,https://www.uahirise.org/PDS/DTM/ESP/ORB_026100_026199/ESP_026139_1600_ESP_027616_1600/ESP_027616_1600_RED_C_01_ORTHO.JP2,1
Lateral Dunes,https://www.uahirise.org/PDS/DTM/ESP/ORB_023300_023399/ESP_023349_1120_ESP_023270_1120/DTEPC_023349_1120_023270_1120_A01.IMG,https://www.uahirise.org/PDS/DTM/ESP/ORB_023300_023399/ESP_023349_1120_ESP_023270_1120/ESP_023349_1120_RED_C_01_ORTHO.JP2,https://www.uahirise.org/PDS/DTM/ESP/ORB_023300_023399/ESP_023349_1120_ESP_023270_1120/ESP_023270_1120_RED_C_01_ORTHO.JP2,1
Possible Light-Toned Layered Unit along Noctis Region Depression,https://www.uahirise.org/PDS/DTM/ESP/ORB_022600_022699/ESP_022647_1690_ESP_023069_1690/DTEEC_022647_1690_023069_1690_A01.IMG,https://www.uahirise.org/PDS/DTM/ESP/ORB_022600_022699/ESP_022647_1690_ESP_023069_1690/ESP_022647_1690_RED_C_01_ORTHO.JP2,https://www.uahirise.org/PDS/DTM/ESP/ORB_022600_022699/ESP_022647_1690_ESP_023069_1690/ESP_023069_1690_RED_C_01_ORTHO.JP2,1.01
Graben with Gullied Walls,https://www.uahirise.org/PDS/DTM/ESP/ORB_028900_028999/ESP_028953_1430_ESP_029019_1430/DTEEC_028953_1430_029019_1430_A01.IMG,https://www.uahirise.org/PDS/DTM/ESP/ORB_028900_028999/ESP_028953_1430_ESP_029019_1430/ESP_028953_1430_RED_C_01_ORTHO.JP2,https://www.uahirise.org/PDS/DTM/ESP/ORB_028900_028999/ESP_028953_1430_ESP_029019_1430/ESP_029019_1430_RED_C_01_ORTHO.JP2,1
Gully Monitoring,https://www.uahirise.org/PDS/DTM/ESP/ORB_047100_047199/ESP_047190_1425_ESP_011969_1425/DTEEC_047190_1425_011969_1425_U01.IMG,https://www.uahirise.org/PDS/DTM/ESP/ORB_047100_047199/ESP_047190_1425_ESP_011969_1425/ESP_047190_1425_RED_C_01_ORTHO.JP2,https://www.uahirise.org/PDS/DTM/ESP/ORB_047100_047199/ESP_047190_1425_ESP_011969_1425/ESP_011969_1425_RED_C_01_ORTHO.JP2,1
Layering in Burroughs Crater,https://www.uahirise.org/PDS/DTM/ESP/ORB_057700_057799/ESP_057716_1080_ESP_057848_1080/DTEPC_057716_1080_057848_1080_A01.IMG,https://www.uahirise.org/PDS/DTM/ESP/ORB_057700_057799/ESP_057716_1080_ESP_057848_1080/ESP_057716_1080_RED_C_01_ORTHO.JP2,https://www.uahirise.org/PDS/DTM/ESP/ORB_057700_057799/ESP_057716_1080_ESP_057848_1080/ESP_057848_1080_RED_C_01_ORTHO.JP2,0.98
Northern Plains Features,https://www.uahirise.org/PDS/DTM/ESP/ORB_034200_034299/ESP_034200_2335_ESP_034266_2335/DTEEC_034200_2335_034266_2335_A01.IMG,https://www.uahirise.org/PDS/DTM/ESP/ORB_034200_034299/ESP_034200_2335_ESP_034266_2335/ESP_034200_2335_RED_C_01_ORTHO.JP2,https://www.uahirise.org/PDS/DTM/ESP/ORB_034200_034299/ESP_034200_2335_ESP_034266_2335/ESP_034266_2335_RED_C_01_ORTHO.JP2,0.99
Ridges in Diacria Region,https://www.uahirise.org/PDS/DTM/ESP/ORB_054000_054099/ESP_054086_2330_ESP_054007_2330/DTEED_054086_2330_054007_2330_A01.IMG,https://www.uahirise.org/PDS/DTM/ESP/ORB_054000_054099/ESP_054086_2330_ESP_054007_2330/ESP_054086_2330_RED_D_01_ORTHO.JP2,https://www.uahirise.org/PDS/DTM/ESP/ORB_054000_054099/ESP_054086_2330_ESP_054007_2330/ESP_054007_2330_RED_D_01_ORTHO.JP2,1.99
Possible Future Mars Landing Site of 2018 Joint Rover,https://www.uahirise.org/PDS/DTM/ESP/ORB_026200_026299/ESP_026270_1820_ESP_027747_1820/DTEEC_026270_1820_027747_1820_A01.IMG,https://www.uahirise.org/PDS/DTM/ESP/ORB_026200_026299/ESP_026270_1820_ESP_027747_1820/ESP_026270_1820_RED_C_01_ORTHO.JP2,https://www.uahirise.org/PDS/DTM/ESP/ORB_026200_026299/ESP_026270_1820_ESP_027747_1820/ESP_027747_1820_RED_C_01_ORTHO.JP2,1.01
Layered Bedrock in Northeast Hellas Planitia,https://www.uahirise.org/PDS/DTM/ESP/ORB_020200_020299/ESP_020267_1490_ESP_013964_1490/DTEEC_020267_1490_013964_1490_A01.IMG,https://www.uahirise.org/PDS/DTM/ESP/ORB_020200_020299/ESP_020267_1490_ESP_013964_1490/ESP_020267_1490_IRB_C_01_ORTHO.JP2,https://www.uahirise.org/PDS/DTM/ESP/ORB_020200_020299/ESP_020267_1490_ESP_013964_1490/ESP_013964_1490_RED_C_01_ORTHO.JP2,1
Well-Preserved 4-Kilometer Impact Crater,https://www.uahirise.org/PDS/DTM/ESP/ORB_050500_050599/ESP_050511_1555_ESP_050366_1555/DTEED_050511_1555_050366_1555_A01.IMG,https://www.uahirise.org/PDS/DTM/ESP/ORB_050500_050599/ESP_050511_1555_ESP_050366_1555/ESP_050511_1555_RED_D_01_ORTHO.JP2,https://www.uahirise.org/PDS/DTM/ESP/ORB_050500_050599/ESP_050511_1555_ESP_050366_1555/ESP_050366_1555_RED_D_01_ORTHO.JP2,2.01
Fresh Crater,https://www.uahirise.org/PDS/DTM/ESP/ORB_026300_026399/ESP_026314_2390_ESP_025668_2390/DTEEC_026314_2390_025668_2390_G01.IMG,https://www.uahirise.org/PDS/DTM/ESP/ORB_026300_026399/ESP_026314_2390_ESP_025668_2390/ESP_026314_2390_RED_A_01_ORTHO.JP2,https://www.uahirise.org/PDS/DTM/ESP/ORB_026300_026399/ESP_026314_2390_ESP_025668_2390/ESP_025668_2390_RED_A_01_ORTHO.JP2,0.99
Pits and Channels in Amazonis Planitia,https://www.uahirise.org/PDS/DTM/ESP/ORB_025800_025899/ESP_025827_2025_ESP_025893_2025/DTEED_025827_2025_025893_2025_A01.IMG,https://www.uahirise.org/PDS/DTM/ESP/ORB_025800_025899/ESP_025827_2025_ESP_025893_2025/ESP_025827_2025_RED_D_01_ORTHO.JP2,https://www.uahirise.org/PDS/DTM/ESP/ORB_025800_025899/ESP_025827_2025_ESP_025893_2025/ESP_025893_2025_RED_D_01_ORTHO.JP2,2.01
Reull Vallis and Valley Cut through Crater,https://www.uahirise.org/PDS/DTM/PSP/ORB_006900_006999/PSP_006922_1405_PSP_006777_1405/DTEEC_006922_1405_006777_1405_A01.IMG,https://www.uahirise.org/PDS/DTM/PSP/ORB_006900_006999/PSP_006922_1405_PSP_006777_1405/PSP_006922_1405_RED_C_01_ORTHO.JP2,https://www.uahirise.org/PDS/DTM/PSP/ORB_006900_006999/PSP_006922_1405_PSP_006777_1405/PSP_006777_1405_RED_C_01_ORTHO.JP2,1
Candidate Landing Site for 2020 Mission in Gusev Crater,https://www.uahirise.org/PDS/DTM/ESP/ORB_049700_049799/ESP_049788_1655_ESP_049643_1655/DTEEC_049788_1655_049643_1655_U01.IMG,https://www.uahirise.org/PDS/DTM/ESP/ORB_049700_049799/ESP_049788_1655_ESP_049643_1655/ESP_049788_1655_RED_C_01_ORTHO.JP2,https://www.uahirise.org/PDS/DTM/ESP/ORB_049700_049799/ESP_049788_1655_ESP_049643_1655/ESP_049643_1655_RED_C_01_ORTHO.JP2,1.01
Candidate Landing Site for 2020 Mission in Gusev Crater,https://www.uahirise.org/PDS/DTM/ESP/ORB_035500_035599/ESP_035586_1655_ESP_035230_1655/DTEEC_035586_1655_035230_1655_U01.IMG,https://www.uahirise.org/PDS/DTM/ESP/ORB_035500_035599/ESP_035586_1655_ESP_035230_1655/ESP_035586_1655_RED_C_01_ORTHO.JP2,https://www.uahirise.org/PDS/DTM/ESP/ORB_035500_035599/ESP_035586_1655_ESP_035230_1655/ESP_035230_1655_RED_C_01_ORTHO.JP2,1.01
Exposure of North Polar Layered Deposits,https://www.uahirise.org/PDS/DTM/ESP/ORB_045400_045499/ESP_045474_2730_ESP_045618_2730/DTEPC_045474_2730_045618_2730_U01.IMG,https://www.uahirise.org/PDS/DTM/ESP/ORB_045400_045499/ESP_045474_2730_ESP_045618_2730/ESP_045474_2730_RED_C_01_ORTHO.JP2,https://www.uahirise.org/PDS/DTM/ESP/ORB_045400_045499/ESP_045474_2730_ESP_045618_2730/ESP_045618_2730_RED_C_01_ORTHO.JP2,1
Branched Features within Antoniadi Crater,https://www.uahirise.org/PDS/DTM/ESP/ORB_057600_057699/ESP_057678_2015_ESP_057546_2015/DTEEC_057678_2015_057546_2015_A01.IMG,https://www.uahirise.org/PDS/DTM/ESP/ORB_057600_057699/ESP_057678_2015_ESP_057546_2015/ESP_057678_2015_RED_C_01_ORTHO.JP2,https://www.uahirise.org/PDS/DTM/ESP/ORB_057600_057699/ESP_057678_2015_ESP_057546_2015/ESP_057546_2015_RED_C_01_ORTHO.JP2,1
Crevasse-Like Features Utopia Region,https://www.uahirise.org/PDS/DTM/ESP/ORB_042600_042699/ESP_042618_2210_ESP_042539_2210/DTEEC_042618_2210_042539_2210_U01.IMG,https://www.uahirise.org/PDS/DTM/ESP/ORB_042600_042699/ESP_042618_2210_ESP_042539_2210/ESP_042618_2210_RED_C_01_ORTHO.JP2,https://www.uahirise.org/PDS/DTM/ESP/ORB_042600_042699/ESP_042618_2210_ESP_042539_2210/ESP_042539_2210_RED_C_01_ORTHO.JP2,1
Slopes of Layered Deposits,https://www.uahirise.org/PDS/DTM/ESP/ORB_048300_048399/ESP_048372_1715_ESP_040078_1715/DTEEC_048372_1715_040078_1715_A01.IMG,https://www.uahirise.org/PDS/DTM/ESP/ORB_048300_048399/ESP_048372_1715_ESP_040078_1715/ESP_048372_1715_RED_C_01_ORTHO.JP2,https://www.uahirise.org/PDS/DTM/ESP/ORB_048300_048399/ESP_048372_1715_ESP_040078_1715/ESP_040078_1715_RED_C_01_ORTHO.JP2,1.01
Northern Plains Ridge,https://www.uahirise.org/PDS/DTM/ESP/ORB_050800_050899/ESP_050846_2305_ESP_050978_2305/DTEEC_050846_2305_050978_2305_A01.IMG,https://www.uahirise.org/PDS/DTM/ESP/ORB_050800_050899/ESP_050846_2305_ESP_050978_2305/ESP_050846_2305_RED_C_01_ORTHO.JP2,https://www.uahirise.org/PDS/DTM/ESP/ORB_050800_050899/ESP_050846_2305_ESP_050978_2305/ESP_050978_2305_RED_C_01_ORTHO.JP2,0.99
Fan at Intersection of Valley and Crater Wall in Xanthe Terra,https://www.uahirise.org/PDS/DTM/ESP/ORB_017500_017599/ESP_017555_1875_ESP_018544_1875/DTEEC_017555_1875_018544_1875_A01.IMG,https://www.uahirise.org/PDS/DTM/ESP/ORB_017500_017599/ESP_017555_1875_ESP_018544_1875/ESP_017555_1875_RED_C_01_ORTHO.JP2,https://www.uahirise.org/PDS/DTM/ESP/ORB_017500_017599/ESP_017555_1875_ESP_018544_1875/ESP_018544_1875_RED_C_01_ORTHO.JP2,1.01
Candidate Landing Site for 2020 Mission in Northeast Syrtis Major Region,https://www.uahirise.org/PDS/DTM/ESP/ORB_049000_049099/ESP_049053_1980_ESP_049119_1980/DTEEC_049053_1980_049119_1980_U01.IMG,https://www.uahirise.org/PDS/DTM/ESP/ORB_049000_049099/ESP_049053_1980_ESP_049119_1980/ESP_049053_1980_RED_C_01_ORTHO.JP2,https://www.uahirise.org/PDS/DTM/ESP/ORB_049000_049099/ESP_049053_1980_ESP_049119_1980/ESP_049119_1980_RED_C_01_ORTHO.JP2,1
Candidate MSL Landing Site in Northeast Syrtis Major,https://www.uahirise.org/PDS/DTM/ESP/ORB_017200_017299/ESP_017287_1980_ESP_052020_1985/DTEEC_017287_1980_052020_1985_U01.IMG,https://www.uahirise.org/PDS/DTM/ESP/ORB_017200_017299/ESP_017287_1980_ESP_052020_1985/ESP_017287_1980_RED_C_01_ORTHO.JP2,https://www.uahirise.org/PDS/DTM/ESP/ORB_017200_017299/ESP_017287_1980_ESP_052020_1985/ESP_052020_1985_RED_C_01_ORTHO.JP2,1
Candidate Landing Site for 2020 Mission in Northeast Syrtis Major Region,https://www.uahirise.org/PDS/DTM/ESP/ORB_049800_049899/ESP_049897_1980_ESP_049330_1980/DTEEC_049897_1980_049330_1980_U01.IMG,https://www.uahirise.org/PDS/DTM/ESP/ORB_049800_049899/ESP_049897_1980_ESP_049330_1980/ESP_049897_1980_RED_C_01_ORTHO.JP2,https://www.uahirise.org/PDS/DTM/ESP/ORB_049800_049899/ESP_049897_1980_ESP_049330_1980/ESP_049330_1980_RED_C_01_ORTHO.JP2,1
Terra Cimmeria Intra-Crater Barchan Dune Changes,https://www.uahirise.org/PDS/DTM/ESP/ORB_032400_032499/ESP_032475_1235_ESP_032607_1235/DTEEC_032475_1235_032607_1235_A01.IMG,https://www.uahirise.org/PDS/DTM/ESP/ORB_032400_032499/ESP_032475_1235_ESP_032607_1235/ESP_032475_1235_RED_C_01_ORTHO.JP2,https://www.uahirise.org/PDS/DTM/ESP/ORB_032400_032499/ESP_032475_1235_ESP_032607_1235/ESP_032607_1235_RED_C_01_ORTHO.JP2,0.99
Holden Crater Dune Topography,https://www.uahirise.org/PDS/DTM/ESP/ORB_043300_043399/ESP_043374_1540_ESP_043229_1540/DTEEC_043374_1540_043229_1540_A01.IMG,https://www.uahirise.org/PDS/DTM/ESP/ORB_043300_043399/ESP_043374_1540_ESP_043229_1540/ESP_043374_1540_RED_C_01_ORTHO.JP2,https://www.uahirise.org/PDS/DTM/ESP/ORB_043300_043399/ESP_043374_1540_ESP_043229_1540/ESP_043229_1540_RED_C_01_ORTHO.JP2,1
Alluvial Fan Surface with Inverted Channels,https://www.uahirise.org/PDS/DTM/ESP/ORB_028500_028599/ESP_028579_1580_ESP_033471_1580/DTEEC_028579_1580_033471_1580_A01.IMG,https://www.uahirise.org/PDS/DTM/ESP/ORB_028500_028599/ESP_028579_1580_ESP_033471_1580/ESP_028579_1580_RED_A_01_ORTHO.JP2,https://www.uahirise.org/PDS/DTM/ESP/ORB_028500_028599/ESP_028579_1580_ESP_033471_1580/ESP_033471_1580_RED_C_01_ORTHO.JP2,1
Alluvial Fan in Far Western Terra Tyrrhena,https://www.uahirise.org/PDS/DTM/ESP/ORB_018700_018799/ESP_018738_1585_ESP_019160_1585/DTEED_018738_1585_019160_1585_A01.IMG,https://www.uahirise.org/PDS/DTM/ESP/ORB_018700_018799/ESP_018738_1585_ESP_019160_1585/ESP_018738_1585_RED_D_01_ORTHO.JP2,https://www.uahirise.org/PDS/DTM/ESP/ORB_018700_018799/ESP_018738_1585_ESP_019160_1585/ESP_019160_1585_RED_D_01_ORTHO.JP2,2.01
North Polar Linear Dune Source Changes,https://www.uahirise.org/PDS/DTM/ESP/ORB_027400_027499/ESP_027461_2580_ESP_027369_2580/DTEPC_027461_2580_027369_2580_A01.IMG,https://www.uahirise.org/PDS/DTM/ESP/ORB_027400_027499/ESP_027461_2580_ESP_027369_2580/ESP_027461_2580_RED_C_01_ORTHO.JP2,https://www.uahirise.org/PDS/DTM/ESP/ORB_027400_027499/ESP_027461_2580_ESP_027369_2580/ESP_027369_2580_RED_C_01_ORTHO.JP2,1
Crater Partially Exhumed by Sublimation in Amphitrites Patera,https://www.uahirise.org/PDS/DTM/PSP/ORB_005600_005699/PSP_005632_1225_PSP_005342_1225/DTEED_005632_1225_005342_1225_A01.IMG,https://www.uahirise.org/PDS/DTM/PSP/ORB_005600_005699/PSP_005632_1225_PSP_005342_1225/PSP_005632_1225_RED_D_01_ORTHO.JP2,https://www.uahirise.org/PDS/DTM/PSP/ORB_005600_005699/PSP_005632_1225_PSP_005342_1225/PSP_005342_1225_RED_D_01_ORTHO.JP2,1.99
Fissure East of Olympus Mons,https://www.uahirise.org/PDS/DTM/ESP/ORB_046200_046299/ESP_046252_1975_ESP_046107_1975/DTEEC_046252_1975_046107_1975_A01.IMG,https://www.uahirise.org/PDS/DTM/ESP/ORB_046200_046299/ESP_046252_1975_ESP_046107_1975/ESP_046252_1975_RED_C_01_ORTHO.JP2,https://www.uahirise.org/PDS/DTM/ESP/ORB_046200_046299/ESP_046252_1975_ESP_046107_1975/ESP_046107_1975_RED_C_01_ORTHO.JP2,1
Curved and Branching Ridges in CTX B01_009840_1885_XN_08N010W,https://www.uahirise.org/PDS/DTM/ESP/ORB_028500_028599/ESP_028591_1880_ESP_028657_1880/DTEEC_028591_1880_028657_1880_l01.IMG,https://www.uahirise.org/PDS/DTM/ESP/ORB_028500_028599/ESP_028591_1880_ESP_028657_1880/ESP_028591_1880_RED_C_01_ORTHO.JP2,https://www.uahirise.org/PDS/DTM/ESP/ORB_028500_028599/ESP_028591_1880_ESP_028657_1880/ESP_028657_1880_RED_C_01_ORTHO.JP2,1.01
Landforms in Athabasca Valles,https://www.uahirise.org/PDS/DTM/PSP/ORB_006600_006699/PSP_006696_1895_PSP_007408_1895/DTEEC_006696_1895_007408_1895_U01.IMG,https://www.uahirise.org/PDS/DTM/PSP/ORB_006600_006699/PSP_006696_1895_PSP_007408_1895/PSP_006696_1895_RED_C_01_ORTHO.JP2,https://www.uahirise.org/PDS/DTM/PSP/ORB_006600_006699/PSP_006696_1895_PSP_007408_1895/PSP_007408_1895_RED_C_01_ORTHO.JP2,1.01
Landslides Along Shoreline in Elysium Planitia,https://www.uahirise.org/PDS/DTM/PSP/ORB_002400_002499/PSP_002437_1875_PSP_001593_1875/DTEEC_002437_1875_001593_1875_U01.IMG,https://www.uahirise.org/PDS/DTM/PSP/ORB_002400_002499/PSP_002437_1875_PSP_001593_1875/PSP_002437_1875_RED_C_01_ORTHO.JP2,https://www.uahirise.org/PDS/DTM/PSP/ORB_002400_002499/PSP_002437_1875_PSP_001593_1875/PSP_001593_1875_RED_C_01_ORTHO.JP2,1.01
Possible MSL Rover Landing Site in Nili Fossae,https://www.uahirise.org/PDS/DTM/PSP/ORB_003500_003599/PSP_003587_2015_PSP_003086_2015/DTEEC_003587_2015_003086_2015_A01.IMG,https://www.uahirise.org/PDS/DTM/PSP/ORB_003500_003599/PSP_003587_2015_PSP_003086_2015/PSP_003587_2015_RED_C_01_ORTHO.JP2,https://www.uahirise.org/PDS/DTM/PSP/ORB_003500_003599/PSP_003587_2015_PSP_003086_2015/PSP_003086_2015_RED_C_01_ORTHO.JP2,1
Migrating and Static Sand Ripples on Mars,https://www.uahirise.org/PDS/DTM/ESP/ORB_032600_032699/ESP_032616_1275_ESP_032748_1275/DTEEC_032616_1275_032748_1275_A01.IMG,https://www.uahirise.org/PDS/DTM/ESP/ORB_032600_032699/ESP_032616_1275_ESP_032748_1275/ESP_032616_1275_RED_C_01_ORTHO.JP2,https://www.uahirise.org/PDS/DTM/ESP/ORB_032600_032699/ESP_032616_1275_ESP_032748_1275/ESP_032748_1275_RED_C_01_ORTHO.JP2,0.99
Dunes,https://www.uahirise.org/PDS/DTM/ESP/ORB_025000_025099/ESP_025052_1660_ESP_024907_1660/DTEEC_025052_1660_024907_1660_A01.IMG,https://www.uahirise.org/PDS/DTM/ESP/ORB_025000_025099/ESP_025052_1660_ESP_024907_1660/ESP_025052_1660_RED_C_01_ORTHO.JP2,https://www.uahirise.org/PDS/DTM/ESP/ORB_025000_025099/ESP_025052_1660_ESP_024907_1660/ESP_024907_1660_RED_C_01_ORTHO.JP2,1.01
Galap Crater Gullies,https://www.uahirise.org/PDS/DTM/ESP/ORB_048900_048999/ESP_048983_1420_ESP_048693_1420/DTEEC_048983_1420_048693_1420_U01.IMG,https://www.uahirise.org/PDS/DTM/ESP/ORB_048900_048999/ESP_048983_1420_ESP_048693_1420/ESP_048983_1420_RED_C_01_ORTHO.JP2,https://www.uahirise.org/PDS/DTM/ESP/ORB_048900_048999/ESP_048983_1420_ESP_048693_1420/ESP_048693_1420_RED_C_01_ORTHO.JP2,1
Crevasse-Like Features Utopia Region,https://www.uahirise.org/PDS/DTM/ESP/ORB_042100_042199/ESP_042183_2210_ESP_042104_2210/DTEEC_042183_2210_042104_2210_U01.IMG,https://www.uahirise.org/PDS/DTM/ESP/ORB_042100_042199/ESP_042183_2210_ESP_042104_2210/ESP_042183_2210_RED_C_01_ORTHO.JP2,https://www.uahirise.org/PDS/DTM/ESP/ORB_042100_042199/ESP_042183_2210_ESP_042104_2210/ESP_042104_2210_RED_C_01_ORTHO.JP2,1
Lava Falls in Northern Kasei Valles,https://www.uahirise.org/PDS/DTM/ESP/ORB_040600_040699/ESP_040659_2025_PSP_005610_2025/DTEEC_040659_2025_005610_2025_U01.IMG,https://www.uahirise.org/PDS/DTM/ESP/ORB_040600_040699/ESP_040659_2025_PSP_005610_2025/ESP_040659_2025_RED_C_01_ORTHO.JP2,https://www.uahirise.org/PDS/DTM/ESP/ORB_040600_040699/ESP_040659_2025_PSP_005610_2025/PSP_005610_2025_RED_C_01_ORTHO.JP2,1
Source Area for Channel Network Near Gigas Sulci,https://www.uahirise.org/PDS/DTM/ESP/ORB_029700_029799/ESP_029716_1980_ESP_029426_1980/DTEED_029716_1980_029426_1980_A02.IMG,https://www.uahirise.org/PDS/DTM/ESP/ORB_029700_029799/ESP_029716_1980_ESP_029426_1980/ESP_029716_1980_RED_D_01_ORTHO.JP2,https://www.uahirise.org/PDS/DTM/ESP/ORB_029700_029799/ESP_029716_1980_ESP_029426_1980/ESP_029426_1980_RED_D_01_ORTHO.JP2,2.01
Field of Morphologically-Diverse Ring/Cone Structures in Athabasca Valles,https://www.uahirise.org/PDS/DTM/PSP/ORB_001600_001699/PSP_001606_1900_PSP_002226_1900/DTEEC_001606_1900_002226_1900_A01.IMG,https://www.uahirise.org/PDS/DTM/PSP/ORB_001600_001699/PSP_001606_1900_PSP_002226_1900/PSP_001606_1900_RED_C_01_ORTHO.JP2,https://www.uahirise.org/PDS/DTM/PSP/ORB_001600_001699/PSP_001606_1900_PSP_002226_1900/PSP_002226_1900_RED_C_01_ORTHO.JP2,1.01
Relatively Dust Free Lavas from Arsia Mons,https://www.uahirise.org/PDS/DTM/ESP/ORB_047400_047499/ESP_047413_1410_PSP_003160_1410/DTEEC_047413_1410_003160_1410_A01.IMG,https://www.uahirise.org/PDS/DTM/ESP/ORB_047400_047499/ESP_047413_1410_PSP_003160_1410/ESP_047413_1410_RED_C_01_ORTHO.JP2,https://www.uahirise.org/PDS/DTM/ESP/ORB_047400_047499/ESP_047413_1410_PSP_003160_1410/PSP_003160_1410_RED_C_01_ORTHO.JP2,1
Cratered Cones Near Hephaestus Fossae,https://www.uahirise.org/PDS/DTM/PSP/ORB_001400_001499/PSP_001462_2015_PSP_001792_2015/DTEEC_001462_2015_001792_2015_A01.IMG,https://www.uahirise.org/PDS/DTM/PSP/ORB_001400_001499/PSP_001462_2015_PSP_001792_2015/PSP_001462_2015_RED_C_01_ORTHO.JP2,https://www.uahirise.org/PDS/DTM/PSP/ORB_001400_001499/PSP_001462_2015_PSP_001792_2015/PSP_001792_2015_RED_C_01_ORTHO.JP2,1
Possible Pit at Edge of South Polar Residual Cap,https://www.uahirise.org/PDS/DTM/ESP/ORB_049900_049999/ESP_049945_0930_ESP_049972_0930/DTEPD_049945_0930_049972_0930_A01.IMG,https://www.uahirise.org/PDS/DTM/ESP/ORB_049900_049999/ESP_049945_0930_ESP_049972_0930/ESP_049945_0930_RED_D_01_ORTHO.JP2,https://www.uahirise.org/PDS/DTM/ESP/ORB_049900_049999/ESP_049945_0930_ESP_049972_0930/ESP_049972_0930_RED_D_01_ORTHO.JP2,2
Potential Lava Flow in Xanthe Terra,https://www.uahirise.org/PDS/DTM/ESP/ORB_046800_046899/ESP_046816_1785_ESP_047027_1785/DTEED_046816_1785_047027_1785_A01.IMG,https://www.uahirise.org/PDS/DTM/ESP/ORB_046800_046899/ESP_046816_1785_ESP_047027_1785/ESP_046816_1785_RED_D_01_ORTHO.JP2,https://www.uahirise.org/PDS/DTM/ESP/ORB_046800_046899/ESP_046816_1785_ESP_047027_1785/ESP_047027_1785_RED_D_01_ORTHO.JP2,2.02
Cones and Channels East of Olympus Mons,https://www.uahirise.org/PDS/DTM/ESP/ORB_048200_048299/ESP_048243_1980_ESP_048454_1980/DTEEC_048243_1980_048454_1980_A01.IMG,https://www.uahirise.org/PDS/DTM/ESP/ORB_048200_048299/ESP_048243_1980_ESP_048454_1980/ESP_048243_1980_RED_C_01_ORTHO.JP2,https://www.uahirise.org/PDS/DTM/ESP/ORB_048200_048299/ESP_048243_1980_ESP_048454_1980/ESP_048454_1980_RED_C_01_ORTHO.JP2,1
Young Surface East of Olympus Mons,https://www.uahirise.org/PDS/DTM/ESP/ORB_045300_045399/ESP_045395_1980_ESP_045817_1980/DTEED_045395_1980_045817_1980_A01.IMG,https://www.uahirise.org/PDS/DTM/ESP/ORB_045300_045399/ESP_045395_1980_ESP_045817_1980/ESP_045395_1980_RED_D_01_ORTHO.JP2,https://www.uahirise.org/PDS/DTM/ESP/ORB_045300_045399/ESP_045395_1980_ESP_045817_1980/ESP_045817_1980_RED_D_01_ORTHO.JP2,2.01
Possible Chloride Exposure in Dune Materials in Noachis Terra,https://www.uahirise.org/PDS/DTM/ESP/ORB_019700_019799/ESP_019716_1520_ESP_016380_1520/DTEEC_019716_1520_016380_1520_A01.IMG,https://www.uahirise.org/PDS/DTM/ESP/ORB_019700_019799/ESP_019716_1520_ESP_016380_1520/ESP_019716_1520_RED_C_01_ORTHO.JP2,https://www.uahirise.org/PDS/DTM/ESP/ORB_019700_019799/ESP_019716_1520_ESP_016380_1520/ESP_016380_1520_RED_C_01_ORTHO.JP2,1
Source Area for Channel Network Near Gigas Sulci,https://www.uahirise.org/PDS/DTM/ESP/ORB_025900_025999/ESP_025905_1980_ESP_026327_1980/DTEEC_025905_1980_026327_1980_A01.IMG,https://www.uahirise.org/PDS/DTM/ESP/ORB_025900_025999/ESP_025905_1980_ESP_026327_1980/ESP_025905_1980_RED_C_01_ORTHO.JP2,https://www.uahirise.org/PDS/DTM/ESP/ORB_025900_025999/ESP_025905_1980_ESP_026327_1980/ESP_026327_1980_RED_C_01_ORTHO.JP2,1
Sinuous Channel in Tharsis Region,https://www.uahirise.org/PDS/DTM/ESP/ORB_034000_034099/ESP_034041_1980_ESP_033685_1980/DTEED_034041_1980_033685_1980_A01.IMG,https://www.uahirise.org/PDS/DTM/ESP/ORB_034000_034099/ESP_034041_1980_ESP_033685_1980/ESP_034041_1980_RED_D_01_ORTHO.JP2,https://www.uahirise.org/PDS/DTM/ESP/ORB_034000_034099/ESP_034041_1980_ESP_033685_1980/ESP_033685_1980_RED_D_01_ORTHO.JP2,2.01
Layered Outcrop in Gale Crater,https://www.uahirise.org/PDS/DTM/PSP/ORB_008400_008499/PSP_008437_1750_PSP_008938_1750/DTEEC_008437_1750_008938_1750_U01.IMG,https://www.uahirise.org/PDS/DTM/PSP/ORB_008400_008499/PSP_008437_1750_PSP_008938_1750/PSP_008437_1750_RED_C_01_ORTHO.JP2,https://www.uahirise.org/PDS/DTM/PSP/ORB_008400_008499/PSP_008437_1750_PSP_008938_1750/PSP_008938_1750_RED_C_01_ORTHO.JP2,1.01
Fretted Terrain,https://www.uahirise.org/PDS/DTM/ESP/ORB_016200_016299/ESP_016221_2175_ESP_016076_2175/DTEEC_016221_2175_016076_2175_U01.IMG,https://www.uahirise.org/PDS/DTM/ESP/ORB_016200_016299/ESP_016221_2175_ESP_016076_2175/ESP_016221_2175_RED_C_01_ORTHO.JP2,https://www.uahirise.org/PDS/DTM/ESP/ORB_016200_016299/ESP_016221_2175_ESP_016076_2175/ESP_016076_2175_RED_C_01_ORTHO.JP2,1
Eastern Floor of Roddy Crater,https://www.uahirise.org/PDS/DTM/ESP/ORB_050000_050099/ESP_050086_1580_ESP_050508_1580/DTEEC_050086_1580_050508_1580_A01.IMG,https://www.uahirise.org/PDS/DTM/ESP/ORB_050000_050099/ESP_050086_1580_ESP_050508_1580/ESP_050086_1580_RED_C_01_ORTHO.JP2,https://www.uahirise.org/PDS/DTM/ESP/ORB_050000_050099/ESP_050086_1580_ESP_050508_1580/ESP_050508_1580_RED_C_01_ORTHO.JP2,1
Faults in Ius Chasma,https://www.uahirise.org/PDS/DTM/ESP/ORB_024900_024999/ESP_024954_1720_ESP_025020_1720/DTEEC_024954_1720_025020_1720_A01.IMG,https://www.uahirise.org/PDS/DTM/ESP/ORB_024900_024999/ESP_024954_1720_ESP_025020_1720/ESP_024954_1720_RED_C_01_ORTHO.JP2,https://www.uahirise.org/PDS/DTM/ESP/ORB_024900_024999/ESP_024954_1720_ESP_025020_1720/ESP_025020_1720_RED_C_01_ORTHO.JP2,1.01
Contact between Two Different Units in Ganges Mensa,https://www.uahirise.org/PDS/DTM/PSP/ORB_007600_007699/PSP_007666_1725_PSP_008022_1725/DTEEC_007666_1725_008022_1725_A01.IMG,https://www.uahirise.org/PDS/DTM/PSP/ORB_007600_007699/PSP_007666_1725_PSP_008022_1725/PSP_007666_1725_RED_C_01_ORTHO.JP2,https://www.uahirise.org/PDS/DTM/PSP/ORB_007600_007699/PSP_007666_1725_PSP_008022_1725/PSP_008022_1725_RED_C_01_ORTHO.JP2,1.01
Gullies on Southwest Slope of Ring Trough in Noachis Terra,https://www.uahirise.org/PDS/DTM/ESP/ORB_012900_012999/ESP_012912_1320_ESP_012767_1320/DTEEC_012912_1320_012767_1320_A01.IMG,https://www.uahirise.org/PDS/DTM/ESP/ORB_012900_012999/ESP_012912_1320_ESP_012767_1320/ESP_012912_1320_RED_C_01_ORTHO.JP2,https://www.uahirise.org/PDS/DTM/ESP/ORB_012900_012999/ESP_012912_1320_ESP_012767_1320/ESP_012767_1320_RED_C_01_ORTHO.JP2,0.99
Wrinkle Ridges in West Meridiani Planum,https://www.uahirise.org/PDS/DTM/ESP/ORB_054000_054099/ESP_054001_1805_ESP_053856_1805/DTEEC_054001_1805_053856_1805_A01.IMG,https://www.uahirise.org/PDS/DTM/ESP/ORB_054000_054099/ESP_054001_1805_ESP_053856_1805/ESP_054001_1805_RED_C_01_ORTHO.JP2,https://www.uahirise.org/PDS/DTM/ESP/ORB_054000_054099/ESP_054001_1805_ESP_053856_1805/ESP_053856_1805_RED_C_01_ORTHO.JP2,1.01
Incipient Scalloped Terrain in Mid-Latitude Mantle at Peneus Patera,https://www.uahirise.org/PDS/DTM/ESP/ORB_013000_013099/ESP_013029_1235_ESP_013306_1235/DTEEC_013029_1235_013306_1235_A01.IMG,https://www.uahirise.org/PDS/DTM/ESP/ORB_013000_013099/ESP_013029_1235_ESP_013306_1235/ESP_013029_1235_RED_C_01_ORTHO.JP2,https://www.uahirise.org/PDS/DTM/ESP/ORB_013000_013099/ESP_013029_1235_ESP_013306_1235/ESP_013306_1235_RED_C_01_ORTHO.JP2,0.99
Landforms in Utopia Planitia,https://www.uahirise.org/PDS/DTM/ESP/ORB_045700_045799/ESP_045769_2110_ESP_045479_2110/DTEED_045769_2110_045479_2110_A01.IMG,https://www.uahirise.org/PDS/DTM/ESP/ORB_045700_045799/ESP_045769_2110_ESP_045479_2110/ESP_045769_2110_RED_D_01_ORTHO.JP2,https://www.uahirise.org/PDS/DTM/ESP/ORB_045700_045799/ESP_045769_2110_ESP_045479_2110/ESP_045479_2110_RED_D_01_ORTHO.JP2,2.01
Meroe Patera Dune Monitoring,https://www.uahirise.org/PDS/DTM/ESP/ORB_051000_051099/ESP_051084_1875_ESP_050939_1875/DTEEC_051084_1875_050939_1875_A01.IMG,https://www.uahirise.org/PDS/DTM/ESP/ORB_051000_051099/ESP_051084_1875_ESP_050939_1875/ESP_051084_1875_RED_C_01_ORTHO.JP2,https://www.uahirise.org/PDS/DTM/ESP/ORB_051000_051099/ESP_051084_1875_ESP_050939_1875/ESP_050939_1875_RED_C_01_ORTHO.JP2,1.01
Crater within Kasei Valles,https://www.uahirise.org/PDS/DTM/ESP/ORB_034800_034899/ESP_034830_2025_ESP_036241_2025/DTEEC_034830_2025_036241_2025_U01.IMG,https://www.uahirise.org/PDS/DTM/ESP/ORB_034800_034899/ESP_034830_2025_ESP_036241_2025/ESP_034830_2025_RED_C_01_ORTHO.JP2,https://www.uahirise.org/PDS/DTM/ESP/ORB_034800_034899/ESP_034830_2025_ESP_036241_2025/ESP_036241_2025_RED_C_01_ORTHO.JP2,1
Outlet Breach in Crater Wall,https://www.uahirise.org/PDS/DTM/ESP/ORB_053900_053999/ESP_053958_1835_ESP_053668_1835/DTEED_053958_1835_053668_1835_A01.IMG,https://www.uahirise.org/PDS/DTM/ESP/ORB_053900_053999/ESP_053958_1835_ESP_053668_1835/ESP_053958_1835_RED_D_01_ORTHO.JP2,https://www.uahirise.org/PDS/DTM/ESP/ORB_053900_053999/ESP_053958_1835_ESP_053668_1835/ESP_053668_1835_RED_D_01_ORTHO.JP2,2.02
Apron of Material in Columbus Crater,https://www.uahirise.org/PDS/DTM/PSP/ORB_010400_010499/PSP_010492_1510_ESP_045278_1510/DTEEC_010492_1510_045278_1510_A01.IMG,https://www.uahirise.org/PDS/DTM/PSP/ORB_010400_010499/PSP_010492_1510_ESP_045278_1510/PSP_010492_1510_RED_C_01_ORTHO.JP2,https://www.uahirise.org/PDS/DTM/PSP/ORB_010400_010499/PSP_010492_1510_ESP_045278_1510/ESP_045278_1510_RED_C_01_ORTHO.JP2,1
Junction of Olympica Fossae and Jovis Fossae,https://www.uahirise.org/PDS/DTM/PSP/ORB_002300_002399/PSP_002315_2030_PSP_002592_2030/DTEEC_002315_2030_002592_2030_A01.IMG,https://www.uahirise.org/PDS/DTM/PSP/ORB_002300_002399/PSP_002315_2030_PSP_002592_2030/PSP_002315_2030_RED_C_01_ORTHO.JP2,https://www.uahirise.org/PDS/DTM/PSP/ORB_002300_002399/PSP_002315_2030_PSP_002592_2030/PSP_002592_2030_RED_C_01_ORTHO.JP2,1
Hypanis Valles Region,https://www.uahirise.org/PDS/DTM/ESP/ORB_037200_037299/ESP_037295_1920_ESP_037005_1920/DTEEC_037295_1920_037005_1920_L01.IMG,https://www.uahirise.org/PDS/DTM/ESP/ORB_037200_037299/ESP_037295_1920_ESP_037005_1920/ESP_037295_1920_RED_C_01_ORTHO.JP2,https://www.uahirise.org/PDS/DTM/ESP/ORB_037200_037299/ESP_037295_1920_ESP_037005_1920/ESP_037005_1920_RED_C_01_ORTHO.JP2,1.01
Xanthe Terra Region,https://www.uahirise.org/PDS/DTM/ESP/ORB_036100_036199/ESP_036161_1920_ESP_036227_1920/DTEEC_036161_1920_036227_1920_L01.IMG,https://www.uahirise.org/PDS/DTM/ESP/ORB_036100_036199/ESP_036161_1920_ESP_036227_1920/ESP_036161_1920_RED_C_01_ORTHO.JP2,https://www.uahirise.org/PDS/DTM/ESP/ORB_036100_036199/ESP_036161_1920_ESP_036227_1920/ESP_036227_1920_RED_C_01_ORTHO.JP2,1.01
Layers in Fan Deposit,https://www.uahirise.org/PDS/DTM/ESP/ORB_022400_022499/ESP_022434_1920_ESP_021577_1920/DTEEC_022434_1920_021577_1920_L01.IMG,https://www.uahirise.org/PDS/DTM/ESP/ORB_022400_022499/ESP_022434_1920_ESP_021577_1920/ESP_022434_1920_RED_C_01_ORTHO.JP2,https://www.uahirise.org/PDS/DTM/ESP/ORB_022400_022499/ESP_022434_1920_ESP_021577_1920/ESP_021577_1920_RED_C_01_ORTHO.JP2,1.01
Candidate ExoMars Landing Site in Hypanis Valles,https://www.uahirise.org/PDS/DTM/ESP/ORB_041900_041999/ESP_041937_1920_ESP_042003_1920/DTEEC_041937_1920_042003_1920_L01.IMG,https://www.uahirise.org/PDS/DTM/ESP/ORB_041900_041999/ESP_041937_1920_ESP_042003_1920/ESP_041937_1920_RED_C_01_ORTHO.JP2,https://www.uahirise.org/PDS/DTM/ESP/ORB_041900_041999/ESP_041937_1920_ESP_042003_1920/ESP_042003_1920_RED_C_01_ORTHO.JP2,1.01
Candidate ExoMars Landing Site Near Hypanis Valles,https://www.uahirise.org/PDS/DTM/ESP/ORB_040600_040699/ESP_040658_1920_ESP_039735_1920/DTEEC_040658_1920_039735_1920_L01.IMG,https://www.uahirise.org/PDS/DTM/ESP/ORB_040600_040699/ESP_040658_1920_ESP_039735_1920/ESP_040658_1920_RED_C_01_ORTHO.JP2,https://www.uahirise.org/PDS/DTM/ESP/ORB_040600_040699/ESP_040658_1920_ESP_039735_1920/ESP_039735_1920_RED_C_01_ORTHO.JP2,1.01
Candidate Landing Site for 2020 Mission Near Sabrina Vallis,https://www.uahirise.org/PDS/DTM/ESP/ORB_040500_040599/ESP_040513_1920_ESP_040157_1920/DTEEC_040513_1920_040157_1920_L01.IMG,https://www.uahirise.org/PDS/DTM/ESP/ORB_040500_040599/ESP_040513_1920_ESP_040157_1920/ESP_040513_1920_RED_C_01_ORTHO.JP2,https://www.uahirise.org/PDS/DTM/ESP/ORB_040500_040599/ESP_040513_1920_ESP_040157_1920/ESP_040157_1920_RED_C_01_ORTHO.JP2,1.01
Proposed Landing Site for ExoMars Rover at Hypanis Vallis,https://www.uahirise.org/PDS/DTM/ESP/ORB_034600_034699/ESP_034605_1920_ESP_026601_1920/DTEEC_034605_1920_026601_1920_L01.IMG,https://www.uahirise.org/PDS/DTM/ESP/ORB_034600_034699/ESP_034605_1920_ESP_026601_1920/ESP_034605_1920_RED_C_01_ORTHO.JP2,https://www.uahirise.org/PDS/DTM/ESP/ORB_034600_034699/ESP_034605_1920_ESP_026601_1920/ESP_026601_1920_RED_C_01_ORTHO.JP2,1.01
Proposed Landing Site for ExoMars Rover at Hypanis Vallis,https://www.uahirise.org/PDS/DTM/ESP/ORB_037600_037699/ESP_037651_1920_ESP_037717_1920/DTEEC_037651_1920_037717_1920_L01.IMG,https://www.uahirise.org/PDS/DTM/ESP/ORB_037600_037699/ESP_037651_1920_ESP_037717_1920/ESP_037651_1920_RED_C_01_ORTHO.JP2,https://www.uahirise.org/PDS/DTM/ESP/ORB_037600_037699/ESP_037651_1920_ESP_037717_1920/ESP_037717_1920_RED_C_01_ORTHO.JP2,1.01
Proposed Landing Site for ExoMars Rover at Aram Dorsum,https://www.uahirise.org/PDS/DTM/ESP/ORB_039400_039499/ESP_039470_1880_ESP_039536_1880/DTEEC_039470_1880_039536_1880_L01.IMG,https://www.uahirise.org/PDS/DTM/ESP/ORB_039400_039499/ESP_039470_1880_ESP_039536_1880/ESP_039470_1880_RED_C_01_ORTHO.JP2,https://www.uahirise.org/PDS/DTM/ESP/ORB_039400_039499/ESP_039470_1880_ESP_039536_1880/ESP_039536_1880_RED_C_01_ORTHO.JP2,1.01
Proposed Landing Site for ExoMars Rover at Oxia Planum,https://www.uahirise.org/PDS/DTM/PSP/ORB_009800_009899/PSP_009880_1985_PSP_009735_1985/DTEEC_009880_1985_009735_1985_L01.IMG,https://www.uahirise.org/PDS/DTM/PSP/ORB_009800_009899/PSP_009880_1985_PSP_009735_1985/PSP_009880_1985_RED_C_01_ORTHO.JP2,https://www.uahirise.org/PDS/DTM/PSP/ORB_009800_009899/PSP_009880_1985_PSP_009735_1985/PSP_009735_1985_RED_C_01_ORTHO.JP2,1
Sinuous Troughs and Ridges near the Sirenum Fossae,https://www.uahirise.org/PDS/DTM/ESP/ORB_017700_017799/ESP_017784_1425_ESP_026276_1425/DTEED_017784_1425_026276_1425_A01.IMG,https://www.uahirise.org/PDS/DTM/ESP/ORB_017700_017799/ESP_017784_1425_ESP_026276_1425/ESP_017784_1425_RED_D_01_ORTHO.JP2,https://www.uahirise.org/PDS/DTM/ESP/ORB_017700_017799/ESP_017784_1425_ESP_026276_1425/ESP_026276_1425_RED_D_01_ORTHO.JP2,2
Scarp on Ceti Mensa Layered Deposit,https://www.uahirise.org/PDS/DTM/ESP/ORB_051900_051999/ESP_051986_1750_ESP_051841_1750/DTEEC_051986_1750_051841_1750_U01.IMG,https://www.uahirise.org/PDS/DTM/ESP/ORB_051900_051999/ESP_051986_1750_ESP_051841_1750/ESP_051986_1750_RED_C_01_ORTHO.JP2,https://www.uahirise.org/PDS/DTM/ESP/ORB_051900_051999/ESP_051986_1750_ESP_051841_1750/ESP_051841_1750_RED_C_01_ORTHO.JP2,1.01
Eastern Valles Marineris,https://www.uahirise.org/PDS/DTM/ESP/ORB_054100_054199/ESP_054160_1775_ESP_053870_1775/DTEED_054160_1775_053870_1775_A01.IMG,https://www.uahirise.org/PDS/DTM/ESP/ORB_054100_054199/ESP_054160_1775_ESP_053870_1775/ESP_054160_1775_RED_D_01_ORTHO.JP2,https://www.uahirise.org/PDS/DTM/ESP/ORB_054100_054199/ESP_054160_1775_ESP_053870_1775/ESP_053870_1775_RED_D_01_ORTHO.JP2,2.02
Inverted Channel and Terminal Fan,https://www.uahirise.org/PDS/DTM/ESP/ORB_034300_034399/ESP_034394_1920_ESP_034249_1920/DTEEC_034394_1920_034249_1920_L01.IMG,https://www.uahirise.org/PDS/DTM/ESP/ORB_034300_034399/ESP_034394_1920_ESP_034249_1920/ESP_034394_1920_RED_C_01_ORTHO.JP2,https://www.uahirise.org/PDS/DTM/ESP/ORB_034300_034399/ESP_034394_1920_ESP_034249_1920/ESP_034249_1920_RED_C_01_ORTHO.JP2,1.01
Well-Preserved 3 Kilometer Diameter Impact Crater,https://www.uahirise.org/PDS/DTM/ESP/ORB_012900_012999/ESP_012991_1335_ESP_013624_1335/DTEEC_012991_1335_013624_1335_A01.IMG,https://www.uahirise.org/PDS/DTM/ESP/ORB_012900_012999/ESP_012991_1335_ESP_013624_1335/ESP_012991_1335_RED_C_01_ORTHO.JP2,https://www.uahirise.org/PDS/DTM/ESP/ORB_012900_012999/ESP_012991_1335_ESP_013624_1335/ESP_013624_1335_RED_C_02_ORTHO.JP2,0.99
Gorgonum Chaos,https://www.uahirise.org/PDS/DTM/ESP/ORB_016000_016099/ESP_016004_1425_PSP_006906_1425/DTEEC_016004_1425_006906_1425_A01.IMG,https://www.uahirise.org/PDS/DTM/ESP/ORB_016000_016099/ESP_016004_1425_PSP_006906_1425/ESP_016004_1425_RED_C_01_ORTHO.JP2,https://www.uahirise.org/PDS/DTM/ESP/ORB_016000_016099/ESP_016004_1425_PSP_006906_1425/PSP_006906_1425_RED_C_01_ORTHO.JP2,1
Bright Gully Deposit in Terra Sirenum,https://www.uahirise.org/PDS/DTM/PSP/ORB_003200_003299/PSP_003252_1425_PSP_003674_1425/DTEEC_003252_1425_003674_1425_A01.IMG,https://www.uahirise.org/PDS/DTM/PSP/ORB_003200_003299/PSP_003252_1425_PSP_003674_1425/PSP_003252_1425_RED_C_01_ORTHO.JP2,https://www.uahirise.org/PDS/DTM/PSP/ORB_003200_003299/PSP_003252_1425_PSP_003674_1425/PSP_003674_1425_RED_C_01_ORTHO.JP2,1
Gullies in Recent Impact Crater in Terra Sirenum,https://www.uahirise.org/PDS/DTM/PSP/ORB_005700_005799/PSP_005731_1425_PSP_005586_1425/DTEEC_005731_1425_005586_1425_A01.IMG,https://www.uahirise.org/PDS/DTM/PSP/ORB_005700_005799/PSP_005731_1425_PSP_005586_1425/PSP_005731_1425_RED_C_01_ORTHO.JP2,https://www.uahirise.org/PDS/DTM/PSP/ORB_005700_005799/PSP_005731_1425_PSP_005586_1425/PSP_005586_1425_RED_C_01_ORTHO.JP2,1
Floor and Central Uplift of Mazamba Crater in Thaumasia Planum,https://www.uahirise.org/PDS/DTM/PSP/ORB_007100_007199/PSP_007100_1520_ESP_033248_1520/DTEEC_007100_1520_033248_1520_A01.IMG,https://www.uahirise.org/PDS/DTM/PSP/ORB_007100_007199/PSP_007100_1520_ESP_033248_1520/PSP_007100_1520_RED_C_01_ORTHO.JP2,https://www.uahirise.org/PDS/DTM/PSP/ORB_007100_007199/PSP_007100_1520_ESP_033248_1520/ESP_033248_1520_RED_C_01_ORTHO.JP2,1
Western Portion of Central Structure in Mazamba Crater,https://www.uahirise.org/PDS/DTM/ESP/ORB_029800_029899/ESP_029846_1520_ESP_029134_1520/DTEEC_029846_1520_029134_1520_A01.IMG,https://www.uahirise.org/PDS/DTM/ESP/ORB_029800_029899/ESP_029846_1520_ESP_029134_1520/ESP_029846_1520_RED_C_01_ORTHO.JP2,https://www.uahirise.org/PDS/DTM/ESP/ORB_029800_029899/ESP_029846_1520_ESP_029134_1520/ESP_029134_1520_RED_C_01_ORTHO.JP2,1
Alluvial Fan in Arabia Terra,https://www.uahirise.org/PDS/DTM/PSP/ORB_003100_003199/PSP_003195_1985_PSP_002694_1985/DTEEC_003195_1985_002694_1985_L01.IMG,https://www.uahirise.org/PDS/DTM/PSP/ORB_003100_003199/PSP_003195_1985_PSP_002694_1985/PSP_003195_1985_RED_C_01_ORTHO.JP2,https://www.uahirise.org/PDS/DTM/PSP/ORB_003100_003199/PSP_003195_1985_PSP_002694_1985/PSP_002694_1985_RED_C_01_ORTHO.JP2,1
Candidate Future Landing Site,https://www.uahirise.org/PDS/DTM/ESP/ORB_036900_036999/ESP_036925_1985_ESP_037558_1985/DTEEC_036925_1985_037558_1985_L01.IMG,https://www.uahirise.org/PDS/DTM/ESP/ORB_036900_036999/ESP_036925_1985_ESP_037558_1985/ESP_036925_1985_RED_C_01_ORTHO.JP2,https://www.uahirise.org/PDS/DTM/ESP/ORB_036900_036999/ESP_036925_1985_ESP_037558_1985/ESP_037558_1985_RED_C_01_ORTHO.JP2,1
Small Crater Filled By Deltaic Deposits,https://www.uahirise.org/PDS/DTM/PSP/ORB_006900_006999/PSP_006954_1885_ESP_016250_1885/DTEEC_006954_1885_016250_1885_A01.IMG,https://www.uahirise.org/PDS/DTM/PSP/ORB_006900_006999/PSP_006954_1885_ESP_016250_1885/PSP_006954_1885_RED_C_01_ORTHO.JP2,https://www.uahirise.org/PDS/DTM/PSP/ORB_006900_006999/PSP_006954_1885_ESP_016250_1885/ESP_016250_1885_RED_C_01_ORTHO.JP2,1.01
Dynamic Activity in a Crater North of Antoniadi Crater,https://www.uahirise.org/PDS/DTM/ESP/ORB_023200_023299/ESP_023261_2065_ESP_023327_2065/DTEEC_023261_2065_023327_2065_A01.IMG,https://www.uahirise.org/PDS/DTM/ESP/ORB_023200_023299/ESP_023261_2065_ESP_023327_2065/ESP_023261_2065_RED_C_01_ORTHO.JP2,https://www.uahirise.org/PDS/DTM/ESP/ORB_023200_023299/ESP_023261_2065_ESP_023327_2065/ESP_023327_2065_RED_C_01_ORTHO.JP2,1
Gullied Crater,https://www.uahirise.org/PDS/DTM/ESP/ORB_040600_040699/ESP_040607_1345_ESP_040251_1345/DTEEC_040607_1345_040251_1345_A01.IMG,https://www.uahirise.org/PDS/DTM/ESP/ORB_040600_040699/ESP_040607_1345_ESP_040251_1345/ESP_040607_1345_RED_C_01_ORTHO.JP2,https://www.uahirise.org/PDS/DTM/ESP/ORB_040600_040699/ESP_040607_1345_ESP_040251_1345/ESP_040251_1345_RED_C_01_ORTHO.JP2,0.99
Southern Hemisphere Crater with a Dune Field,https://www.uahirise.org/PDS/DTM/PSP/ORB_003600_003699/PSP_003695_1250_PSP_004183_1250/DTEEC_003695_1250_004183_1250_A01.IMG,https://www.uahirise.org/PDS/DTM/PSP/ORB_003600_003699/PSP_003695_1250_PSP_004183_1250/PSP_003695_1250_RED_C_01_ORTHO.JP2,https://www.uahirise.org/PDS/DTM/PSP/ORB_003600_003699/PSP_003695_1250_PSP_004183_1250/PSP_004183_1250_RED_C_01_ORTHO.JP2,0.99
Eastern Rim and Ejecta of Crater in Margaritifer Terra,https://www.uahirise.org/PDS/DTM/ESP/ORB_026400_026499/ESP_026402_1605_ESP_026257_1605/DTEEC_026402_1605_026257_1605_A01.IMG,https://www.uahirise.org/PDS/DTM/ESP/ORB_026400_026499/ESP_026402_1605_ESP_026257_1605/ESP_026402_1605_RED_C_01_ORTHO.JP2,https://www.uahirise.org/PDS/DTM/ESP/ORB_026400_026499/ESP_026402_1605_ESP_026257_1605/ESP_026257_1605_RED_C_01_ORTHO.JP2,1
Western Rim and Ejecta of Fresh 8-Kilometer Crater in Margaritifer Terra,https://www.uahirise.org/PDS/DTM/ESP/ORB_043800_043899/ESP_043861_1605_ESP_044349_1605/DTEEC_043861_1605_044349_1605_A01.IMG,https://www.uahirise.org/PDS/DTM/ESP/ORB_043800_043899/ESP_043861_1605_ESP_044349_1605/ESP_043861_1605_RED_C_01_ORTHO.JP2,https://www.uahirise.org/PDS/DTM/ESP/ORB_043800_043899/ESP_043861_1605_ESP_044349_1605/ESP_044349_1605_RED_C_01_ORTHO.JP2,1
Monitor Seasonal Changes at South Polar Cracked and Gullied Site,https://www.uahirise.org/PDS/DTM/ESP/ORB_031200_031299/ESP_031213_0980_ESP_031266_0980/DTEPD_031213_0980_031266_0980_A01.IMG,https://www.uahirise.org/PDS/DTM/ESP/ORB_031200_031299/ESP_031213_0980_ESP_031266_0980/ESP_031213_0980_RED_D_01_ORTHO.JP2,https://www.uahirise.org/PDS/DTM/ESP/ORB_031200_031299/ESP_031213_0980_ESP_031266_0980/ESP_031266_0980_RED_D_01_ORTHO.JP2,2
Gullies,https://www.uahirise.org/PDS/DTM/ESP/ORB_039400_039499/ESP_039488_1420_ESP_039343_1420/DTEEC_039488_1420_039343_1420_A01.IMG,https://www.uahirise.org/PDS/DTM/ESP/ORB_039400_039499/ESP_039488_1420_ESP_039343_1420/ESP_039488_1420_RED_C_01_ORTHO.JP2,https://www.uahirise.org/PDS/DTM/ESP/ORB_039400_039499/ESP_039488_1420_ESP_039343_1420/ESP_039343_1420_RED_C_01_ORTHO.JP2,1
Rim of Lederberg Crater,https://www.uahirise.org/PDS/DTM/ESP/ORB_034800_034899/ESP_034816_1925_ESP_036293_1925/DTEEC_034816_1925_036293_1925_L01.IMG,https://www.uahirise.org/PDS/DTM/ESP/ORB_034800_034899/ESP_034816_1925_ESP_036293_1925/ESP_034816_1925_RED_C_01_ORTHO.JP2,https://www.uahirise.org/PDS/DTM/ESP/ORB_034800_034899/ESP_034816_1925_ESP_036293_1925/ESP_036293_1925_RED_C_01_ORTHO.JP2,1.01
Mawrth Vallis Region,https://www.uahirise.org/PDS/DTM/ESP/ORB_036300_036399/ESP_036305_2025_ESP_035804_2025/DTEEC_036305_2025_035804_2025_L01.IMG,https://www.uahirise.org/PDS/DTM/ESP/ORB_036300_036399/ESP_036305_2025_ESP_035804_2025/ESP_036305_2025_RED_C_01_ORTHO.JP2,https://www.uahirise.org/PDS/DTM/ESP/ORB_036300_036399/ESP_036305_2025_ESP_035804_2025/ESP_035804_2025_RED_C_01_ORTHO.JP2,1
Crater within Schiaparelli Crater Filled with Layered Rock,https://www.uahirise.org/PDS/DTM/ESP/ORB_017100_017199/ESP_017118_1790_ESP_016406_1790/DTEEC_017118_1790_016406_1790_A01.IMG,https://www.uahirise.org/PDS/DTM/ESP/ORB_017100_017199/ESP_017118_1790_ESP_016406_1790/ESP_017118_1790_RED_C_01_ORTHO.JP2,https://www.uahirise.org/PDS/DTM/ESP/ORB_017100_017199/ESP_017118_1790_ESP_016406_1790/ESP_016406_1790_RED_C_01_ORTHO.JP2,1.01
Positive Chaos in Parana Basin,https://www.uahirise.org/PDS/DTM/PSP/ORB_002700_002799/PSP_002786_1580_PSP_002074_1580/DTEEC_002786_1580_002074_1580_A01.IMG,https://www.uahirise.org/PDS/DTM/PSP/ORB_002700_002799/PSP_002786_1580_PSP_002074_1580/PSP_002786_1580_RED_C_01_ORTHO.JP2,https://www.uahirise.org/PDS/DTM/PSP/ORB_002700_002799/PSP_002786_1580_PSP_002074_1580/PSP_002074_1580_RED_C_01_ORTHO.JP2,1
Possible Fan in Crater,https://www.uahirise.org/PDS/DTM/ESP/ORB_028200_028299/ESP_028274_2160_ESP_044388_2160/DTEED_028274_2160_044388_2160_A01.IMG,https://www.uahirise.org/PDS/DTM/ESP/ORB_028200_028299/ESP_028274_2160_ESP_044388_2160/ESP_028274_2160_RED_D_01_ORTHO.JP2,https://www.uahirise.org/PDS/DTM/ESP/ORB_028200_028299/ESP_028274_2160_ESP_044388_2160/ESP_044388_2160_RED_D_01_ORTHO.JP2,2
Slope Monitoring,https://www.uahirise.org/PDS/DTM/ESP/ORB_036200_036299/ESP_036209_1720_ESP_035642_1720/DTEEC_036209_1720_035642_1720_A01.IMG,https://www.uahirise.org/PDS/DTM/ESP/ORB_036200_036299/ESP_036209_1720_ESP_035642_1720/ESP_036209_1720_RED_C_01_ORTHO.JP2,https://www.uahirise.org/PDS/DTM/ESP/ORB_036200_036299/ESP_036209_1720_ESP_035642_1720/ESP_035642_1720_RED_C_01_ORTHO.JP2,1.01
East Coprates Montes Dark Fans,https://www.uahirise.org/PDS/DTM/ESP/ORB_046600_046699/ESP_046619_1665_ESP_045907_1665/DTEEC_046619_1665_045907_1665_A01.IMG,https://www.uahirise.org/PDS/DTM/ESP/ORB_046600_046699/ESP_046619_1665_ESP_045907_1665/ESP_046619_1665_RED_C_01_ORTHO.JP2,https://www.uahirise.org/PDS/DTM/ESP/ORB_046600_046699/ESP_046619_1665_ESP_045907_1665/ESP_045907_1665_RED_C_01_ORTHO.JP2,1.01
80-Meter Crater on North Polar Layered Deposits,https://www.uahirise.org/PDS/DTM/ESP/ORB_044800_044899/ESP_044862_2635_ESP_045034_2635/DTEPC_044862_2635_045034_2635_A01.IMG,https://www.uahirise.org/PDS/DTM/ESP/ORB_044800_044899/ESP_044862_2635_ESP_045034_2635/ESP_044862_2635_RED_C_01_ORTHO.JP2,https://www.uahirise.org/PDS/DTM/ESP/ORB_044800_044899/ESP_044862_2635_ESP_045034_2635/ESP_045034_2635_RED_C_01_ORTHO.JP2,1
North Polar Layered Deposits 160-Meter Diameter Crater Monitoring,https://www.uahirise.org/PDS/DTM/ESP/ORB_044800_044899/ESP_044810_2620_ESP_044784_2620/DTEPC_044810_2620_044784_2620_A01.IMG,https://www.uahirise.org/PDS/DTM/ESP/ORB_044800_044899/ESP_044810_2620_ESP_044784_2620/ESP_044810_2620_RED_C_01_ORTHO.JP2,https://www.uahirise.org/PDS/DTM/ESP/ORB_044800_044899/ESP_044810_2620_ESP_044784_2620/ESP_044784_2620_RED_C_01_ORTHO.JP2,1
109-Meter Diameter Crater on North Polar Layered Deposits,https://www.uahirise.org/PDS/DTM/ESP/ORB_045300_045399/ESP_045318_2680_ESP_045346_2680/DTEPC_045318_2680_045346_2680_A01.IMG,https://www.uahirise.org/PDS/DTM/ESP/ORB_045300_045399/ESP_045318_2680_ESP_045346_2680/ESP_045318_2680_RED_C_01_ORTHO.JP2,https://www.uahirise.org/PDS/DTM/ESP/ORB_045300_045399/ESP_045318_2680_ESP_045346_2680/ESP_045346_2680_RED_C_01_ORTHO.JP2,1
Changing Dunes and Ripples in Olympia Undae,https://www.uahirise.org/PDS/DTM/ESP/ORB_036000_036099/ESP_036099_2615_ESP_036073_2615/DTEPC_036099_2615_036073_2615_A01.IMG,https://www.uahirise.org/PDS/DTM/ESP/ORB_036000_036099/ESP_036099_2615_ESP_036073_2615/ESP_036099_2615_RED_C_01_ORTHO.JP2,https://www.uahirise.org/PDS/DTM/ESP/ORB_036000_036099/ESP_036099_2615_ESP_036073_2615/ESP_036073_2615_RED_C_01_ORTHO.JP2,1
Sinuous Ridges in Eastern Peta Crater,https://www.uahirise.org/PDS/DTM/ESP/ORB_019400_019499/ESP_019466_1585_ESP_019954_1585/DTEED_019466_1585_019954_1585_A01.IMG,https://www.uahirise.org/PDS/DTM/ESP/ORB_019400_019499/ESP_019466_1585_ESP_019954_1585/ESP_019466_1585_RED_D_01_ORTHO.JP2,https://www.uahirise.org/PDS/DTM/ESP/ORB_019400_019499/ESP_019466_1585_ESP_019954_1585/ESP_019954_1585_RED_D_01_ORTHO.JP2,2.01
Sinuous Ridges,https://www.uahirise.org/PDS/DTM/ESP/ORB_019600_019699/ESP_019677_1585_ESP_019743_1585/DTEEC_019677_1585_019743_1585_A01.IMG,https://www.uahirise.org/PDS/DTM/ESP/ORB_019600_019699/ESP_019677_1585_ESP_019743_1585/ESP_019677_1585_RED_C_01_ORTHO.JP2,https://www.uahirise.org/PDS/DTM/ESP/ORB_019600_019699/ESP_019677_1585_ESP_019743_1585/ESP_019743_1585_RED_C_01_ORTHO.JP2,1
Pitted Cones in Melas Chasma,https://www.uahirise.org/PDS/DTM/ESP/ORB_043800_043899/ESP_043850_1685_ESP_043916_1685/DTEEC_043850_1685_043916_1685_A01.IMG,https://www.uahirise.org/PDS/DTM/ESP/ORB_043800_043899/ESP_043850_1685_ESP_043916_1685/ESP_043850_1685_RED_C_01_ORTHO.JP2,https://www.uahirise.org/PDS/DTM/ESP/ORB_043800_043899/ESP_043850_1685_ESP_043916_1685/ESP_043916_1685_RED_C_01_ORTHO.JP2,1.01
Fresh Impact Crater with Gullies and Bedrock,https://www.uahirise.org/PDS/DTM/ESP/ORB_020800_020899/ESP_020884_1410_ESP_020950_1410/DTEEC_020884_1410_020950_1410_A01.IMG,https://www.uahirise.org/PDS/DTM/ESP/ORB_020800_020899/ESP_020884_1410_ESP_020950_1410/ESP_020884_1410_RED_C_01_ORTHO.JP2,https://www.uahirise.org/PDS/DTM/ESP/ORB_020800_020899/ESP_020884_1410_ESP_020950_1410/ESP_020950_1410_RED_C_01_ORTHO.JP2,1
Gully in Crater Wall,https://www.uahirise.org/PDS/DTM/ESP/ORB_011800_011899/ESP_011877_1410_ESP_012510_1410/DTEEC_011877_1410_012510_1410_A01.IMG,https://www.uahirise.org/PDS/DTM/ESP/ORB_011800_011899/ESP_011877_1410_ESP_012510_1410/ESP_011877_1410_RED_C_01_ORTHO.JP2,https://www.uahirise.org/PDS/DTM/ESP/ORB_011800_011899/ESP_011877_1410_ESP_012510_1410/ESP_012510_1410_RED_C_01_ORTHO.JP2,1
Recent Gullies in a Crater in Noachis Terra,https://www.uahirise.org/PDS/DTM/ESP/ORB_013200_013299/ESP_013222_1410_ESP_013288_1410/DTEEC_013222_1410_013288_1410_A01.IMG,https://www.uahirise.org/PDS/DTM/ESP/ORB_013200_013299/ESP_013222_1410_ESP_013288_1410/ESP_013222_1410_RED_C_01_ORTHO.JP2,https://www.uahirise.org/PDS/DTM/ESP/ORB_013200_013299/ESP_013222_1410_ESP_013288_1410/ESP_013288_1410_RED_C_01_ORTHO.JP2,1
Colorful Layered Bedrock in Eroded Crater in Terra Sirenum,https://www.uahirise.org/PDS/DTM/ESP/ORB_041200_041299/ESP_041282_1520_ESP_047150_1520/DTEEC_041282_1520_047150_1520_A01.IMG,https://www.uahirise.org/PDS/DTM/ESP/ORB_041200_041299/ESP_041282_1520_ESP_047150_1520/ESP_041282_1520_RED_C_01_ORTHO.JP2,https://www.uahirise.org/PDS/DTM/ESP/ORB_041200_041299/ESP_041282_1520_ESP_047150_1520/ESP_047150_1520_RED_C_01_ORTHO.JP2,1
Material on Crater Ejecta,https://www.uahirise.org/PDS/DTM/ESP/ORB_046400_046499/ESP_046487_1880_ESP_045419_1880/DTEED_046487_1880_045419_1880_A01.IMG,https://www.uahirise.org/PDS/DTM/ESP/ORB_046400_046499/ESP_046487_1880_ESP_045419_1880/ESP_046487_1880_RED_D_01_ORTHO.JP2,https://www.uahirise.org/PDS/DTM/ESP/ORB_046400_046499/ESP_046487_1880_ESP_045419_1880/ESP_045419_1880_RED_D_01_ORTHO.JP2,2.02
Fractures in Utopia Planitia,https://www.uahirise.org/PDS/DTM/ESP/ORB_046000_046099/ESP_046072_2170_ESP_046138_2170/DTEED_046072_2170_046138_2170_A01.IMG,https://www.uahirise.org/PDS/DTM/ESP/ORB_046000_046099/ESP_046072_2170_ESP_046138_2170/ESP_046072_2170_RED_D_01_ORTHO.JP2,https://www.uahirise.org/PDS/DTM/ESP/ORB_046000_046099/ESP_046072_2170_ESP_046138_2170/ESP_046138_2170_RED_D_01_ORTHO.JP2,2
East Slope of Asimov Crater Central Pit,https://www.uahirise.org/PDS/DTM/ESP/ORB_013800_013899/ESP_013835_1330_ESP_013189_1330/DTEEC_013835_1330_013189_1330_A01.IMG,https://www.uahirise.org/PDS/DTM/ESP/ORB_013800_013899/ESP_013835_1330_ESP_013189_1330/ESP_013835_1330_RED_C_01_ORTHO.JP2,https://www.uahirise.org/PDS/DTM/ESP/ORB_013800_013899/ESP_013835_1330_ESP_013189_1330/ESP_013189_1330_RED_C_01_ORTHO.JP2,0.99
Western Slope of Asimov Crater,https://www.uahirise.org/PDS/DTM/ESP/ORB_013600_013699/ESP_013611_1325_ESP_013110_1325/DTEEC_013611_1325_013110_1325_A01.IMG,https://www.uahirise.org/PDS/DTM/ESP/ORB_013600_013699/ESP_013611_1325_ESP_013110_1325/ESP_013611_1325_RED_C_01_ORTHO.JP2,https://www.uahirise.org/PDS/DTM/ESP/ORB_013600_013699/ESP_013611_1325_ESP_013110_1325/ESP_013110_1325_RED_C_01_ORTHO.JP2,0.99
Go with the (Bright) Flow,https://www.uahirise.org/PDS/DTM/ESP/ORB_014300_014399/ESP_014335_1450_ESP_014058_1450/DTEEC_014335_1450_014058_1450_A01.IMG,https://www.uahirise.org/PDS/DTM/ESP/ORB_014300_014399/ESP_014335_1450_ESP_014058_1450/ESP_014335_1450_RED_C_01_ORTHO.JP2,https://www.uahirise.org/PDS/DTM/ESP/ORB_014300_014399/ESP_014335_1450_ESP_014058_1450/ESP_014058_1450_RED_C_01_ORTHO.JP2,1
Possibly Fresh 4-Kilometer Diameter Crater,https://www.uahirise.org/PDS/DTM/ESP/ORB_025900_025999/ESP_025901_2460_ESP_026455_2460/DTEPC_025901_2460_026455_2460_A01.IMG,https://www.uahirise.org/PDS/DTM/ESP/ORB_025900_025999/ESP_025901_2460_ESP_026455_2460/ESP_025901_2460_RED_C_01_ORTHO.JP2,https://www.uahirise.org/PDS/DTM/ESP/ORB_025900_025999/ESP_025901_2460_ESP_026455_2460/ESP_026455_2460_RED_C_01_ORTHO.JP2,0.99
Tomini Crater Western Ejecta,https://www.uahirise.org/PDS/DTM/PSP/ORB_005900_005999/PSP_005985_1965_PSP_005695_1965/DTEEC_005985_1965_005695_1965_A01.IMG,https://www.uahirise.org/PDS/DTM/PSP/ORB_005900_005999/PSP_005985_1965_PSP_005695_1965/PSP_005985_1965_RED_C_01_ORTHO.JP2,https://www.uahirise.org/PDS/DTM/PSP/ORB_005900_005999/PSP_005985_1965_PSP_005695_1965/PSP_005695_1965_RED_C_01_ORTHO.JP2,0.87
"Tomini Crater, Rayed",https://www.uahirise.org/PDS/DTM/PSP/ORB_001800_001899/PSP_001871_1965_ESP_024419_1965/DTEEC_001871_1965_024419_1965_A01.IMG,https://www.uahirise.org/PDS/DTM/PSP/ORB_001800_001899/PSP_001871_1965_ESP_024419_1965/PSP_001871_1965_RED_C_01_ORTHO.JP2,https://www.uahirise.org/PDS/DTM/PSP/ORB_001800_001899/PSP_001871_1965_ESP_024419_1965/ESP_024419_1965_RED_C_01_ORTHO.JP2,0.87
Louth Crater Ice Mound,https://www.uahirise.org/PDS/DTM/ESP/ORB_045400_045499/ESP_045439_2505_ESP_045887_2505/DTEPC_045439_2505_045887_2505_A01.IMG,https://www.uahirise.org/PDS/DTM/ESP/ORB_045400_045499/ESP_045439_2505_ESP_045887_2505/ESP_045439_2505_RED_C_01_ORTHO.JP2,https://www.uahirise.org/PDS/DTM/ESP/ORB_045400_045499/ESP_045439_2505_ESP_045887_2505/ESP_045887_2505_RED_C_01_ORTHO.JP2,1
Lava Flow Spilling into Crater in Southwestern Daedalia Planum,https://www.uahirise.org/PDS/DTM/ESP/ORB_024800_024899/ESP_024877_1465_ESP_024587_1465/DTEEC_024877_1465_024587_1465_P01.IMG,https://www.uahirise.org/PDS/DTM/ESP/ORB_024800_024899/ESP_024877_1465_ESP_024587_1465/ESP_024877_1465_RED_C_01_ORTHO.JP2,https://www.uahirise.org/PDS/DTM/ESP/ORB_024800_024899/ESP_024877_1465_ESP_024587_1465/ESP_024587_1465_RED_C_01_ORTHO.JP2,1
North Flank of Apollinaris Patera,https://www.uahirise.org/PDS/DTM/PSP/ORB_002600_002699/PSP_002634_1725_PSP_001645_1725/DTEEC_002634_1725_001645_1725_P01.IMG,https://www.uahirise.org/PDS/DTM/PSP/ORB_002600_002699/PSP_002634_1725_PSP_001645_1725/PSP_002634_1725_RED_C_01_ORTHO.JP2,https://www.uahirise.org/PDS/DTM/PSP/ORB_002600_002699/PSP_002634_1725_PSP_001645_1725/PSP_001645_1725_RED_C_01_ORTHO.JP2,1.01
Terrain in Promethei Terra,https://www.uahirise.org/PDS/DTM/ESP/ORB_021400_021499/ESP_021466_1230_ESP_021954_1230/DTEEC_021466_1230_021954_1230_A01.IMG,https://www.uahirise.org/PDS/DTM/ESP/ORB_021400_021499/ESP_021466_1230_ESP_021954_1230/ESP_021466_1230_RED_C_01_ORTHO.JP2,https://www.uahirise.org/PDS/DTM/ESP/ORB_021400_021499/ESP_021466_1230_ESP_021954_1230/ESP_021954_1230_RED_C_01_ORTHO.JP2,0.99
Gullies on Eastern Side of Crater in Newton Crater,https://www.uahirise.org/PDS/DTM/ESP/ORB_023500_023599/ESP_023546_1375_ESP_023612_1375/DTEED_023546_1375_023612_1375_A01.IMG,https://www.uahirise.org/PDS/DTM/ESP/ORB_023500_023599/ESP_023546_1375_ESP_023612_1375/ESP_023546_1375_RED_D_01_ORTHO.JP2,https://www.uahirise.org/PDS/DTM/ESP/ORB_023500_023599/ESP_023546_1375_ESP_023612_1375/ESP_023612_1375_RED_D_01_ORTHO.JP2,2
Relatively Light-Toned Deposits in Shalbatana Vallis,https://www.uahirise.org/PDS/DTM/PSP/ORB_007400_007499/PSP_007455_1785_ESP_033458_1785/DTEEC_007455_1785_033458_1785_A01.IMG,https://www.uahirise.org/PDS/DTM/PSP/ORB_007400_007499/PSP_007455_1785_ESP_033458_1785/PSP_007455_1785_RED_C_01_ORTHO.JP2,https://www.uahirise.org/PDS/DTM/PSP/ORB_007400_007499/PSP_007455_1785_ESP_033458_1785/ESP_033458_1785_RED_C_01_ORTHO.JP2,1.01
Seasonal Sublimation,https://www.uahirise.org/PDS/DTM/ESP/ORB_013900_013999/ESP_013990_0930_ESP_014123_0930/DTEPC_013990_0930_014123_0930_A01.IMG,https://www.uahirise.org/PDS/DTM/ESP/ORB_013900_013999/ESP_013990_0930_ESP_014123_0930/ESP_013990_0930_RED_C_01_ORTHO.JP2,https://www.uahirise.org/PDS/DTM/ESP/ORB_013900_013999/ESP_013990_0930_ESP_014123_0930/ESP_014123_0930_RED_C_01_ORTHO.JP2,1
Flow Boundary in Elysium Planitia,https://www.uahirise.org/PDS/DTM/ESP/ORB_028300_028399/ESP_028360_2085_ESP_028993_2085/DTEEC_028360_2085_028993_2085_A01.IMG,https://www.uahirise.org/PDS/DTM/ESP/ORB_028300_028399/ESP_028360_2085_ESP_028993_2085/ESP_028360_2085_RED_C_01_ORTHO.JP2,https://www.uahirise.org/PDS/DTM/ESP/ORB_028300_028399/ESP_028360_2085_ESP_028993_2085/ESP_028993_2085_RED_C_01_ORTHO.JP2,1
InSight Mission Candidate Landing Site,https://www.uahirise.org/PDS/DTM/ESP/ORB_037200_037299/ESP_037262_1845_ESP_036761_1845/DTEEC_037262_1845_036761_1845_U01.IMG,https://www.uahirise.org/PDS/DTM/ESP/ORB_037200_037299/ESP_037262_1845_ESP_036761_1845/ESP_037262_1845_RED_C_01_ORTHO.JP2,https://www.uahirise.org/PDS/DTM/ESP/ORB_037200_037299/ESP_037262_1845_ESP_036761_1845/ESP_036761_1845_RED_C_01_ORTHO.JP2,1.01
Insight Mission Candidate Landing Site,https://www.uahirise.org/PDS/DTM/ESP/ORB_034900_034999/ESP_034928_1850_ESP_034783_1850/DTEEC_034928_1850_034783_1850_U01.IMG,https://www.uahirise.org/PDS/DTM/ESP/ORB_034900_034999/ESP_034928_1850_ESP_034783_1850/ESP_034928_1850_RED_C_01_ORTHO.JP2,https://www.uahirise.org/PDS/DTM/ESP/ORB_034900_034999/ESP_034928_1850_ESP_034783_1850/ESP_034783_1850_RED_C_01_ORTHO.JP2,1.01
Possible Landing Site for InSight Mission,https://www.uahirise.org/PDS/DTM/ESP/ORB_042800_042899/ESP_042827_1845_ESP_042537_1845/DTEEC_042827_1845_042537_1845_U01.IMG,https://www.uahirise.org/PDS/DTM/ESP/ORB_042800_042899/ESP_042827_1845_ESP_042537_1845/ESP_042827_1845_RED_C_01_ORTHO.JP2,https://www.uahirise.org/PDS/DTM/ESP/ORB_042800_042899/ESP_042827_1845_ESP_042537_1845/ESP_042537_1845_RED_C_01_ORTHO.JP2,1.01
InSight Mission Candidate Landing Site,https://www.uahirise.org/PDS/DTM/ESP/ORB_036600_036699/ESP_036695_1850_ESP_036405_1850/DTEEC_036695_1850_036405_1850_U01.IMG,https://www.uahirise.org/PDS/DTM/ESP/ORB_036600_036699/ESP_036695_1850_ESP_036405_1850/ESP_036695_1850_RED_C_01_ORTHO.JP2,https://www.uahirise.org/PDS/DTM/ESP/ORB_036600_036699/ESP_036695_1850_ESP_036405_1850/ESP_036405_1850_RED_C_01_ORTHO.JP2,1.01
Candidate Future Landing Site,https://www.uahirise.org/PDS/DTM/ESP/ORB_035600_035699/ESP_035640_1845_ESP_036906_1845/DTEEC_035640_1845_036906_1845_U01.IMG,https://www.uahirise.org/PDS/DTM/ESP/ORB_035600_035699/ESP_035640_1845_ESP_036906_1845/ESP_035640_1845_RED_C_01_ORTHO.JP2,https://www.uahirise.org/PDS/DTM/ESP/ORB_035600_035699/ESP_035640_1845_ESP_036906_1845/ESP_036906_1845_RED_C_01_ORTHO.JP2,1.01
Columnar Jointing in Wall of Impact Crater,https://www.uahirise.org/PDS/DTM/ESP/ORB_012400_012499/ESP_012451_1505_ESP_012662_1505/DTEEC_012451_1505_012662_1505_A01.IMG,https://www.uahirise.org/PDS/DTM/ESP/ORB_012400_012499/ESP_012451_1505_ESP_012662_1505/ESP_012451_1505_RED_C_01_ORTHO.JP2,https://www.uahirise.org/PDS/DTM/ESP/ORB_012400_012499/ESP_012451_1505_ESP_012662_1505/ESP_012662_1505_RED_C_01_ORTHO.JP2,1
Landforms in Utopia Planitia,https://www.uahirise.org/PDS/DTM/ESP/ORB_046600_046699/ESP_046666_2125_ESP_046521_2125/DTEEC_046666_2125_046521_2125_A01.IMG,https://www.uahirise.org/PDS/DTM/ESP/ORB_046600_046699/ESP_046666_2125_ESP_046521_2125/ESP_046666_2125_RED_C_01_ORTHO.JP2,https://www.uahirise.org/PDS/DTM/ESP/ORB_046600_046699/ESP_046666_2125_ESP_046521_2125/ESP_046521_2125_RED_C_01_ORTHO.JP2,1
Central Uplift in Runanga Crater,https://www.uahirise.org/PDS/DTM/PSP/ORB_010500_010599/PSP_010549_1530_PSP_006620_1530/DTEED_010549_1530_006620_1530_A01.IMGG,https://www.uahirise.org/PDS/DTM/PSP/ORB_010500_010599/PSP_010549_1530_PSP_006620_1530/PSP_010549_1530_RED_D_01_ORTHO.JP2,https://www.uahirise.org/PDS/DTM/PSP/ORB_010500_010599/PSP_010549_1530_PSP_006620_1530/PSP_006620_1530_RED_D_01_ORTHO.JP2,2.01
Latest View of Curiosity Rover in Gale Crater,https://www.uahirise.org/PDS/DTM/ESP/ORB_040700_040799/ESP_040770_1755_ESP_039280_1755/DTEEC_040770_1755_039280_1755_U01.IMG,https://www.uahirise.org/PDS/DTM/ESP/ORB_040700_040799/ESP_040770_1755_ESP_039280_1755/ESP_040770_1755_RED_C_01_ORTHO.JP2,https://www.uahirise.org/PDS/DTM/ESP/ORB_040700_040799/ESP_040770_1755_ESP_039280_1755/ESP_039280_1755_RED_C_01_ORTHO.JP2,1.01
Central Pit Gullies in Asimov Crater,https://www.uahirise.org/PDS/DTM/ESP/ORB_013200_013299/ESP_013268_1330_ESP_013123_1330/DTEEC_013268_1330_013123_1330_A01.IMG,https://www.uahirise.org/PDS/DTM/ESP/ORB_013200_013299/ESP_013268_1330_ESP_013123_1330/ESP_013268_1330_RED_C_01_ORTHO.JP2,https://www.uahirise.org/PDS/DTM/ESP/ORB_013200_013299/ESP_013268_1330_ESP_013123_1330/ESP_013123_1330_RED_C_01_ORTHO.JP2,0.99
Change Detection in Aeolis Planum,https://www.uahirise.org/PDS/DTM/ESP/ORB_019000_019099/ESP_019038_1740_ESP_019882_1740/DTEEC_019038_1740_019882_1740_A01.IMG,https://www.uahirise.org/PDS/DTM/ESP/ORB_019000_019099/ESP_019038_1740_ESP_019882_1740/ESP_019038_1740_RED_C_01_ORTHO.JP2,https://www.uahirise.org/PDS/DTM/ESP/ORB_019000_019099/ESP_019038_1740_ESP_019882_1740/ESP_019882_1740_RED_C_01_ORTHO.JP2,1.01
Crater Fault in Margaritifer Terra,https://www.uahirise.org/PDS/DTM/ESP/ORB_037200_037299/ESP_037281_1775_ESP_036213_1775/DTEEC_037281_1775_036213_1775_A01.IMG,https://www.uahirise.org/PDS/DTM/ESP/ORB_037200_037299/ESP_037281_1775_ESP_036213_1775/ESP_037281_1775_RED_C_01_ORTHO.JP2,https://www.uahirise.org/PDS/DTM/ESP/ORB_037200_037299/ESP_037281_1775_ESP_036213_1775/ESP_036213_1775_RED_C_01_ORTHO.JP2,1.01
Western Iani Chaos,https://www.uahirise.org/PDS/DTM/ESP/ORB_016100_016199/ESP_016183_1770_ESP_016816_1770/DTEEC_016183_1770_016816_1770_A01.IMG,https://www.uahirise.org/PDS/DTM/ESP/ORB_016100_016199/ESP_016183_1770_ESP_016816_1770/ESP_016183_1770_RED_C_01_ORTHO.JP2,https://www.uahirise.org/PDS/DTM/ESP/ORB_016100_016199/ESP_016183_1770_ESP_016816_1770/ESP_016816_1770_RED_C_01_ORTHO.JP2,1.01
Fresh 6-Kilometer Diameter Crater with Gullied Slopes,https://www.uahirise.org/PDS/DTM/PSP/ORB_006600_006699/PSP_006663_1425_ESP_011436_1425/DTEEC_006663_1425_011436_1425_A01.IMG,https://www.uahirise.org/PDS/DTM/PSP/ORB_006600_006699/PSP_006663_1425_ESP_011436_1425/PSP_006663_1425_RED_C_01_ORTHO.JP2,https://www.uahirise.org/PDS/DTM/PSP/ORB_006600_006699/PSP_006663_1425_ESP_011436_1425/ESP_011436_1425_RED_C_01_ORTHO.JP2,1
Xanthe Terra Crater,https://www.uahirise.org/PDS/DTM/ESP/ORB_033300_033399/ESP_033326_1780_PSP_006598_1780/DTEEC_033326_1780_006598_1780_A01.IMG,https://www.uahirise.org/PDS/DTM/ESP/ORB_033300_033399/ESP_033326_1780_PSP_006598_1780/ESP_033326_1780_RED_C_01_ORTHO.JP2,https://www.uahirise.org/PDS/DTM/ESP/ORB_033300_033399/ESP_033326_1780_PSP_006598_1780/PSP_006598_1780_RED_C_01_ORTHO.JP2,1.01
Layered Rocks in Orson Welles Crater,https://www.uahirise.org/PDS/DTM/PSP/ORB_008300_008399/PSP_008391_1790_ESP_028566_1790/DTEEC_008391_1790_028566_1790_A01.IMG,https://www.uahirise.org/PDS/DTM/PSP/ORB_008300_008399/PSP_008391_1790_ESP_028566_1790/PSP_008391_1790_RED_C_01_ORTHO.JP2,https://www.uahirise.org/PDS/DTM/PSP/ORB_008300_008399/PSP_008391_1790_ESP_028566_1790/ESP_028566_1790_RED_C_01_ORTHO.JP2,1.01
Along the Floor of Coprates Chasma,https://www.uahirise.org/PDS/DTM/ESP/ORB_018300_018399/ESP_018347_1660_ESP_026417_1660/DTEEC_018347_1660_026417_1660_A01.IMG,https://www.uahirise.org/PDS/DTM/ESP/ORB_018300_018399/ESP_018347_1660_ESP_026417_1660/ESP_018347_1660_RED_C_01_ORTHO.JP2,https://www.uahirise.org/PDS/DTM/ESP/ORB_018300_018399/ESP_018347_1660_ESP_026417_1660/ESP_026417_1660_RED_C_01_ORTHO.JP2,1.01
Layered Ice Near the South Pole of Mars,https://www.uahirise.org/PDS/DTM/ESP/ORB_023600_023699/ESP_023616_1005_ESP_024025_1005/DTEPC_023616_1005_024025_1005_A01.IMG,https://www.uahirise.org/PDS/DTM/ESP/ORB_023600_023699/ESP_023616_1005_ESP_024025_1005/ESP_023616_1005_RED_C_01_ORTHO.JP2,https://www.uahirise.org/PDS/DTM/ESP/ORB_023600_023699/ESP_023616_1005_ESP_024025_1005/ESP_024025_1005_RED_C_01_ORTHO.JP2,1
Primary Cavity of Rayed Gratteri Crater,https://www.uahirise.org/PDS/DTM/ESP/ORB_011500_011599/ESP_011507_1620_PSP_005732_1620/DTEEC_011507_1620_005732_1620_A01.IMG,https://www.uahirise.org/PDS/DTM/ESP/ORB_011500_011599/ESP_011507_1620_PSP_005732_1620/ESP_011507_1620_RED_C_01_ORTHO.JP2,https://www.uahirise.org/PDS/DTM/ESP/ORB_011500_011599/ESP_011507_1620_PSP_005732_1620/PSP_005732_1620_RED_C_01_ORTHO.JP2,1
Pasted-on Material on Streamlined Island,https://www.uahirise.org/PDS/DTM/ESP/ORB_044500_044599/ESP_044509_1865_ESP_045274_1865/DTEED_044509_1865_045274_1865_A01.IMG,https://www.uahirise.org/PDS/DTM/ESP/ORB_044500_044599/ESP_044509_1865_ESP_045274_1865/ESP_044509_1865_RED_D_01_ORTHO.JP2,https://www.uahirise.org/PDS/DTM/ESP/ORB_044500_044599/ESP_044509_1865_ESP_045274_1865/ESP_045274_1865_IRB_D_01_ORTHO.JP2,2.02
Pasted-on Material on Crater Ejecta,https://www.uahirise.org/PDS/DTM/ESP/ORB_045300_045399/ESP_045353_1890_ESP_044720_1890/DTEED_045353_1890_044720_1890_A01.IMG,https://www.uahirise.org/PDS/DTM/ESP/ORB_045300_045399/ESP_045353_1890_ESP_044720_1890/ESP_045353_1890_RED_D_01_ORTHO.JP2,https://www.uahirise.org/PDS/DTM/ESP/ORB_045300_045399/ESP_045353_1890_ESP_044720_1890/ESP_044720_1890_RED_D_01_ORTHO.JP2,2.02
Topography in Region Dubbed Ithaca,https://www.uahirise.org/PDS/DTM/ESP/ORB_040100_040199/ESP_040189_0950_ESP_040216_0950/DTEPD_040189_0950_040216_0950_A01.IMG,https://www.uahirise.org/PDS/DTM/ESP/ORB_040100_040199/ESP_040189_0950_ESP_040216_0950/ESP_040189_0950_RED_D_01_ORTHO.JP2,https://www.uahirise.org/PDS/DTM/ESP/ORB_040100_040199/ESP_040189_0950_ESP_040216_0950/ESP_040216_0950_RED_D_01_ORTHO.JP2,2
Potential 50-Meter Crater on the North Polar Layered Deposits,https://www.uahirise.org/PDS/DTM/ESP/ORB_045800_045899/ESP_045885_2685_ESP_045754_2685/DTEPC_045885_2685_045754_2685_A01.IMG,https://www.uahirise.org/PDS/DTM/ESP/ORB_045800_045899/ESP_045885_2685_ESP_045754_2685/ESP_045885_2685_RED_C_01_ORTHO.JP2,https://www.uahirise.org/PDS/DTM/ESP/ORB_045800_045899/ESP_045885_2685_ESP_045754_2685/ESP_045754_2685_RED_C_01_ORTHO.JP2,1
Insight Mission Candidate Landing Site,https://www.uahirise.org/PDS/DTM/ESP/ORB_035000_035099/ESP_035073_1840_ESP_036550_1840/DTEEC_035073_1840_036550_1840_U01.IMG,https://www.uahirise.org/PDS/DTM/ESP/ORB_035000_035099/ESP_035073_1840_ESP_036550_1840/ESP_035073_1840_RED_C_01_ORTHO.JP2,https://www.uahirise.org/PDS/DTM/ESP/ORB_035000_035099/ESP_035073_1840_ESP_036550_1840/ESP_036550_1840_RED_C_01_ORTHO.JP2,1.01
Candidate Landing Site for InSight,https://www.uahirise.org/PDS/DTM/ESP/ORB_035700_035799/ESP_035785_1840_ESP_036062_1840/DTEEC_035785_1840_036062_1840_U01.IMG,https://www.uahirise.org/PDS/DTM/ESP/ORB_035700_035799/ESP_035785_1840_ESP_036062_1840/ESP_035785_1840_RED_C_01_ORTHO.JP2,https://www.uahirise.org/PDS/DTM/ESP/ORB_035700_035799/ESP_035785_1840_ESP_036062_1840/ESP_036062_1840_RED_C_01_ORTHO.JP2,1.01
InSight Mission Candidate Landing Site,https://www.uahirise.org/PDS/DTM/ESP/ORB_037100_037199/ESP_037196_1840_ESP_037473_1840/DTEEC_037196_1840_037473_1840_U01.IMG,https://www.uahirise.org/PDS/DTM/ESP/ORB_037100_037199/ESP_037196_1840_ESP_037473_1840/ESP_037196_1840_RED_C_01_ORTHO.JP2,https://www.uahirise.org/PDS/DTM/ESP/ORB_037100_037199/ESP_037196_1840_ESP_037473_1840/ESP_037473_1840_RED_C_01_ORTHO.JP2,1.01
InSight Mission Candidate Landing Site,https://www.uahirise.org/PDS/DTM/ESP/ORB_036200_036299/ESP_036207_1840_ESP_036273_1840/DTEEC_036207_1840_036273_1840_U01.IMG,https://www.uahirise.org/PDS/DTM/ESP/ORB_036200_036299/ESP_036207_1840_ESP_036273_1840/ESP_036207_1840_RED_C_01_ORTHO.JP2,https://www.uahirise.org/PDS/DTM/ESP/ORB_036200_036299/ESP_036207_1840_ESP_036273_1840/ESP_036273_1840_RED_C_01_ORTHO.JP2,1.01
InSight Mission Candidate Landing Site,https://www.uahirise.org/PDS/DTM/ESP/ORB_034700_034799/ESP_034717_1840_ESP_035561_1840/DTEEC_034717_1840_035561_1840_U01.IMG,https://www.uahirise.org/PDS/DTM/ESP/ORB_034700_034799/ESP_034717_1840_ESP_035561_1840/ESP_034717_1840_RED_C_01_ORTHO.JP2,https://www.uahirise.org/PDS/DTM/ESP/ORB_034700_034799/ESP_034717_1840_ESP_035561_1840/ESP_035561_1840_RED_C_01_ORTHO.JP2,1.01
InSight Mission Candidate Landing Site,https://www.uahirise.org/PDS/DTM/ESP/ORB_038400_038499/ESP_038449_1845_ESP_037961_1845/DTEEC_038449_1845_037961_1845_U01.IMG,https://www.uahirise.org/PDS/DTM/ESP/ORB_038400_038499/ESP_038449_1845_ESP_037961_1845/ESP_038449_1845_RED_C_01_ORTHO.JP2,https://www.uahirise.org/PDS/DTM/ESP/ORB_038400_038499/ESP_038449_1845_ESP_037961_1845/ESP_037961_1845_RED_C_01_ORTHO.JP2,1.01
InSight Mission Candidate Landing Site,https://www.uahirise.org/PDS/DTM/ESP/ORB_043100_043199/ESP_043183_1845_ESP_043671_1845/DTEEC_043183_1845_043671_1845_U01.IMG,https://www.uahirise.org/PDS/DTM/ESP/ORB_043100_043199/ESP_043183_1845_ESP_043671_1845/ESP_043183_1845_RED_C_01_ORTHO.JP2,https://www.uahirise.org/PDS/DTM/ESP/ORB_043100_043199/ESP_043183_1845_ESP_043671_1845/ESP_043671_1845_RED_C_01_ORTHO.JP2,1.01
InSight Mission Candidate Landing Site,https://www.uahirise.org/PDS/DTM/ESP/ORB_037600_037699/ESP_037684_1845_ESP_037328_1845/DTEEC_037684_1845_037328_1845_U01.IMG,https://www.uahirise.org/PDS/DTM/ESP/ORB_037600_037699/ESP_037684_1845_ESP_037328_1845/ESP_037684_1845_RED_C_01_ORTHO.JP2,https://www.uahirise.org/PDS/DTM/ESP/ORB_037600_037699/ESP_037684_1845_ESP_037328_1845/ESP_037328_1845_RED_C_01_ORTHO.JP2,1.01
Floor of Uzboi Vallis South of Nirgal Vallis,https://www.uahirise.org/PDS/DTM/ESP/ORB_042000_042099/ESP_042016_1495_ESP_042082_1495/DTEEC_042016_1495_042082_1495_A01.IMG,https://www.uahirise.org/PDS/DTM/ESP/ORB_042000_042099/ESP_042016_1495_ESP_042082_1495/ESP_042016_1495_RED_C_01_ORTHO.JP2,https://www.uahirise.org/PDS/DTM/ESP/ORB_042000_042099/ESP_042016_1495_ESP_042082_1495/ESP_042082_1495_RED_C_01_ORTHO.JP2,1
60-M Diameter Crater on North Polar Layered Deposits,https://www.uahirise.org/PDS/DTM/ESP/ORB_044800_044899/ESP_044872_2655_ESP_044728_2655/DTEPC_044872_2655_044728_2655_A01.IMG,https://www.uahirise.org/PDS/DTM/ESP/ORB_044800_044899/ESP_044872_2655_ESP_044728_2655/ESP_044872_2655_RED_C_01_ORTHO.JP2,https://www.uahirise.org/PDS/DTM/ESP/ORB_044800_044899/ESP_044872_2655_ESP_044728_2655/ESP_044728_2655_RED_C_01_ORTHO.JP2,1
Exposure of South Polar Layered Deposits,https://www.uahirise.org/PDS/DTM/ESP/ORB_031900_031999/ESP_031959_0960_ESP_031788_0960/DTEPD_031959_0960_031788_0960_A01.IMG,https://www.uahirise.org/PDS/DTM/ESP/ORB_031900_031999/ESP_031959_0960_ESP_031788_0960/ESP_031959_0960_RED_D_01_ORTHO.JP2,https://www.uahirise.org/PDS/DTM/ESP/ORB_031900_031999/ESP_031959_0960_ESP_031788_0960/ESP_031788_0960_RED_D_01_ORTHO.JP2,2
Exposure of North Polar Layered Deposits,https://www.uahirise.org/PDS/DTM/ESP/ORB_035900_035999/ESP_035909_2650_ESP_035567_2650/DTEPC_035909_2650_035567_2650_A01.IMG,https://www.uahirise.org/PDS/DTM/ESP/ORB_035900_035999/ESP_035909_2650_ESP_035567_2650/ESP_035909_2650_RED_C_01_ORTHO.JP2,https://www.uahirise.org/PDS/DTM/ESP/ORB_035900_035999/ESP_035909_2650_ESP_035567_2650/ESP_035567_2650_RED_C_01_ORTHO.JP2,1
Pitted Cones in Utopia Planitia,https://www.uahirise.org/PDS/DTM/ESP/ORB_045200_045299/ESP_045268_2120_ESP_044424_2120/DTEED_045268_2120_044424_2120_A01.IMG,https://www.uahirise.org/PDS/DTM/ESP/ORB_045200_045299/ESP_045268_2120_ESP_044424_2120/ESP_045268_2120_RED_D_01_ORTHO.JP2,https://www.uahirise.org/PDS/DTM/ESP/ORB_045200_045299/ESP_045268_2120_ESP_044424_2120/ESP_044424_2120_RED_D_01_ORTHO.JP2,2.01
Streamlined Landforms in Granicus Valles,https://www.uahirise.org/PDS/DTM/ESP/ORB_018500_018599/ESP_018564_2115_ESP_018630_2115/DTEED_018564_2115_018630_2115_A01.IMG,https://www.uahirise.org/PDS/DTM/ESP/ORB_018500_018599/ESP_018564_2115_ESP_018630_2115/ESP_018564_2115_RED_D_01_ORTHO.JP2,https://www.uahirise.org/PDS/DTM/ESP/ORB_018500_018599/ESP_018564_2115_ESP_018630_2115/ESP_018630_2115_RED_D_01_ORTHO.JP2,2.01
Transition between Medusae Fossae Formation and Clusters of Aligned Cones,https://www.uahirise.org/PDS/DTM/PSP/ORB_009100_009199/PSP_009175_1810_PSP_009808_1810/DTEEC_009175_1810_009808_1810_A01.IMG,https://www.uahirise.org/PDS/DTM/PSP/ORB_009100_009199/PSP_009175_1810_PSP_009808_1810/PSP_009175_1810_RED_C_01_ORTHO.JP2,https://www.uahirise.org/PDS/DTM/PSP/ORB_009100_009199/PSP_009175_1810_PSP_009808_1810/PSP_009808_1810_RED_C_01_ORTHO.JP2,1.01
Light-Toned Outcrops in Noctis Region,https://www.uahirise.org/PDS/DTM/ESP/ORB_019400_019499/ESP_019469_1725_ESP_019324_1725/DTEEC_019469_1725_019324_1725_A01.IMG,https://www.uahirise.org/PDS/DTM/ESP/ORB_019400_019499/ESP_019469_1725_ESP_019324_1725/ESP_019469_1725_RED_C_01_ORTHO.JP2,https://www.uahirise.org/PDS/DTM/ESP/ORB_019400_019499/ESP_019469_1725_ESP_019324_1725/ESP_019324_1725_RED_C_01_ORTHO.JP2,1.01
Giza Region Unfrosted,https://www.uahirise.org/PDS/DTM/PSP/ORB_004700_004799/PSP_004736_0950_PSP_005119_0950/DTEPC_004736_0950_005119_0950_A01.IMG,https://www.uahirise.org/PDS/DTM/PSP/ORB_004700_004799/PSP_004736_0950_PSP_005119_0950/PSP_004736_0950_RED_C_01_ORTHO.JP2,https://www.uahirise.org/PDS/DTM/PSP/ORB_004700_004799/PSP_004736_0950_PSP_005119_0950/PSP_005119_0950_RED_C_01_ORTHO.JP2,1
Monitor Slopes in Eos Chasma,https://www.uahirise.org/PDS/DTM/ESP/ORB_039700_039799/ESP_039788_1645_ESP_039854_1645/DTEEC_039788_1645_039854_1645_A01.IMG,https://www.uahirise.org/PDS/DTM/ESP/ORB_039700_039799/ESP_039788_1645_ESP_039854_1645/ESP_039788_1645_RED_C_01_ORTHO.JP2,https://www.uahirise.org/PDS/DTM/ESP/ORB_039700_039799/ESP_039788_1645_ESP_039854_1645/ESP_039854_1645_RED_C_01_ORTHO.JP2,1.01
Spacing and Arrangement of Barchan Dunes in Oyama Crater,https://www.uahirise.org/PDS/DTM/ESP/ORB_042700_042799/ESP_042714_2035_ESP_042424_2035/DTEED_042714_2035_042424_2035_A01.IMG,https://www.uahirise.org/PDS/DTM/ESP/ORB_042700_042799/ESP_042714_2035_ESP_042424_2035/ESP_042714_2035_RED_D_01_ORTHO.JP2,https://www.uahirise.org/PDS/DTM/ESP/ORB_042700_042799/ESP_042714_2035_ESP_042424_2035/ESP_042424_2035_RED_D_01_ORTHO.JP2,2.01
Cracks around Spider Features in Ice-Free Manhattan,https://www.uahirise.org/PDS/DTM/ESP/ORB_022200_022299/ESP_022259_0935_ESP_022339_0935/DTEPC_022259_0935_022339_0935_A01.IMG,https://www.uahirise.org/PDS/DTM/ESP/ORB_022200_022299/ESP_022259_0935_ESP_022339_0935/ESP_022259_0935_RED_C_01_ORTHO.JP2,https://www.uahirise.org/PDS/DTM/ESP/ORB_022200_022299/ESP_022259_0935_ESP_022339_0935/ESP_022339_0935_RED_C_01_ORTHO.JP2,1
Monitor Dune Avalanche Slopes,https://www.uahirise.org/PDS/DTM/ESP/ORB_032900_032999/ESP_032979_2070_ESP_032333_2070/DTEEC_032979_2070_032333_2070_A01.IMG,https://www.uahirise.org/PDS/DTM/ESP/ORB_032900_032999/ESP_032979_2070_ESP_032333_2070/ESP_032979_2070_RED_C_01_ORTHO.JP2,https://www.uahirise.org/PDS/DTM/ESP/ORB_032900_032999/ESP_032979_2070_ESP_032333_2070/ESP_032333_2070_RED_C_01_ORTHO.JP2,1
Western Wall of Crater in Kaiser Crater Dune Field,https://www.uahirise.org/PDS/DTM/ESP/ORB_039200_039299/ESP_039245_1325_ESP_039944_1325/DTEED_039245_1325_039944_1325_A01.IMG,https://www.uahirise.org/PDS/DTM/ESP/ORB_039200_039299/ESP_039245_1325_ESP_039944_1325/ESP_039245_1325_RED_D_01_ORTHO.JP2,https://www.uahirise.org/PDS/DTM/ESP/ORB_039200_039299/ESP_039245_1325_ESP_039944_1325/ESP_039944_1325_RED_D_01_ORTHO.JP2,1.99
Dune Changes in Green Crater,https://www.uahirise.org/PDS/DTM/ESP/ORB_022800_022899/ESP_022855_1270_ESP_023145_1270/DTEEC_022855_1270_023145_1270_A01.IMG,https://www.uahirise.org/PDS/DTM/ESP/ORB_022800_022899/ESP_022855_1270_ESP_023145_1270/ESP_022855_1270_RED_C_01_ORTHO.JP2,https://www.uahirise.org/PDS/DTM/ESP/ORB_022800_022899/ESP_022855_1270_ESP_023145_1270/ESP_023145_1270_RED_C_01_ORTHO.JP2,0.99
InSight Mission Candidate Landing Site,https://www.uahirise.org/PDS/DTM/ESP/ORB_036400_036499/ESP_036484_1835_ESP_037051_1835/DTEEC_036484_1835_037051_1835_U01.IMG,https://www.uahirise.org/PDS/DTM/ESP/ORB_036400_036499/ESP_036484_1835_ESP_037051_1835/ESP_036484_1835_RED_C_01_ORTHO.JP2,https://www.uahirise.org/PDS/DTM/ESP/ORB_036400_036499/ESP_036484_1835_ESP_037051_1835/ESP_037051_1835_RED_C_01_ORTHO.JP2,1.01
InSight Mission Candidate Landing Site,https://www.uahirise.org/PDS/DTM/ESP/ORB_035200_035299/ESP_035218_1835_ESP_035284_1835/DTEEC_035218_1835_035284_1835_U01.IMG,https://www.uahirise.org/PDS/DTM/ESP/ORB_035200_035299/ESP_035218_1835_ESP_035284_1835/ESP_035218_1835_RED_C_01_ORTHO.JP2,https://www.uahirise.org/PDS/DTM/ESP/ORB_035200_035299/ESP_035218_1835_ESP_035284_1835/ESP_035284_1835_RED_C_01_ORTHO.JP2,1.01
Insight Mission Candidate Landing Site,https://www.uahirise.org/PDS/DTM/ESP/ORB_034800_034899/ESP_034862_1835_ESP_035139_1835/DTEEC_034862_1835_035139_1835_U01.IMG,https://www.uahirise.org/PDS/DTM/ESP/ORB_034800_034899/ESP_034862_1835_ESP_035139_1835/ESP_034862_1835_RED_C_01_ORTHO.JP2,https://www.uahirise.org/PDS/DTM/ESP/ORB_034800_034899/ESP_034862_1835_ESP_035139_1835/ESP_035139_1835_RED_C_01_ORTHO.JP2,1.01
InSight Mission Candidate Landing Site,https://www.uahirise.org/PDS/DTM/ESP/ORB_035900_035999/ESP_035996_1835_ESP_036840_1835/DTEEC_035996_1835_036840_1835_U01.IMG,https://www.uahirise.org/PDS/DTM/ESP/ORB_035900_035999/ESP_035996_1835_ESP_036840_1835/ESP_035996_1835_RED_C_01_ORTHO.JP2,https://www.uahirise.org/PDS/DTM/ESP/ORB_035900_035999/ESP_035996_1835_ESP_036840_1835/ESP_036840_1835_RED_C_01_ORTHO.JP2,1.01
Fan Emanating from Young Fluvial Channel on Floor of Lyot Crater,https://www.uahirise.org/PDS/DTM/ESP/ORB_024800_024899/ESP_024831_2300_ESP_019372_2300/DTEEC_024831_2300_019372_2300_A01.IMG,https://www.uahirise.org/PDS/DTM/ESP/ORB_024800_024899/ESP_024831_2300_ESP_019372_2300/ESP_024831_2300_RED_C_01_ORTHO.JP2,https://www.uahirise.org/PDS/DTM/ESP/ORB_024800_024899/ESP_024831_2300_ESP_019372_2300/ESP_019372_2300_RED_C_01_ORTHO.JP2,0.99
A Human Bird’s Eye View of Mars,https://www.uahirise.org/PDS/DTM/PSP/ORB_006600_006699/PSP_006633_2010_PSP_007556_2010/DTEEC_006633_2010_007556_2010_U01.IMG,https://www.uahirise.org/PDS/DTM/PSP/ORB_006600_006699/PSP_006633_2010_PSP_007556_2010/PSP_006633_2010_RED_C_01_ORTHO.JP2,https://www.uahirise.org/PDS/DTM/PSP/ORB_006600_006699/PSP_006633_2010_PSP_007556_2010/PSP_007556_2010_RED_C_01_ORTHO.JP2,1
High-Angle Layers in Central Uplift of Oudemans Crater,https://www.uahirise.org/PDS/DTM/PSP/ORB_002400_002499/PSP_002446_1700_PSP_001602_1700/DTEEC_002446_1700_001602_1700_U01.IMG,https://www.uahirise.org/PDS/DTM/PSP/ORB_002400_002499/PSP_002446_1700_PSP_001602_1700/PSP_002446_1700_RED_C_01_ORTHO.JP2,https://www.uahirise.org/PDS/DTM/PSP/ORB_002400_002499/PSP_002446_1700_PSP_001602_1700/PSP_001602_1700_RED_C_01_ORTHO.JP2,1.01
Oudemans Crater Central PeaK,https://www.uahirise.org/PDS/DTM/ESP/ORB_026200_026299/ESP_026273_1700_PSP_008340_1700/DTEEC_026273_1700_008340_1700_U01.IMG,https://www.uahirise.org/PDS/DTM/ESP/ORB_026200_026299/ESP_026273_1700_PSP_008340_1700/ESP_026273_1700_RED_C_01_ORTHO.JP2,https://www.uahirise.org/PDS/DTM/ESP/ORB_026200_026299/ESP_026273_1700_PSP_008340_1700/PSP_008340_1700_RED_C_01_ORTHO.JP2,1.01
Oudemans Crater Layered Central Uplift,https://www.uahirise.org/PDS/DTM/ESP/ORB_026300_026399/ESP_026339_1700_ESP_026194_1700/DTEEC_026339_1700_026194_1700_U01.IMG,https://www.uahirise.org/PDS/DTM/ESP/ORB_026300_026399/ESP_026339_1700_ESP_026194_1700/ESP_026339_1700_RED_C_01_ORTHO.JP2,https://www.uahirise.org/PDS/DTM/ESP/ORB_026300_026399/ESP_026339_1700_ESP_026194_1700/ESP_026194_1700_RED_C_01_ORTHO.JP2,1.01
Mawrth Vallis Phyllosilicates,https://www.uahirise.org/PDS/DTM/PSP/ORB_007500_007599/PSP_007599_2020_PSP_007454_2020/DTEEC_007599_2020_007454_2020_U01.IMG,https://www.uahirise.org/PDS/DTM/PSP/ORB_007500_007599/PSP_007599_2020_PSP_007454_2020/PSP_007599_2020_RED_C_01_ORTHO.JP2,https://www.uahirise.org/PDS/DTM/PSP/ORB_007500_007599/PSP_007599_2020_PSP_007454_2020/PSP_007454_2020_RED_C_01_ORTHO.JP2,1
Candidate Landing Site for 2020 Mission in Jezero Crater,https://www.uahirise.org/PDS/DTM/ESP/ORB_045900_045999/ESP_045994_1985_ESP_046060_1985/DTEEC_045994_1985_046060_1985_U01.IMG,https://www.uahirise.org/PDS/DTM/ESP/ORB_045900_045999/ESP_045994_1985_ESP_046060_1985/ESP_045994_1985_RED_C_01_ORTHO.JP2,https://www.uahirise.org/PDS/DTM/ESP/ORB_045900_045999/ESP_045994_1985_ESP_046060_1985/ESP_046060_1985_RED_C_01_ORTHO.JP2,1
Proposed MSR Landing Site in Jezero Crater,https://www.uahirise.org/PDS/DTM/ESP/ORB_023200_023299/ESP_023247_1985_ESP_022957_1985/DTEEC_023247_1985_022957_1985_U01.IMG,https://www.uahirise.org/PDS/DTM/ESP/ORB_023200_023299/ESP_023247_1985_ESP_022957_1985/ESP_023247_1985_RED_C_01_ORTHO.JP2,https://www.uahirise.org/PDS/DTM/ESP/ORB_023200_023299/ESP_023247_1985_ESP_022957_1985/ESP_022957_1985_RED_C_01_ORTHO.JP2,1
Proposed Landing Site in Jezero Crater,https://www.uahirise.org/PDS/DTM/ESP/ORB_023500_023599/ESP_023524_1985_ESP_023379_1985/DTEEC_023524_1985_023379_1985_U01.IMG,https://www.uahirise.org/PDS/DTM/ESP/ORB_023500_023599/ESP_023524_1985_ESP_023379_1985/ESP_023524_1985_RED_C_01_ORTHO.JP2,https://www.uahirise.org/PDS/DTM/ESP/ORB_023500_023599/ESP_023524_1985_ESP_023379_1985/ESP_023379_1985_RED_C_01_ORTHO.JP2,1
Candidate Landing Site for 2020 Mission in Gusev Crater,https://www.uahirise.org/PDS/DTM/ESP/ORB_036000_036099/ESP_036087_1655_ESP_035164_1655/DTEEC_036087_1655_035164_1655_U01.IMG,https://www.uahirise.org/PDS/DTM/ESP/ORB_036000_036099/ESP_036087_1655_ESP_035164_1655/ESP_036087_1655_RED_C_01_ORTHO.JP2,https://www.uahirise.org/PDS/DTM/ESP/ORB_036000_036099/ESP_036087_1655_ESP_035164_1655/ESP_035164_1655_RED_C_01_ORTHO.JP2,1.01
Candidate Landing Site for 2020 Mission,https://www.uahirise.org/PDS/DTM/ESP/ORB_045300_045399/ESP_045318_1655_ESP_044962_1655/DTEEC_045318_1655_044962_1655_U01.IMG,https://www.uahirise.org/PDS/DTM/ESP/ORB_045300_045399/ESP_045318_1655_ESP_044962_1655/ESP_045318_1655_RED_C_01_ORTHO.JP2,https://www.uahirise.org/PDS/DTM/ESP/ORB_045300_045399/ESP_045318_1655_ESP_044962_1655/ESP_044962_1655_RED_C_01_ORTHO.JP2,1.01
Proposed MSL Site in Nili Fossae Trough,https://www.uahirise.org/PDS/DTM/PSP/ORB_005700_005799/PSP_005776_2010_ESP_012039_2010/DTEEC_005776_2010_012039_2010_U01.IMG,https://www.uahirise.org/PDS/DTM/PSP/ORB_005700_005799/PSP_005776_2010_ESP_012039_2010/PSP_005776_2010_RED_C_01_ORTHO.JP2,https://www.uahirise.org/PDS/DTM/PSP/ORB_005700_005799/PSP_005776_2010_ESP_012039_2010/ESP_012039_2010_RED_C_01_ORTHO.JP2,1
Candidate Landing Site for 2020 Mission in Nili Fossae,https://www.uahirise.org/PDS/DTM/ESP/ORB_045000_045099/ESP_045071_2015_ESP_045137_2015/DTEEC_045071_2015_045137_2015_U01.IMG,https://www.uahirise.org/PDS/DTM/ESP/ORB_045000_045099/ESP_045071_2015_ESP_045137_2015/ESP_045071_2015_RED_C_01_ORTHO.JP2,https://www.uahirise.org/PDS/DTM/ESP/ORB_045000_045099/ESP_045071_2015_ESP_045137_2015/ESP_045137_2015_RED_C_01_ORTHO.JP2,1
Contacts between Yardang-Forming Material and Platy Flow Material,https://www.uahirise.org/PDS/DTM/ESP/ORB_026500_026599/ESP_026541_1840_ESP_026607_1840/DTEEC_026541_1840_026607_1840_A01.IMG,https://www.uahirise.org/PDS/DTM/ESP/ORB_026500_026599/ESP_026541_1840_ESP_026607_1840/ESP_026541_1840_RED_C_01_ORTHO.JP2,https://www.uahirise.org/PDS/DTM/ESP/ORB_026500_026599/ESP_026541_1840_ESP_026607_1840/ESP_026607_1840_RED_C_01_ORTHO.JP2,1.01
Candidate Landing Site for 2020 Mission in Melas Chasma,https://www.uahirise.org/PDS/DTM/ESP/ORB_044300_044399/ESP_044325_1700_ESP_044180_1700/DTEEC_044325_1700_044180_1700_U01.IMG,https://www.uahirise.org/PDS/DTM/ESP/ORB_044300_044399/ESP_044325_1700_ESP_044180_1700/ESP_044325_1700_RED_C_01_ORTHO.JP2,https://www.uahirise.org/PDS/DTM/ESP/ORB_044300_044399/ESP_044325_1700_ESP_044180_1700/ESP_044180_1700_RED_C_01_ORTHO.JP2,1.01
Candidate MSL Landing Site in Northeast Syrtis Major,https://www.uahirise.org/PDS/DTM/ESP/ORB_017000_017099/ESP_017076_1980_ESP_016931_1980/DTEEC_017076_1980_016931_1980_U01.IMG,https://www.uahirise.org/PDS/DTM/ESP/ORB_017000_017099/ESP_017076_1980_ESP_016931_1980/ESP_017076_1980_RED_C_01_ORTHO.JP2,https://www.uahirise.org/PDS/DTM/ESP/ORB_017000_017099/ESP_017076_1980_ESP_016931_1980/ESP_016931_1980_RED_C_01_ORTHO.JP2,1
Possible MSL Landing Site in Northeast Syrtis Major,https://www.uahirise.org/PDS/DTM/ESP/ORB_016400_016499/ESP_016443_1980_ESP_015942_1980/DTEEC_016443_1980_015942_1980_U01.IMG,https://www.uahirise.org/PDS/DTM/ESP/ORB_016400_016499/ESP_016443_1980_ESP_015942_1980/ESP_016443_1980_RED_C_01_ORTHO.JP2,https://www.uahirise.org/PDS/DTM/ESP/ORB_016400_016499/ESP_016443_1980_ESP_015942_1980/ESP_015942_1980_RED_C_01_ORTHO.JP2,1
Possible Landing Site for MSL Rover in Northeast Syrtis Region,https://www.uahirise.org/PDS/DTM/ESP/ORB_016500_016599/ESP_016509_1980_ESP_016575_1980/DTEEC_016509_1980_016575_1980_U01.IMG,https://www.uahirise.org/PDS/DTM/ESP/ORB_016500_016599/ESP_016509_1980_ESP_016575_1980/ESP_016509_1980_RED_C_01_ORTHO.JP2,https://www.uahirise.org/PDS/DTM/ESP/ORB_016500_016599/ESP_016509_1980_ESP_016575_1980/ESP_016575_1980_RED_C_01_ORTHO.JP2,1
Possible MSL Landing Site in Syrtis Major,https://www.uahirise.org/PDS/DTM/ESP/ORB_016300_016399/ESP_016364_1980_ESP_016219_1980/DTEEC_016364_1980_016219_1980_U01.IMG,https://www.uahirise.org/PDS/DTM/ESP/ORB_016300_016399/ESP_016364_1980_ESP_016219_1980/ESP_016364_1980_RED_C_01_ORTHO.JP2,https://www.uahirise.org/PDS/DTM/ESP/ORB_016300_016399/ESP_016364_1980_ESP_016219_1980/ESP_016219_1980_RED_C_01_ORTHO.JP2,1
Candidate Landing Site for 2020 Mission in Jezero Crater,https://www.uahirise.org/PDS/DTM/ESP/ORB_048800_048899/ESP_048842_1985_ESP_048908_1985/DTEEC_048842_1985_048908_1985_U01.IMG,https://www.uahirise.org/PDS/DTM/ESP/ORB_048800_048899/ESP_048842_1985_ESP_048908_1985/ESP_048842_1985_RED_C_01_ORTHO.JP2,https://www.uahirise.org/PDS/DTM/ESP/ORB_048800_048899/ESP_048842_1985_ESP_048908_1985/ESP_048908_1985_RED_C_01_ORTHO.JP2,1
Possible Chloride Salt Deposit,https://www.uahirise.org/PDS/DTM/PSP/ORB_007000_007099/PSP_007058_1745_ESP_016354_1745/DTEEC_007058_1745_016354_1745_U01.IMG,https://www.uahirise.org/PDS/DTM/PSP/ORB_007000_007099/PSP_007058_1745_ESP_016354_1745/PSP_007058_1745_RED_C_01_ORTHO.JP2,https://www.uahirise.org/PDS/DTM/PSP/ORB_007000_007099/PSP_007058_1745_ESP_016354_1745/ESP_016354_1745_RED_C_01_ORTHO.JP2,1.01
Light-Toned Gully Materials on Hale Crater Wall,https://www.uahirise.org/PDS/DTM/PSP/ORB_002900_002999/PSP_002932_1445_PSP_003209_1445/DTEEC_002932_1445_003209_1445_A01.IMG,https://www.uahirise.org/PDS/DTM/PSP/ORB_002900_002999/PSP_002932_1445_PSP_003209_1445/PSP_002932_1445_RED_C_01_ORTHO.JP2,https://www.uahirise.org/PDS/DTM/PSP/ORB_002900_002999/PSP_002932_1445_PSP_003209_1445/PSP_003209_1445_RED_C_01_ORTHO.JP2,1
Candidate New Gully Flow Formed between 15 May 2009 and 3 March 2011,https://www.uahirise.org/PDS/DTM/ESP/ORB_021900_021999/ESP_021914_1475_ESP_022336_1475/DTEEC_021914_1475_022336_1475_U01.IMG,https://www.uahirise.org/PDS/DTM/ESP/ORB_021900_021999/ESP_021914_1475_ESP_022336_1475/ESP_021914_1475_RED_C_01_ORTHO.JP2,https://www.uahirise.org/PDS/DTM/ESP/ORB_021900_021999/ESP_021914_1475_ESP_022336_1475/ESP_022336_1475_RED_C_01_ORTHO.JP2,1
Possible Glacier on Mesa Wall in Protonilus Mensae,https://www.uahirise.org/PDS/DTM/ESP/ORB_019300_019399/ESP_019358_2225_ESP_018857_2225/DTEEC_019358_2225_018857_2225_U01.IMG,https://www.uahirise.org/PDS/DTM/ESP/ORB_019300_019399/ESP_019358_2225_ESP_018857_2225/ESP_019358_2225_RED_C_01_ORTHO.JP2,https://www.uahirise.org/PDS/DTM/ESP/ORB_019300_019399/ESP_019358_2225_ESP_018857_2225/ESP_018857_2225_RED_C_01_ORTHO.JP2,1
East Portion of Flow in Harmakhis Vallis,https://www.uahirise.org/PDS/DTM/ESP/ORB_012500_012599/ESP_012579_1420_ESP_012434_1420/DTEEC_012579_1420_012434_1420_U01.IMG,https://www.uahirise.org/PDS/DTM/ESP/ORB_012500_012599/ESP_012579_1420_ESP_012434_1420/ESP_012579_1420_RED_C_01_ORTHO.JP2,https://www.uahirise.org/PDS/DTM/ESP/ORB_012500_012599/ESP_012579_1420_ESP_012434_1420/ESP_012434_1420_RED_C_01_ORTHO.JP2,1
Dark Dunes in Becquerel Crater,https://www.uahirise.org/PDS/DTM/ESP/ORB_045100_045199/ESP_045140_2015_ESP_044784_2015/DTEEC_045140_2015_044784_2015_A01.IMG,https://www.uahirise.org/PDS/DTM/ESP/ORB_045100_045199/ESP_045140_2015_ESP_044784_2015/ESP_045140_2015_RED_C_01_ORTHO.JP2,https://www.uahirise.org/PDS/DTM/ESP/ORB_045100_045199/ESP_045140_2015_ESP_044784_2015/ESP_044784_2015_RED_C_01_ORTHO.JP2,1
Light-Toned Rock,https://www.uahirise.org/PDS/DTM/ESP/ORB_020900_020999/ESP_020946_1450_ESP_020234_1450/DTEEC_020946_1450_020234_1450_A01.IMG,https://www.uahirise.org/PDS/DTM/ESP/ORB_020900_020999/ESP_020946_1450_ESP_020234_1450/ESP_020946_1450_RED_C_01_ORTHO.JP2,https://www.uahirise.org/PDS/DTM/ESP/ORB_020900_020999/ESP_020946_1450_ESP_020234_1450/ESP_020234_1450_RED_C_01_ORTHO.JP2,1
Western Mawrth Vallis Phyllosilicates,https://www.uahirise.org/PDS/DTM/PSP/ORB_008200_008299/PSP_008245_2045_ESP_016394_2045/DTEEC_008245_2045_016394_2045_A01.IMG,https://www.uahirise.org/PDS/DTM/PSP/ORB_008200_008299/PSP_008245_2045_ESP_016394_2045/PSP_008245_2045_RED_C_01_ORTHO.JP2,https://www.uahirise.org/PDS/DTM/PSP/ORB_008200_008299/PSP_008245_2045_ESP_016394_2045/ESP_016394_2045_RED_C_01_ORTHO.JP2,1
North Polar Layered Deposits Exposure,https://www.uahirise.org/PDS/DTM/ESP/ORB_035600_035699/ESP_035652_2660_ESP_035943_2660/DTEPC_035652_2660_035943_2660_A01.IMG,https://www.uahirise.org/PDS/DTM/ESP/ORB_035600_035699/ESP_035652_2660_ESP_035943_2660/ESP_035652_2660_RED_C_01_ORTHO.JP2,https://www.uahirise.org/PDS/DTM/ESP/ORB_035600_035699/ESP_035652_2660_ESP_035943_2660/ESP_035943_2660_RED_C_01_ORTHO.JP2,1
Low Albedo Wall Spurs in Coprates Chasma,https://www.uahirise.org/PDS/DTM/ESP/ORB_041300_041399/ESP_041305_1670_ESP_040949_1670/DTEEC_041305_1670_040949_1670_A01.IMG,https://www.uahirise.org/PDS/DTM/ESP/ORB_041300_041399/ESP_041305_1670_ESP_040949_1670/ESP_041305_1670_RED_C_01_ORTHO.JP2,https://www.uahirise.org/PDS/DTM/ESP/ORB_041300_041399/ESP_041305_1670_ESP_040949_1670/ESP_040949_1670_RED_C_01_ORTHO.JP2,1.01
Bright Gully Deposits in Western Hale Crater,https://www.uahirise.org/PDS/DTM/ESP/ORB_013000_013099/ESP_013019_1450_ESP_012874_1450/DTEEC_013019_1450_012874_1450_A01.IMG,https://www.uahirise.org/PDS/DTM/ESP/ORB_013000_013099/ESP_013019_1450_ESP_012874_1450/ESP_013019_1450_RED_C_01_ORTHO.JP2,https://www.uahirise.org/PDS/DTM/ESP/ORB_013000_013099/ESP_013019_1450_ESP_012874_1450/ESP_012874_1450_RED_C_01_ORTHO.JP2,1
Hellas Planitia Terrain,https://www.uahirise.org/PDS/DTM/ESP/ORB_017600_017699/ESP_017644_1420_ESP_025925_1420/DTEED_017644_1420_025925_1420_A01.IMG,https://www.uahirise.org/PDS/DTM/ESP/ORB_017600_017699/ESP_017644_1420_ESP_025925_1420/ESP_017644_1420_RED_D_01_ORTHO.JP2,https://www.uahirise.org/PDS/DTM/ESP/ORB_017600_017699/ESP_017644_1420_ESP_025925_1420/ESP_025925_1420_RED_D_01_ORTHO.JP2,2
Eastern Wall of Chasma Australe along Margin of Promethei Lingula,https://www.uahirise.org/PDS/DTM/ESP/ORB_032500_032599/ESP_032530_0975_ESP_023590_0975/DTEPD_032530_0975_023590_0975_A01.IMG,https://www.uahirise.org/PDS/DTM/ESP/ORB_032500_032599/ESP_032530_0975_ESP_023590_0975/ESP_032530_0975_RED_D_01_ORTHO.JP2,https://www.uahirise.org/PDS/DTM/ESP/ORB_032500_032599/ESP_032530_0975_ESP_023590_0975/ESP_023590_0975_RED_D_01_ORTHO.JP2,2
Western Rim of Palikir Crater,https://www.uahirise.org/PDS/DTM/ESP/ORB_039500_039599/ESP_039502_1380_ESP_039779_1380/DTEEC_039502_1380_039779_1380_A01.IMG,https://www.uahirise.org/PDS/DTM/ESP/ORB_039500_039599/ESP_039502_1380_ESP_039779_1380/ESP_039502_1380_RED_C_01_ORTHO.JP2,https://www.uahirise.org/PDS/DTM/ESP/ORB_039500_039599/ESP_039502_1380_ESP_039779_1380/ESP_039779_1380_RED_C_01_ORTHO.JP2,1
Proposed Landing Site in Mawrth Vallis,https://www.uahirise.org/PDS/DTM/ESP/ORB_023400_023499/ESP_023488_2050_ESP_023554_2050/DTEEC_023488_2050_023554_2050_A01.IMG,https://www.uahirise.org/PDS/DTM/ESP/ORB_023400_023499/ESP_023488_2050_ESP_023554_2050/ESP_023488_2050_RED_C_01_ORTHO.JP2,https://www.uahirise.org/PDS/DTM/ESP/ORB_023400_023499/ESP_023488_2050_ESP_023554_2050/ESP_023554_2050_RED_C_01_ORTHO.JP2,1
Deformation of North Polar Layered Deposit Strata,https://www.uahirise.org/PDS/DTM/ESP/ORB_027500_027599/ESP_027537_2640_ESP_027643_2640/DTEPC_027537_2640_027643_2640_A01.IMG,https://www.uahirise.org/PDS/DTM/ESP/ORB_027500_027599/ESP_027537_2640_ESP_027643_2640/ESP_027537_2640_RED_C_01_ORTHO.JP2,https://www.uahirise.org/PDS/DTM/ESP/ORB_027500_027599/ESP_027537_2640_ESP_027643_2640/ESP_027643_2640_RED_C_01_ORTHO.JP2,1
Lobate Form at Intersection of Short Valley and Crater Wall,https://www.uahirise.org/PDS/DTM/ESP/ORB_042600_042699/ESP_042666_1720_PSP_007696_1720/DTEEC_042666_1720_007696_1720_A01.IMG,https://www.uahirise.org/PDS/DTM/ESP/ORB_042600_042699/ESP_042666_1720_PSP_007696_1720/ESP_042666_1720_RED_C_01_ORTHO.JP2,https://www.uahirise.org/PDS/DTM/ESP/ORB_042600_042699/ESP_042666_1720_PSP_007696_1720/PSP_007696_1720_RED_C_01_ORTHO.JP2,1.01
Proposed Site for Future Exploration in Ladon Valles,https://www.uahirise.org/PDS/DTM/ESP/ORB_024700_024799/ESP_024728_1595_ESP_024227_1595/DTEED_024728_1595_024227_1595_A01.IMG,https://www.uahirise.org/PDS/DTM/ESP/ORB_024700_024799/ESP_024728_1595_ESP_024227_1595/ESP_024728_1595_RED_D_01_ORTHO.JP2,https://www.uahirise.org/PDS/DTM/ESP/ORB_024700_024799/ESP_024728_1595_ESP_024227_1595/ESP_024227_1595_RED_D_01_ORTHO.JP2,2.01
Inflation Features in Phlegra Dorsa,https://www.uahirise.org/PDS/DTM/ESP/ORB_035200_035299/ESP_035243_2080_ESP_034386_2080/DTEEC_035243_2080_034386_2080_A01.IMG,https://www.uahirise.org/PDS/DTM/ESP/ORB_035200_035299/ESP_035243_2080_ESP_034386_2080/ESP_035243_2080_RED_C_01_ORTHO.JP2,https://www.uahirise.org/PDS/DTM/ESP/ORB_035200_035299/ESP_035243_2080_ESP_034386_2080/ESP_034386_2080_RED_C_01_ORTHO.JP2,1
Dunes and Slopes in Crater Southwest of Xainza Crater,https://www.uahirise.org/PDS/DTM/ESP/ORB_043700_043799/ESP_043742_1800_ESP_043597_1800/DTEEC_043742_1800_043597_1800_A01.IMG,https://www.uahirise.org/PDS/DTM/ESP/ORB_043700_043799/ESP_043742_1800_ESP_043597_1800/ESP_043742_1800_RED_C_01_ORTHO.JP2,https://www.uahirise.org/PDS/DTM/ESP/ORB_043700_043799/ESP_043742_1800_ESP_043597_1800/ESP_043597_1800_RED_C_01_ORTHO.JP2,1.01
Debris Flow,https://www.uahirise.org/PDS/DTM/ESP/ORB_019500_019599/ESP_019503_2210_ESP_019213_2210/DTEEC_019503_2210_019213_2210_A01.IMG,https://www.uahirise.org/PDS/DTM/ESP/ORB_019500_019599/ESP_019503_2210_ESP_019213_2210/ESP_019503_2210_RED_C_01_ORTHO.JP2,https://www.uahirise.org/PDS/DTM/ESP/ORB_019500_019599/ESP_019503_2210_ESP_019213_2210/ESP_019213_2210_RED_C_01_ORTHO.JP2,1
South Polar Residual Cap in Late Summer,https://www.uahirise.org/PDS/DTM/ESP/ORB_032500_032599/ESP_032538_0910_ESP_032565_0910/DTEPD_032538_0910_032565_0910_A01.IMG,https://www.uahirise.org/PDS/DTM/ESP/ORB_032500_032599/ESP_032538_0910_ESP_032565_0910/ESP_032538_0910_RED_D_01_ORTHO.JP2,https://www.uahirise.org/PDS/DTM/ESP/ORB_032500_032599/ESP_032538_0910_ESP_032565_0910/ESP_032565_0910_RED_D_01_ORTHO.JP2,2
Fissure and Channel Southeast of Olympus Mons,https://www.uahirise.org/PDS/DTM/ESP/ORB_036000_036099/ESP_036098_1975_ESP_036375_1975/DTEED_036098_1975_036375_1975_A01.IMG,https://www.uahirise.org/PDS/DTM/ESP/ORB_036000_036099/ESP_036098_1975_ESP_036375_1975/ESP_036098_1975_RED_D_01_ORTHO.JP2,https://www.uahirise.org/PDS/DTM/ESP/ORB_036000_036099/ESP_036098_1975_ESP_036375_1975/ESP_036375_1975_RED_D_01_ORTHO.JP2,2.01
Light-Toned Unit along Noctis Labyrinthus Plains,https://www.uahirise.org/PDS/DTM/ESP/ORB_024100_024199/ESP_024137_1700_ESP_023425_1700/DTEED_024137_1700_023425_1700_A01.IMG,https://www.uahirise.org/PDS/DTM/ESP/ORB_024100_024199/ESP_024137_1700_ESP_023425_1700/ESP_024137_1700_RED_D_01_ORTHO.JP2,https://www.uahirise.org/PDS/DTM/ESP/ORB_024100_024199/ESP_024137_1700_ESP_023425_1700/ESP_023425_1700_RED_D_01_ORTHO.JP2,2.02
Starburst Araneiform Terrain,https://www.uahirise.org/PDS/DTM/ESP/ORB_014200_014299/ESP_014281_0980_ESP_014255_0980/DTEPC_014281_0980_014255_0980_A01.IMG,https://www.uahirise.org/PDS/DTM/ESP/ORB_014200_014299/ESP_014281_0980_ESP_014255_0980/ESP_014281_0980_RED_C_01_ORTHO.JP2,https://www.uahirise.org/PDS/DTM/ESP/ORB_014200_014299/ESP_014281_0980_ESP_014255_0980/ESP_014255_0980_RED_C_01_ORTHO.JP2,1
Crater Cut by Coprates Chasma,https://www.uahirise.org/PDS/DTM/ESP/ORB_014100_014199/ESP_014114_1665_PSP_005148_1665/DTEED_014114_1665_005148_1665_A01.IMG,https://www.uahirise.org/PDS/DTM/ESP/ORB_014100_014199/ESP_014114_1665_PSP_005148_1665/ESP_014114_1665_RED_D_01_ORTHO.JP2,https://www.uahirise.org/PDS/DTM/ESP/ORB_014100_014199/ESP_014114_1665_PSP_005148_1665/PSP_005148_1665_RED_D_01_ORTHO.JP2,2.02
Coprates Region Falling Dunes and Landslide Scarps,https://www.uahirise.org/PDS/DTM/ESP/ORB_043500_043599/ESP_043599_1650_ESP_043098_1650/DTEED_043599_1650_043098_1650_A01.IMG,https://www.uahirise.org/PDS/DTM/ESP/ORB_043500_043599/ESP_043599_1650_ESP_043098_1650/ESP_043599_1650_RED_D_01_ORTHO.JP2,https://www.uahirise.org/PDS/DTM/ESP/ORB_043500_043599/ESP_043599_1650_ESP_043098_1650/ESP_043098_1650_RED_D_01_ORTHO.JP2,2.02
East Endeavour Crater Dune Field,https://www.uahirise.org/PDS/DTM/ESP/ORB_042600_042699/ESP_042674_1775_ESP_042740_1775/DTEEC_042674_1775_042740_1775_A01.IMG,https://www.uahirise.org/PDS/DTM/ESP/ORB_042600_042699/ESP_042674_1775_ESP_042740_1775/ESP_042674_1775_RED_C_01_ORTHO.JP2,https://www.uahirise.org/PDS/DTM/ESP/ORB_042600_042699/ESP_042674_1775_ESP_042740_1775/ESP_042740_1775_RED_C_01_ORTHO.JP2,1.01
Hanging Sand Dunes within Coprates Chasma,https://www.uahirise.org/PDS/DTM/ESP/ORB_034800_034899/ESP_034856_1655_ESP_035278_1655/DTEEC_034856_1655_035278_1655_A01.IMG,https://www.uahirise.org/PDS/DTM/ESP/ORB_034800_034899/ESP_034856_1655_ESP_035278_1655/ESP_034856_1655_RED_C_01_ORTHO.JP2,https://www.uahirise.org/PDS/DTM/ESP/ORB_034800_034899/ESP_034856_1655_ESP_035278_1655/ESP_035278_1655_RED_C_01_ORTHO.JP2,1.01
Clay Diversity on Flank of Mawrth Vallis,https://www.uahirise.org/PDS/DTM/ESP/ORB_017800_017899/ESP_017897_2045_ESP_018530_2045/DTEEC_017897_2045_018530_2045_A01.IMG,https://www.uahirise.org/PDS/DTM/ESP/ORB_017800_017899/ESP_017897_2045_ESP_018530_2045/ESP_017897_2045_RED_C_01_ORTHO.JP2,https://www.uahirise.org/PDS/DTM/ESP/ORB_017800_017899/ESP_017897_2045_ESP_018530_2045/ESP_018530_2045_RED_C_01_ORTHO.JP2,1
Mawrth Region Crater with Possible Sedimentary Features,https://www.uahirise.org/PDS/DTM/ESP/ORB_025100_025199/ESP_025123_2045_ESP_026811_2045/DTEEC_025123_2045_026811_2045_A01.IMG,https://www.uahirise.org/PDS/DTM/ESP/ORB_025100_025199/ESP_025123_2045_ESP_026811_2045/ESP_025123_2045_RED_C_01_ORTHO.JP2,https://www.uahirise.org/PDS/DTM/ESP/ORB_025100_025199/ESP_025123_2045_ESP_026811_2045/ESP_026811_2045_RED_C_01_ORTHO.JP2,1
Gullies at the Edge of Hale Crater,https://www.uahirise.org/PDS/DTM/ESP/ORB_014100_014199/ESP_014153_1430_ESP_014008_1430/DTEEC_014153_1430_014008_1430_A01.IMG,https://www.uahirise.org/PDS/DTM/ESP/ORB_014100_014199/ESP_014153_1430_ESP_014008_1430/ESP_014153_1430_RED_C_01_ORTHO.JP2,https://www.uahirise.org/PDS/DTM/ESP/ORB_014100_014199/ESP_014153_1430_ESP_014008_1430/ESP_014008_1430_RED_C_01_ORTHO.JP2,1
Uplift of Layered Materials From the Intersection of Two Craters,https://www.uahirise.org/PDS/DTM/ESP/ORB_022500_022599/ESP_022580_1560_ESP_023213_1560/DTEEC_022580_1560_023213_1560_A01.IMG,https://www.uahirise.org/PDS/DTM/ESP/ORB_022500_022599/ESP_022580_1560_ESP_023213_1560/ESP_022580_1560_RED_C_01_ORTHO.JP2,https://www.uahirise.org/PDS/DTM/ESP/ORB_022500_022599/ESP_022580_1560_ESP_023213_1560/ESP_023213_1560_RED_C_01_ORTHO.JP2,1
Impact Crater Exposing Bedrock in Thaumasia Planum,https://www.uahirise.org/PDS/DTM/ESP/ORB_019300_019399/ESP_019323_1565_ESP_018611_1565/DTEED_019323_1565_018611_1565_A01.IMG,https://www.uahirise.org/PDS/DTM/ESP/ORB_019300_019399/ESP_019323_1565_ESP_018611_1565/ESP_019323_1565_RED_D_01_ORTHO.JP2,https://www.uahirise.org/PDS/DTM/ESP/ORB_019300_019399/ESP_019323_1565_ESP_018611_1565/ESP_018611_1565_RED_D_01_ORTHO.JP2,2.01
Light-Toned Outcrops in Noctis Labyrinthus,https://www.uahirise.org/PDS/DTM/PSP/ORB_009100_009199/PSP_009118_1665_ESP_028080_1665/DTEEC_009118_1665_028080_1665_A01.IMG,https://www.uahirise.org/PDS/DTM/PSP/ORB_009100_009199/PSP_009118_1665_ESP_028080_1665/PSP_009118_1665_RED_C_01_ORTHO.JP2,https://www.uahirise.org/PDS/DTM/PSP/ORB_009100_009199/PSP_009118_1665_ESP_028080_1665/ESP_028080_1665_RED_C_01_ORTHO.JP2,1.01
Light-Toned Gully Materials on Hale Crater Wall,https://www.uahirise.org/PDS/DTM/PSP/ORB_002900_002999/PSP_002932_1445_PSP_003209_1445/DTEEC_002932_1445_003209_1445_A01.IMG,https://www.uahirise.org/PDS/DTM/PSP/ORB_002900_002999/PSP_002932_1445_PSP_003209_1445/PSP_002932_1445_RED_C_01_ORTHO.JP2,https://www.uahirise.org/PDS/DTM/PSP/ORB_002900_002999/PSP_002932_1445_PSP_003209_1445/PSP_003209_1445_RED_C_01_ORTHO.JP2,1
Collapse Features on Hrad Vallis Mudflow,https://www.uahirise.org/PDS/DTM/ESP/ORB_016400_016499/ESP_016467_2155_ESP_016533_2155/DTEEC_016467_2155_016533_2155_A01.IMG,https://www.uahirise.org/PDS/DTM/ESP/ORB_016400_016499/ESP_016467_2155_ESP_016533_2155/ESP_016467_2155_RED_C_01_ORTHO.JP2,https://www.uahirise.org/PDS/DTM/ESP/ORB_016400_016499/ESP_016467_2155_ESP_016533_2155/ESP_016533_2155_RED_C_01_ORTHO.JP2,1
Active Dune Gullies,https://www.uahirise.org/PDS/DTM/ESP/ORB_022700_022799/ESP_022756_1095_ESP_022822_1095/DTEPC_022756_1095_022822_1095_A01.IMG,https://www.uahirise.org/PDS/DTM/ESP/ORB_022700_022799/ESP_022756_1095_ESP_022822_1095/ESP_022756_1095_RED_C_01_ORTHO.JP2,https://www.uahirise.org/PDS/DTM/ESP/ORB_022700_022799/ESP_022756_1095_ESP_022822_1095/ESP_022822_1095_RED_C_01_ORTHO.JP2,1
Lava Vent in Impact Crater in Elysium Planitia,https://www.uahirise.org/PDS/DTM/ESP/ORB_028500_028599/ESP_028532_1790_ESP_028387_1790/DTEEC_028532_1790_028387_1790_A01.IMG,https://www.uahirise.org/PDS/DTM/ESP/ORB_028500_028599/ESP_028532_1790_ESP_028387_1790/ESP_028532_1790_RED_C_01_ORTHO.JP2,https://www.uahirise.org/PDS/DTM/ESP/ORB_028500_028599/ESP_028532_1790_ESP_028387_1790/ESP_028387_1790_RED_C_01_ORTHO.JP2,1.01
Bright and Dark Fans in Region Dubbed Manhattan,https://www.uahirise.org/PDS/DTM/ESP/ORB_040300_040399/ESP_040311_0940_ESP_040193_0940/DTEPD_040311_0940_040193_0940_A01.IMG,https://www.uahirise.org/PDS/DTM/ESP/ORB_040300_040399/ESP_040311_0940_ESP_040193_0940/ESP_040311_0940_RED_D_01_ORTHO.JP2,https://www.uahirise.org/PDS/DTM/ESP/ORB_040300_040399/ESP_040311_0940_ESP_040193_0940/ESP_040193_0940_RED_D_01_ORTHO.JP2,2
Phyllosilicates in Bedrock of Eastern Coprates Chasma,https://www.uahirise.org/PDS/DTM/ESP/ORB_020200_020299/ESP_020259_1670_ESP_020681_1670/DTEED_020259_1670_020681_1670_A01.IMG,https://www.uahirise.org/PDS/DTM/ESP/ORB_020200_020299/ESP_020259_1670_ESP_020681_1670/ESP_020259_1670_RED_D_01_ORTHO.JP2,https://www.uahirise.org/PDS/DTM/ESP/ORB_020200_020299/ESP_020259_1670_ESP_020681_1670/ESP_020681_1670_RED_D_01_ORTHO.JP2,2.02
Small Buttes and Dunes in Meridiani Planum,https://www.uahirise.org/PDS/DTM/ESP/ORB_042900_042999/ESP_042951_1820_ESP_043017_1820/DTEEC_042951_1820_043017_1820_A01.IMG,https://www.uahirise.org/PDS/DTM/ESP/ORB_042900_042999/ESP_042951_1820_ESP_043017_1820/ESP_042951_1820_RED_C_01_ORTHO.JP2,https://www.uahirise.org/PDS/DTM/ESP/ORB_042900_042999/ESP_042951_1820_ESP_043017_1820/ESP_043017_1820_RED_C_01_ORTHO.JP2,1.01
Pits North of Alba Patera,https://www.uahirise.org/PDS/DTM/ESP/ORB_016500_016599/ESP_016581_2310_ESP_016080_2310/DTEEC_016581_2310_016080_2310_A01.IMG,https://www.uahirise.org/PDS/DTM/ESP/ORB_016500_016599/ESP_016581_2310_ESP_016080_2310/ESP_016581_2310_RED_C_01_ORTHO.JP2,https://www.uahirise.org/PDS/DTM/ESP/ORB_016500_016599/ESP_016581_2310_ESP_016080_2310/ESP_016080_2310_RED_C_01_ORTHO.JP2,0.99
Dunes,https://www.uahirise.org/PDS/DTM/ESP/ORB_023900_023999/ESP_023928_1205_ESP_024060_1205/DTEEC_023928_1205_024060_1205_U01.IMG,https://www.uahirise.org/PDS/DTM/ESP/ORB_023900_023999/ESP_023928_1205_ESP_024060_1205/ESP_023928_1205_RED_C_01_ORTHO.JP2,https://www.uahirise.org/PDS/DTM/ESP/ORB_023900_023999/ESP_023928_1205_ESP_024060_1205/ESP_024060_1205_RED_C_01_ORTHO.JP2,0.99
Intracrater Dune Changes,https://www.uahirise.org/PDS/DTM/ESP/ORB_026600_026699/ESP_026609_1655_ESP_026675_1655/DTEEC_026609_1655_026675_1655_U01.IMG,https://www.uahirise.org/PDS/DTM/ESP/ORB_026600_026699/ESP_026609_1655_ESP_026675_1655/ESP_026609_1655_RED_C_01_ORTHO.JP2,https://www.uahirise.org/PDS/DTM/ESP/ORB_026600_026699/ESP_026609_1655_ESP_026675_1655/ESP_026675_1655_RED_C_01_ORTHO.JP2,1.01
High-Latitude Exposure of North Polar Layered Deposits,https://www.uahirise.org/PDS/DTM/PSP/ORB_009300_009399/PSP_009352_2680_PSP_009618_2680/DTEPC_009352_2680_009618_2680_A01.IMG,https://www.uahirise.org/PDS/DTM/PSP/ORB_009300_009399/PSP_009352_2680_PSP_009618_2680/PSP_009352_2680_RED_C_01_ORTHO.JP2,https://www.uahirise.org/PDS/DTM/PSP/ORB_009300_009399/PSP_009352_2680_PSP_009618_2680/PSP_009618_2680_IRB_C_01_ORTHO.JP2,1
Unusual Depression Near Elysium Mons,https://www.uahirise.org/PDS/DTM/PSP/ORB_005800_005899/PSP_005813_2150_PSP_005879_2150/DTEEC_005813_2150_005879_2150_A01.IMG,https://www.uahirise.org/PDS/DTM/PSP/ORB_005800_005899/PSP_005813_2150_PSP_005879_2150/PSP_005813_2150_RED_C_01_ORTHO.JP2,https://www.uahirise.org/PDS/DTM/PSP/ORB_005800_005899/PSP_005813_2150_PSP_005879_2150/PSP_005879_2150_RED_C_01_ORTHO.JP2,1
Pitted Terrain North of Hrad Vallis,https://www.uahirise.org/PDS/DTM/ESP/ORB_018100_018199/ESP_018168_2160_ESP_019012_2160/DTEEC_018168_2160_019012_2160_A01.IMG,https://www.uahirise.org/PDS/DTM/ESP/ORB_018100_018199/ESP_018168_2160_ESP_019012_2160/ESP_018168_2160_RED_C_01_ORTHO.JP2,https://www.uahirise.org/PDS/DTM/ESP/ORB_018100_018199/ESP_018168_2160_ESP_019012_2160/ESP_019012_2160_IRB_C_01_ORTHO.JP2,1
Exhumed Light-Toned Deposit along Coprates Catena Floor,https://www.uahirise.org/PDS/DTM/ESP/ORB_019200_019299/ESP_019270_1645_ESP_019903_1645/DTEEC_019270_1645_019903_1645_A01.IMG,https://www.uahirise.org/PDS/DTM/ESP/ORB_019200_019299/ESP_019270_1645_ESP_019903_1645/ESP_019270_1645_RED_C_01_ORTHO.JP2,https://www.uahirise.org/PDS/DTM/ESP/ORB_019200_019299/ESP_019270_1645_ESP_019903_1645/ESP_019903_1645_RED_C_01_ORTHO.JP2,1.01
Lava Filling a Large Crater in Elysium Planitia,https://www.uahirise.org/PDS/DTM/PSP/ORB_009600_009699/PSP_009610_1880_PSP_008753_1880/DTEEC_009610_1880_008753_1880_A01.IMG,https://www.uahirise.org/PDS/DTM/PSP/ORB_009600_009699/PSP_009610_1880_PSP_008753_1880/PSP_009610_1880_RED_C_01_ORTHO.JP2,https://www.uahirise.org/PDS/DTM/PSP/ORB_009600_009699/PSP_009610_1880_PSP_008753_1880/PSP_008753_1880_RED_C_01_ORTHO.JP2,0.83
Becquerel Crater Dune and Yardang Interactions,https://www.uahirise.org/PDS/DTM/ESP/ORB_034400_034499/ESP_034419_2015_ESP_033707_2015/DTEEC_034419_2015_033707_2015_A01.IMG,https://www.uahirise.org/PDS/DTM/ESP/ORB_034400_034499/ESP_034419_2015_ESP_033707_2015/ESP_034419_2015_RED_C_01_ORTHO.JP2,https://www.uahirise.org/PDS/DTM/ESP/ORB_034400_034499/ESP_034419_2015_ESP_033707_2015/ESP_033707_2015_RED_C_01_ORTHO.JP2,1
Megablocks of Light-Toned Bedrock in Mawrth Vallis,https://www.uahirise.org/PDS/DTM/ESP/ORB_019300_019399/ESP_019387_2055_ESP_019453_2055/DTEEC_019387_2055_019453_2055_A01.IMG,https://www.uahirise.org/PDS/DTM/ESP/ORB_019300_019399/ESP_019387_2055_ESP_019453_2055/ESP_019387_2055_RED_C_01_ORTHO.JP2,https://www.uahirise.org/PDS/DTM/ESP/ORB_019300_019399/ESP_019387_2055_ESP_019453_2055/ESP_019453_2055_RED_C_01_ORTHO.JP2,1
Layering in Crater in Mawrth Vallis,https://www.uahirise.org/PDS/DTM/ESP/ORB_028800_028899/ESP_028855_2045_ESP_020297_2045/DTEEC_028855_2045_020297_2045_A01.IMG,https://www.uahirise.org/PDS/DTM/ESP/ORB_028800_028899/ESP_028855_2045_ESP_020297_2045/ESP_028855_2045_RED_C_01_ORTHO.JP2,https://www.uahirise.org/PDS/DTM/ESP/ORB_028800_028899/ESP_028855_2045_ESP_020297_2045/ESP_020297_2045_RED_C_01_ORTHO.JP2,1
Depression at the Base of a Hill in the Hibes Montes,https://www.uahirise.org/PDS/DTM/PSP/ORB_008800_008899/PSP_008884_1845_ESP_020000_1845/DTEED_008884_1845_020000_1845_A01.IMG,https://www.uahirise.org/PDS/DTM/PSP/ORB_008800_008899/PSP_008884_1845_ESP_020000_1845/PSP_008884_1845_RED_D_01_ORTHO.JP2,https://www.uahirise.org/PDS/DTM/PSP/ORB_008800_008899/PSP_008884_1845_ESP_020000_1845/ESP_020000_1845_RED_D_01_ORTHO.JP2,2.02
Putative Polyhydrated Sulfate Deposits in East Melas Chasma,https://www.uahirise.org/PDS/DTM/PSP/ORB_003400_003499/PSP_003487_1670_ESP_040936_1670/DTEEC_003487_1670_040936_1670_A01.IMG,https://www.uahirise.org/PDS/DTM/PSP/ORB_003400_003499/PSP_003487_1670_ESP_040936_1670/PSP_003487_1670_RED_C_01_ORTHO.JP2,https://www.uahirise.org/PDS/DTM/PSP/ORB_003400_003499/PSP_003487_1670_ESP_040936_1670/ESP_040936_1670_RED_C_01_ORTHO.JP2,1.01
Lots of Layers in Terby Crater,https://www.uahirise.org/PDS/DTM/ESP/ORB_021900_021999/ESP_021942_1520_ESP_021797_1520/DTEEC_021942_1520_021797_1520_A01.IMG,https://www.uahirise.org/PDS/DTM/ESP/ORB_021900_021999/ESP_021942_1520_ESP_021797_1520/ESP_021942_1520_RED_C_01_ORTHO.JP2,https://www.uahirise.org/PDS/DTM/ESP/ORB_021900_021999/ESP_021942_1520_ESP_021797_1520/ESP_021797_1520_RED_C_01_ORTHO.JP2,1
Layered Terrain in Aeolis and Zephyria Regions,https://www.uahirise.org/PDS/DTM/ESP/ORB_017800_017899/ESP_017825_1760_ESP_018458_1760/DTEEC_017825_1760_018458_1760_A01.IMG,https://www.uahirise.org/PDS/DTM/ESP/ORB_017800_017899/ESP_017825_1760_ESP_018458_1760/ESP_017825_1760_RED_C_01_ORTHO.JP2,https://www.uahirise.org/PDS/DTM/ESP/ORB_017800_017899/ESP_017825_1760_ESP_018458_1760/ESP_018458_1760_RED_C_01_ORTHO.JP2,1.01
Light-Toned Stratified Materials in Melas Chasma,https://www.uahirise.org/PDS/DTM/ESP/ORB_031100_031199/ESP_031125_1670_ESP_031903_1670/DTEED_031125_1670_031903_1670_A01.IMG,https://www.uahirise.org/PDS/DTM/ESP/ORB_031100_031199/ESP_031125_1670_ESP_031903_1670/ESP_031125_1670_RED_D_01_ORTHO.JP2,https://www.uahirise.org/PDS/DTM/ESP/ORB_031100_031199/ESP_031125_1670_ESP_031903_1670/ESP_031903_1670_RED_D_01_ORTHO.JP2,2.02
A Possible Landing Site in Aram Dorsum for the ExoMars Rover,https://www.uahirise.org/PDS/DTM/ESP/ORB_037000_037099/ESP_037030_1880_ESP_036740_1880/DTEEC_037030_1880_036740_1880_A01.IMG,https://www.uahirise.org/PDS/DTM/ESP/ORB_037000_037099/ESP_037030_1880_ESP_036740_1880/ESP_037030_1880_RED_C_01_ORTHO.JP2,https://www.uahirise.org/PDS/DTM/ESP/ORB_037000_037099/ESP_037030_1880_ESP_036740_1880/ESP_036740_1880_RED_C_01_ORTHO.JP2,1.01
Northwest of Crommelin Crater,https://www.uahirise.org/PDS/DTM/ESP/ORB_036500_036599/ESP_036529_1880_ESP_035962_1880/DTEEC_036529_1880_035962_1880_A01.IMG,https://www.uahirise.org/PDS/DTM/ESP/ORB_036500_036599/ESP_036529_1880_ESP_035962_1880/ESP_036529_1880_RED_C_01_ORTHO.JP2,https://www.uahirise.org/PDS/DTM/ESP/ORB_036500_036599/ESP_036529_1880_ESP_035962_1880/ESP_035962_1880_RED_C_01_ORTHO.JP2,1.01
Layered Mesa in Coprates Chasm,https://www.uahirise.org/PDS/DTM/PSP/ORB_003100_003199/PSP_003104_1655_PSP_002036_1655/DTEEC_003104_1655_002036_1655_A01.IMG,https://www.uahirise.org/PDS/DTM/PSP/ORB_003100_003199/PSP_003104_1655_PSP_002036_1655/PSP_003104_1655_RED_C_01_ORTHO.JP2,https://www.uahirise.org/PDS/DTM/PSP/ORB_003100_003199/PSP_003104_1655_PSP_002036_1655/PSP_002036_1655_RED_C_01_ORTHO.JP2,1.01
Martian Meanders and Scroll-Bars,https://www.uahirise.org/PDS/DTM/ESP/ORB_020600_020699/ESP_020673_1750_ESP_020528_1750/DTEEC_020673_1750_020528_1750_A01.IMG,https://www.uahirise.org/PDS/DTM/ESP/ORB_020600_020699/ESP_020673_1750_ESP_020528_1750/ESP_020673_1750_RED_C_01_ORTHO.JP2,https://www.uahirise.org/PDS/DTM/ESP/ORB_020600_020699/ESP_020673_1750_ESP_020528_1750/ESP_020528_1750_RED_C_01_ORTHO.JP2,1.01
Layers on Northern Rim of Hellas Basin,https://www.uahirise.org/PDS/DTM/ESP/ORB_031900_031999/ESP_031911_1500_ESP_024408_1500/DTEED_031911_1500_024408_1500_A01.IMG,https://www.uahirise.org/PDS/DTM/ESP/ORB_031900_031999/ESP_031911_1500_ESP_024408_1500/ESP_031911_1500_RED_D_01_ORTHO.JP2,https://www.uahirise.org/PDS/DTM/ESP/ORB_031900_031999/ESP_031911_1500_ESP_024408_1500/ESP_024408_1500_RED_D_01_ORTHO.JP2,2.01
Dunes on Ridges,https://www.uahirise.org/PDS/DTM/ESP/ORB_025600_025699/ESP_025625_1580_ESP_024913_1580/DTEEC_025625_1580_024913_1580_A01.IMG,https://www.uahirise.org/PDS/DTM/ESP/ORB_025600_025699/ESP_025625_1580_ESP_024913_1580/ESP_025625_1580_RED_C_01_ORTHO.JP2,https://www.uahirise.org/PDS/DTM/ESP/ORB_025600_025699/ESP_025625_1580_ESP_024913_1580/ESP_024913_1580_RED_C_01_ORTHO.JP2,1
Latest View of Curiosity Rover in Gale Crater,https://www.uahirise.org/PDS/DTM/ESP/ORB_040700_040799/ESP_040770_1755_ESP_039280_1755/DTEEC_040770_1755_039280_1755_A01.IMG,https://www.uahirise.org/PDS/DTM/ESP/ORB_040700_040799/ESP_040770_1755_ESP_039280_1755/ESP_040770_1755_RED_C_01_ORTHO.JP2,https://www.uahirise.org/PDS/DTM/ESP/ORB_040700_040799/ESP_040770_1755_ESP_039280_1755/ESP_039280_1755_RED_C_01_ORTHO.JP2,1.01
Clusters of Buttes and Mesas among Flows South of Western Cerberus Fossae,https://www.uahirise.org/PDS/DTM/ESP/ORB_026000_026099/ESP_026040_1880_ESP_025684_1885/DTEED_026040_1880_025684_1885_U01.IMG,https://www.uahirise.org/PDS/DTM/ESP/ORB_026000_026099/ESP_026040_1880_ESP_025684_1885/ESP_026040_1880_RED_D_01_ORTHO.JP2,https://www.uahirise.org/PDS/DTM/ESP/ORB_026000_026099/ESP_026040_1880_ESP_025684_1885/ESP_025684_1885_RED_D_01_ORTHO.JP2,1.51
Mawrth Vallis Phillosilicate Layers,https://www.uahirise.org/PDS/DTM/PSP/ORB_005800_005899/PSP_005819_2050_PSP_006742_2050/DTEEC_005819_2050_006742_2050_A01.IMG,https://www.uahirise.org/PDS/DTM/PSP/ORB_005800_005899/PSP_005819_2050_PSP_006742_2050/PSP_005819_2050_RED_C_01_ORTHO.JP2,https://www.uahirise.org/PDS/DTM/PSP/ORB_005800_005899/PSP_005819_2050_PSP_006742_2050/PSP_006742_2050_RED_C_01_ORTHO.JP2,1
Capen Crater Dune Changes,https://www.uahirise.org/PDS/DTM/ESP/ORB_026700_026799/ESP_026757_1865_ESP_026823_1865/DTEEC_026757_1865_026823_1865_A01.IMG,https://www.uahirise.org/PDS/DTM/ESP/ORB_026700_026799/ESP_026757_1865_ESP_026823_1865/ESP_026757_1865_RED_C_01_ORTHO.JP2,https://www.uahirise.org/PDS/DTM/ESP/ORB_026700_026799/ESP_026757_1865_ESP_026823_1865/ESP_026823_1865_RED_C_01_ORTHO.JP2,1.01
Inverted Streams in the Aeolis Region,https://www.uahirise.org/PDS/DTM/PSP/ORB_002400_002499/PSP_002424_1765_ESP_019803_1765/DTEED_002424_1765_019803_1765_A01.IMG,https://www.uahirise.org/PDS/DTM/PSP/ORB_002400_002499/PSP_002424_1765_ESP_019803_1765/PSP_002424_1765_RED_D_01_ORTHO.JP2,https://www.uahirise.org/PDS/DTM/PSP/ORB_002400_002499/PSP_002424_1765_ESP_019803_1765/ESP_019803_1765_RED_D_01_ORTHO.JP2,2.02
Crater Southwest of Herschel Crater with Dune Field,https://www.uahirise.org/PDS/DTM/PSP/ORB_004300_004399/PSP_004350_1635_PSP_003638_1635/DTEEC_004350_1635_003638_1635_A01.IMG,https://www.uahirise.org/PDS/DTM/PSP/ORB_004300_004399/PSP_004350_1635_PSP_003638_1635/PSP_004350_1635_RED_C_01_ORTHO.JP2,https://www.uahirise.org/PDS/DTM/PSP/ORB_004300_004399/PSP_004350_1635_PSP_003638_1635/PSP_003638_1635_RED_C_01_ORTHO.JP2,1.01
Sinuous Ridges among Yardangs in Aeolis Region,https://www.uahirise.org/PDS/DTM/ESP/ORB_016000_016099/ESP_016058_1740_PSP_006894_1740/DTEEC_016058_1740_006894_1740_A01.IMG,https://www.uahirise.org/PDS/DTM/ESP/ORB_016000_016099/ESP_016058_1740_PSP_006894_1740/ESP_016058_1740_RED_C_01_ORTHO.JP2,https://www.uahirise.org/PDS/DTM/ESP/ORB_016000_016099/ESP_016058_1740_PSP_006894_1740/PSP_006894_1740_RED_C_01_ORTHO.JP2,1.01
Atypical Dome-Like Structure in Terra Sirenum,https://www.uahirise.org/PDS/DTM/ESP/ORB_033900_033999/ESP_033977_1385_ESP_037445_1385/DTEED_033977_1385_037445_1385_A01.IMG,https://www.uahirise.org/PDS/DTM/ESP/ORB_033900_033999/ESP_033977_1385_ESP_037445_1385/ESP_033977_1385_RED_D_01_ORTHO.JP2,https://www.uahirise.org/PDS/DTM/ESP/ORB_033900_033999/ESP_033977_1385_ESP_037445_1385/ESP_037445_1385_RED_D_01_ORTHO.JP2,2
Crater in Utopia Planitia,https://www.uahirise.org/PDS/DTM/ESP/ORB_028700_028799/ESP_028719_2290_ESP_037646_2290/DTEED_028719_2290_037646_2290_A01.IMG,https://www.uahirise.org/PDS/DTM/ESP/ORB_028700_028799/ESP_028719_2290_ESP_037646_2290/ESP_028719_2290_RED_D_01_ORTHO.JP2,https://www.uahirise.org/PDS/DTM/ESP/ORB_028700_028799/ESP_028719_2290_ESP_037646_2290/ESP_037646_2290_RED_D_01_ORTHO.JP2,1.99
Gullies Within Central Pit of Bamberg Crater,https://www.uahirise.org/PDS/DTM/PSP/ORB_010300_010399/PSP_010301_2200_PSP_006794_2200/DTEEC_010301_2200_006794_2200_A01.IMG,https://www.uahirise.org/PDS/DTM/PSP/ORB_010300_010399/PSP_010301_2200_PSP_006794_2200/PSP_010301_2200_RED_C_01_ORTHO.JP2,https://www.uahirise.org/PDS/DTM/PSP/ORB_010300_010399/PSP_010301_2200_PSP_006794_2200/PSP_006794_2200_RED_C_01_ORTHO.JP2,1
Nili Fossae Mound and Erosional Features,https://www.uahirise.org/PDS/DTM/PSP/ORB_002800_002899/PSP_002888_2025_PSP_002176_2025/DTEEC_002888_2025_002176_2025_A01.IMG,https://www.uahirise.org/PDS/DTM/PSP/ORB_002800_002899/PSP_002888_2025_PSP_002176_2025/PSP_002888_2025_RED_C_01_ORTHO.JP2,https://www.uahirise.org/PDS/DTM/PSP/ORB_002800_002899/PSP_002888_2025_PSP_002176_2025/PSP_002176_2025_RED_C_01_ORTHO.JP2,1
South Polar Layered Deposits,https://www.uahirise.org/PDS/DTM/ESP/ORB_040000_040099/ESP_040073_1005_ESP_040126_1005/DTEPD_040073_1005_040126_1005_A01.IMG,https://www.uahirise.org/PDS/DTM/ESP/ORB_040000_040099/ESP_040073_1005_ESP_040126_1005/ESP_040073_1005_RED_D_01_ORTHO.JP2,https://www.uahirise.org/PDS/DTM/ESP/ORB_040000_040099/ESP_040073_1005_ESP_040126_1005/ESP_040126_1005_IRB_D_01_ORTHO.JP2,2
Dune Changes West of Meroe Patera,https://www.uahirise.org/PDS/DTM/ESP/ORB_038200_038299/ESP_038214_1875_ESP_038280_1875/DTEEC_038214_1875_038280_1875_A01.IMG,https://www.uahirise.org/PDS/DTM/ESP/ORB_038200_038299/ESP_038214_1875_ESP_038280_1875/ESP_038214_1875_RED_C_01_ORTHO.JP2,https://www.uahirise.org/PDS/DTM/ESP/ORB_038200_038299/ESP_038214_1875_ESP_038280_1875/ESP_038280_1875_RED_C_01_ORTHO.JP2,1.01
North Polar Escarpment Dune Field Activity Monitoring,https://www.uahirise.org/PDS/DTM/ESP/ORB_036100_036199/ESP_036176_2640_ESP_035926_2640/DTEPC_036176_2640_035926_2640_A01.IMG,https://www.uahirise.org/PDS/DTM/ESP/ORB_036100_036199/ESP_036176_2640_ESP_035926_2640/ESP_036176_2640_RED_C_01_ORTHO.JP2,https://www.uahirise.org/PDS/DTM/ESP/ORB_036100_036199/ESP_036176_2640_ESP_035926_2640/ESP_035926_2640_RED_C_01_ORTHO.JP2,1
Twenty Kilometer Crater in Meridiani Planum Exposing Layers,https://www.uahirise.org/PDS/DTM/ESP/ORB_029800_029899/ESP_029804_1770_ESP_029092_1770/DTEED_029804_1770_029092_1770_A01.IMG,https://www.uahirise.org/PDS/DTM/ESP/ORB_029800_029899/ESP_029804_1770_ESP_029092_1770/ESP_029804_1770_RED_D_01_ORTHO.JP2,https://www.uahirise.org/PDS/DTM/ESP/ORB_029800_029899/ESP_029804_1770_ESP_029092_1770/ESP_029092_1770_RED_D_01_ORTHO.JP2,2.02
Layered Pit in Noctis Labyrinthus,https://www.uahirise.org/PDS/DTM/PSP/ORB_005900_005999/PSP_005980_1725_ESP_019891_1725/DTEEC_005980_1725_019891_1725_A01.IMG,https://www.uahirise.org/PDS/DTM/PSP/ORB_005900_005999/PSP_005980_1725_ESP_019891_1725/PSP_005980_1725_RED_C_01_ORTHO.JP2,https://www.uahirise.org/PDS/DTM/PSP/ORB_005900_005999/PSP_005980_1725_ESP_019891_1725/ESP_019891_1725_RED_C_01_ORTHO.JP2,1.01
Faulted Layered Bedrock in Noctis Labyrinthus,https://www.uahirise.org/PDS/DTM/ESP/ORB_016800_016899/ESP_016845_1715_ESP_017412_1715/DTEEC_016845_1715_017412_1715_A01.IMG,https://www.uahirise.org/PDS/DTM/ESP/ORB_016800_016899/ESP_016845_1715_ESP_017412_1715/ESP_016845_1715_RED_C_01_ORTHO.JP2,https://www.uahirise.org/PDS/DTM/ESP/ORB_016800_016899/ESP_016845_1715_ESP_017412_1715/ESP_017412_1715_RED_C_01_ORTHO.JP2,1.01
Different Types of Gullies,https://www.uahirise.org/PDS/DTM/ESP/ORB_013900_013999/ESP_013948_1410_ESP_013236_1410/DTEEC_013948_1410_013236_1410_A01.IMG,https://www.uahirise.org/PDS/DTM/ESP/ORB_013900_013999/ESP_013948_1410_ESP_013236_1410/ESP_013948_1410_RED_C_01_ORTHO.JP2,https://www.uahirise.org/PDS/DTM/ESP/ORB_013900_013999/ESP_013948_1410_ESP_013236_1410/ESP_013236_1410_RED_C_01_ORTHO.JP2,1
Inverted Channel Floor in CTX Image,https://www.uahirise.org/PDS/DTM/ESP/ORB_019300_019399/ESP_019394_1745_ESP_019249_1745/DTEED_019394_1745_019249_1745_A01.IMG,https://www.uahirise.org/PDS/DTM/ESP/ORB_019300_019399/ESP_019394_1745_ESP_019249_1745/ESP_019394_1745_RED_D_01_ORTHO.JP2,https://www.uahirise.org/PDS/DTM/ESP/ORB_019300_019399/ESP_019394_1745_ESP_019249_1745/ESP_019249_1745_RED_D_01_ORTHO.JP2,2.02
Of Elephants and Floods of Lava,https://www.uahirise.org/PDS/DTM/ESP/ORB_026400_026499/ESP_026461_2080_ESP_026738_2080/DTEEC_026461_2080_026738_2080_A01.IMG,https://www.uahirise.org/PDS/DTM/ESP/ORB_026400_026499/ESP_026461_2080_ESP_026738_2080/ESP_026461_2080_RED_C_01_ORTHO.JP2,https://www.uahirise.org/PDS/DTM/ESP/ORB_026400_026499/ESP_026461_2080_ESP_026738_2080/ESP_026738_2080_RED_C_01_ORTHO.JP2,1
Flow Boundary in Phlegra Dorsa,https://www.uahirise.org/PDS/DTM/ESP/ORB_034100_034199/ESP_034109_2085_ESP_033608_2085/DTEEC_034109_2085_033608_2085_A01.IMG,https://www.uahirise.org/PDS/DTM/ESP/ORB_034100_034199/ESP_034109_2085_ESP_033608_2085/ESP_034109_2085_RED_C_01_ORTHO.JP2,https://www.uahirise.org/PDS/DTM/ESP/ORB_034100_034199/ESP_034109_2085_ESP_033608_2085/ESP_033608_2085_RED_C_01_ORTHO.JP2,1
Flow Boundary in Elysium Planitia,https://www.uahirise.org/PDS/DTM/ESP/ORB_028100_028199/ESP_028149_2085_ESP_028215_2085/DTEEC_028149_2085_028215_2085_A01.IMG,https://www.uahirise.org/PDS/DTM/ESP/ORB_028100_028199/ESP_028149_2085_ESP_028215_2085/ESP_028149_2085_RED_C_01_ORTHO.JP2,https://www.uahirise.org/PDS/DTM/ESP/ORB_028100_028199/ESP_028149_2085_ESP_028215_2085/ESP_028215_2085_RED_C_01_ORTHO.JP2,1
Active Dune Monitoring in Ganges Chasma,https://www.uahirise.org/PDS/DTM/ESP/ORB_035100_035199/ESP_035172_1725_ESP_034671_1725/DTEEC_035172_1725_034671_1725_A01.IMG,https://www.uahirise.org/PDS/DTM/ESP/ORB_035100_035199/ESP_035172_1725_ESP_034671_1725/ESP_035172_1725_RED_C_01_ORTHO.JP2,https://www.uahirise.org/PDS/DTM/ESP/ORB_035100_035199/ESP_035172_1725_ESP_034671_1725/ESP_034671_1725_RED_C_01_ORTHO.JP2,1.01
Dune Interaction with Topography in Ganges Chasma,https://www.uahirise.org/PDS/DTM/PSP/ORB_008500_008599/PSP_008536_1725_PSP_009604_1725/DTEEC_008536_1725_009604_1725_A01.IMG,https://www.uahirise.org/PDS/DTM/PSP/ORB_008500_008599/PSP_008536_1725_PSP_009604_1725/PSP_008536_1725_RED_C_01_ORTHO.JP2,https://www.uahirise.org/PDS/DTM/PSP/ORB_008500_008599/PSP_008536_1725_PSP_009604_1725/PSP_009604_1725_RED_C_01_ORTHO.JP2,1.01
Central Pit of an Impact Crater with Layered Bedrock,https://www.uahirise.org/PDS/DTM/ESP/ORB_022900_022999/ESP_022962_1570_ESP_022672_1570/DTEED_022962_1570_022672_1570_A01.IMG,https://www.uahirise.org/PDS/DTM/ESP/ORB_022900_022999/ESP_022962_1570_ESP_022672_1570/ESP_022962_1570_RED_D_01_ORTHO.JP2,https://www.uahirise.org/PDS/DTM/ESP/ORB_022900_022999/ESP_022962_1570_ESP_022672_1570/ESP_022672_1570_RED_D_01_ORTHO.JP2,2.01
Central Pit of an Impact Crater,https://www.uahirise.org/PDS/DTM/ESP/ORB_019200_019299/ESP_019204_1570_ESP_018703_1570/DTEED_019204_1570_018703_1570_A01.IMG,https://www.uahirise.org/PDS/DTM/ESP/ORB_019200_019299/ESP_019204_1570_ESP_018703_1570/ESP_019204_1570_RED_D_01_ORTHO.JP2,https://www.uahirise.org/PDS/DTM/ESP/ORB_019200_019299/ESP_019204_1570_ESP_018703_1570/ESP_018703_1570_RED_D_01_ORTHO.JP2,2.01
Possible Future Landing Site in Southern Mawrth Vallis,https://www.uahirise.org/PDS/DTM/ESP/ORB_023500_023599/ESP_023567_2000_ESP_023422_2000/DTEEC_023567_2000_023422_2000_A01.IMG,https://www.uahirise.org/PDS/DTM/ESP/ORB_023500_023599/ESP_023567_2000_ESP_023422_2000/ESP_023567_2000_RED_C_01_ORTHO.JP2,https://www.uahirise.org/PDS/DTM/ESP/ORB_023500_023599/ESP_023567_2000_ESP_023422_2000/ESP_023422_2000_RED_C_01_ORTHO.JP2,1
Layered Bedrock in Central Uplift,https://www.uahirise.org/PDS/DTM/ESP/ORB_020800_020899/ESP_020873_1640_ESP_020161_1640/DTEEC_020873_1640_020161_1640_A01.IMG,https://www.uahirise.org/PDS/DTM/ESP/ORB_020800_020899/ESP_020873_1640_ESP_020161_1640/ESP_020873_1640_RED_C_01_ORTHO.JP2,https://www.uahirise.org/PDS/DTM/ESP/ORB_020800_020899/ESP_020873_1640_ESP_020161_1640/ESP_020161_1640_RED_C_01_ORTHO.JP2,1.01
Central Peak with Layered Bedrock,https://www.uahirise.org/PDS/DTM/ESP/ORB_011400_011499/ESP_011458_1640_PSP_005683_1640/DTEEC_011458_1640_005683_1640_A01.IMG,https://www.uahirise.org/PDS/DTM/ESP/ORB_011400_011499/ESP_011458_1640_PSP_005683_1640/ESP_011458_1640_RED_C_01_ORTHO.JP2,https://www.uahirise.org/PDS/DTM/ESP/ORB_011400_011499/ESP_011458_1640_PSP_005683_1640/PSP_005683_1640_RED_C_01_ORTHO.JP2,1.01
Layered Floor of Noctis Labyrinthus,https://www.uahirise.org/PDS/DTM/ESP/ORB_027500_027599/ESP_027526_1685_ESP_027592_1685/DTEEC_027526_1685_027592_1685_A01.IMG,https://www.uahirise.org/PDS/DTM/ESP/ORB_027500_027599/ESP_027526_1685_ESP_027592_1685/ESP_027526_1685_RED_C_01_ORTHO.JP2,https://www.uahirise.org/PDS/DTM/ESP/ORB_027500_027599/ESP_027526_1685_ESP_027592_1685/ESP_027592_1685_RED_C_01_ORTHO.JP2,1.01
Eastern Valles Marineris Bedrock Stratigraphy and Falling Dunes,https://www.uahirise.org/PDS/DTM/PSP/ORB_010200_010299/PSP_010277_1650_PSP_010699_1650/DTEEC_010277_1650_010699_1650_A02.IMG,https://www.uahirise.org/PDS/DTM/PSP/ORB_010200_010299/PSP_010277_1650_PSP_010699_1650/PSP_010277_1650_RED_C_01_ORTHO.JP2,https://www.uahirise.org/PDS/DTM/PSP/ORB_010200_010299/PSP_010277_1650_PSP_010699_1650/PSP_010699_1650_RED_C_01_ORTHO.JP2,1.01
Breached Impact Crater in Elysium Planitia,https://www.uahirise.org/PDS/DTM/PSP/ORB_004100_004199/PSP_004151_1810_ESP_020963_1810/DTEEC_004151_1810_020963_1810_U01.IMG,https://www.uahirise.org/PDS/DTM/PSP/ORB_004100_004199/PSP_004151_1810_ESP_020963_1810/PSP_004151_1810_RED_C_01_ORTHO.JP2,https://www.uahirise.org/PDS/DTM/PSP/ORB_004100_004199/PSP_004151_1810_ESP_020963_1810/ESP_020963_1810_RED_C_01_ORTHO.JP2,1.01
Lower of Two Inner Channels in Southeast Kasei Valles,https://www.uahirise.org/PDS/DTM/ESP/ORB_027600_027699/ESP_027670_2015_ESP_026536_2015/DTEEC_027670_2015_026536_2015_U01.IMG,https://www.uahirise.org/PDS/DTM/ESP/ORB_027600_027699/ESP_027670_2015_ESP_026536_2015/ESP_027670_2015_RED_C_01_ORTHO.JP2,https://www.uahirise.org/PDS/DTM/ESP/ORB_027600_027699/ESP_027670_2015_ESP_026536_2015/ESP_026536_2015_RED_C_01_ORTHO.JP2,1
Dune Changes,https://www.uahirise.org/PDS/DTM/ESP/ORB_018500_018599/ESP_018525_2565_ESP_018011_2565/DTEPC_018525_2565_018011_2565_U01.IMG,https://www.uahirise.org/PDS/DTM/ESP/ORB_018500_018599/ESP_018525_2565_ESP_018011_2565/ESP_018525_2565_RED_C_01_ORTHO.JP2,https://www.uahirise.org/PDS/DTM/ESP/ORB_018500_018599/ESP_018525_2565_ESP_018011_2565/ESP_018011_2565_RED_C_01_ORTHO.JP2,0.98
West Coprates Chasma Dunes and Slip Face Streaks,https://www.uahirise.org/PDS/DTM/ESP/ORB_031900_031999/ESP_031929_1660_ESP_031995_1660/DTEEC_031929_1660_031995_1660_A01.IMG,https://www.uahirise.org/PDS/DTM/ESP/ORB_031900_031999/ESP_031929_1660_ESP_031995_1660/ESP_031929_1660_RED_C_01_ORTHO.JP2,https://www.uahirise.org/PDS/DTM/ESP/ORB_031900_031999/ESP_031929_1660_ESP_031995_1660/ESP_031995_1660_RED_C_01_ORTHO.JP2,1.01
Layered Deposits and Dunes in Arabia Terra,https://www.uahirise.org/PDS/DTM/ESP/ORB_035800_035899/ESP_035895_1965_ESP_036172_1965/DTEEC_035895_1965_036172_1965_A01.IMG,https://www.uahirise.org/PDS/DTM/ESP/ORB_035800_035899/ESP_035895_1965_ESP_036172_1965/ESP_035895_1965_RED_C_01_ORTHO.JP2,https://www.uahirise.org/PDS/DTM/ESP/ORB_035800_035899/ESP_035895_1965_ESP_036172_1965/ESP_036172_1965_RED_C_01_ORTHO.JP2,1.01
Herschel Crater Dunes Change Detection,https://www.uahirise.org/PDS/DTM/ESP/ORB_037900_037999/ESP_037948_1645_ESP_038291_1645/DTEEC_037948_1645_038291_1645_A01.IMG,https://www.uahirise.org/PDS/DTM/ESP/ORB_037900_037999/ESP_037948_1645_ESP_038291_1645/ESP_037948_1645_RED_C_01_ORTHO.JP2,https://www.uahirise.org/PDS/DTM/ESP/ORB_037900_037999/ESP_037948_1645_ESP_038291_1645/ESP_038291_1645_RED_C_01_ORTHO.JP2,1.01
Pits and Craters,https://www.uahirise.org/PDS/DTM/ESP/ORB_017800_017899/ESP_017875_2305_ESP_018007_2305/DTEED_017875_2305_018007_2305_A01.IMG,https://www.uahirise.org/PDS/DTM/ESP/ORB_017800_017899/ESP_017875_2305_ESP_018007_2305/ESP_017875_2305_RED_D_01_ORTHO.JP2,https://www.uahirise.org/PDS/DTM/ESP/ORB_017800_017899/ESP_017875_2305_ESP_018007_2305/ESP_018007_2305_RED_D_01_ORTHO.JP2,1.99
Northern Plains Crater Modification Substrate Effects,https://www.uahirise.org/PDS/DTM/ESP/ORB_034300_034399/ESP_034384_2300_ESP_033738_2300/DTEED_034384_2300_033738_2300_A01.IMG,https://www.uahirise.org/PDS/DTM/ESP/ORB_034300_034399/ESP_034384_2300_ESP_033738_2300/ESP_034384_2300_RED_D_01_ORTHO.JP2,https://www.uahirise.org/PDS/DTM/ESP/ORB_034300_034399/ESP_034384_2300_ESP_033738_2300/ESP_033738_2300_RED_D_01_ORTHO.JP2,1.99
Small Crater on North Polar Deposits,https://www.uahirise.org/PDS/DTM/ESP/ORB_027400_027499/ESP_027496_2620_ESP_027470_2620/DTEPC_027496_2620_027470_2620_A01.IMG,https://www.uahirise.org/PDS/DTM/ESP/ORB_044800_044899/ESP_044810_2620_ESP_044784_2620/ESP_027496_2620_RED_C_01_ORTHO.JP2,https://www.uahirise.org/PDS/DTM/ESP/ORB_027400_027499/ESP_027496_2620_ESP_027470_2620/ESP_027470_2620_RED_C_01_ORTHO.JP2,1
South Polar Layered Deposits Exposed in Promethei Lingula,https://www.uahirise.org/PDS/DTM/ESP/ORB_013600_013699/ESP_013647_0975_ESP_013832_0975/DTEPC_013647_0975_013832_0975_A01.IMG,https://www.uahirise.org/PDS/DTM/ESP/ORB_013600_013699/ESP_013647_0975_ESP_013832_0975/ESP_013647_0975_RED_C_01_ORTHO.JP2,https://www.uahirise.org/PDS/DTM/ESP/ORB_013600_013699/ESP_013647_0975_ESP_013832_0975/ESP_013832_0975_RED_C_01_ORTHO.JP2,1
East Melas Chasma Landslide Scarp,https://www.uahirise.org/PDS/DTM/ESP/ORB_036300_036399/ESP_036307_1665_ESP_035951_1665/DTEEC_036307_1665_035951_1665_A01.IMG,https://www.uahirise.org/PDS/DTM/ESP/ORB_036300_036399/ESP_036307_1665_ESP_035951_1665/ESP_036307_1665_RED_C_01_ORTHO.JP2,https://www.uahirise.org/PDS/DTM/ESP/ORB_036300_036399/ESP_036307_1665_ESP_035951_1665/ESP_035951_1665_RED_C_01_ORTHO.JP2,1.01
Northwest Hellas Region Landforms,https://www.uahirise.org/PDS/DTM/PSP/ORB_007500_007599/PSP_007570_1415_PSP_006779_1415/DTEED_007570_1415_006779_1415_A01.IMG,https://www.uahirise.org/PDS/DTM/PSP/ORB_007500_007599/PSP_007570_1415_PSP_006779_1415/PSP_007570_1415_RED_D_01_ORTHO.JP2,https://www.uahirise.org/PDS/DTM/PSP/ORB_007500_007599/PSP_007570_1415_PSP_006779_1415/PSP_006779_1415_RED_D_01_ORTHO.JP2,2
Mclaughlin Crater Dunes,https://www.uahirise.org/PDS/DTM/ESP/ORB_036800_036899/ESP_036859_2020_ESP_036569_2020/DTEEC_036859_2020_036569_2020_A01.IMG,https://www.uahirise.org/PDS/DTM/ESP/ORB_036800_036899/ESP_036859_2020_ESP_036569_2020/ESP_036859_2020_RED_C_01_ORTHO.JP2,https://www.uahirise.org/PDS/DTM/ESP/ORB_036800_036899/ESP_036859_2020_ESP_036569_2020/ESP_036569_2020_RED_C_01_ORTHO.JP2,1
Polar Layers Exposed on Promethei Lingula Surface,https://www.uahirise.org/PDS/DTM/ESP/ORB_022900_022999/ESP_022983_0980_ESP_023102_0980/DTEPD_022983_0980_023102_0980_A01.IMG,https://www.uahirise.org/PDS/DTM/ESP/ORB_022900_022999/ESP_022983_0980_ESP_023102_0980/ESP_022983_0980_RED_D_01_ORTHO.JP2,https://www.uahirise.org/PDS/DTM/ESP/ORB_022900_022999/ESP_022983_0980_ESP_023102_0980/ESP_023102_0980_RED_D_01_ORTHO.JP2,2
Crater with Trough,https://www.uahirise.org/PDS/DTM/ESP/ORB_032900_032999/ESP_032965_2315_ESP_033809_2315/DTEEC_032965_2315_033809_2315_A01.IMG,https://www.uahirise.org/PDS/DTM/ESP/ORB_032900_032999/ESP_032965_2315_ESP_033809_2315/ESP_032965_2315_RED_C_01_ORTHO.JP2,https://www.uahirise.org/PDS/DTM/ESP/ORB_032900_032999/ESP_032965_2315_ESP_033809_2315/ESP_033809_2315_RED_C_01_ORTHO.JP2,1
Constriction in Kasei Valles,https://www.uahirise.org/PDS/DTM/ESP/ORB_032100_032199/ESP_032193_1990_ESP_031837_1990/DTEED_032193_1990_031837_1990_A01.IMG,https://www.uahirise.org/PDS/DTM/ESP/ORB_032100_032199/ESP_032193_1990_ESP_031837_1990/ESP_032193_1990_RED_D_01_ORTHO.JP2,https://www.uahirise.org/PDS/DTM/ESP/ORB_032100_032199/ESP_032193_1990_ESP_031837_1990/ESP_031837_1990_RED_D_01_ORTHO.JP2,2.01
High-Lava Mark in Kasei Valles,https://www.uahirise.org/PDS/DTM/ESP/ORB_033600_033699/ESP_033617_1990_ESP_034316_1990/DTEED_033617_1990_034316_1990_A01.IMG,https://www.uahirise.org/PDS/DTM/ESP/ORB_033600_033699/ESP_033617_1990_ESP_034316_1990/ESP_033617_1990_RED_D_01_ORTHO.JP2,https://www.uahirise.org/PDS/DTM/ESP/ORB_033600_033699/ESP_033617_1990_ESP_034316_1990/ESP_034316_1990_RED_D_01_ORTHO.JP2,2.01
Gullies on Central Uplift of Lyot Crater,https://www.uahirise.org/PDS/DTM/ESP/ORB_027300_027399/ESP_027376_2310_ESP_027297_2310/DTEEC_027376_2310_027297_2310_A01.IMG,https://www.uahirise.org/PDS/DTM/ESP/ORB_027300_027399/ESP_027376_2310_ESP_027297_2310/ESP_027376_2310_RED_C_01_ORTHO.JP2,https://www.uahirise.org/PDS/DTM/ESP/ORB_027300_027399/ESP_027376_2310_ESP_027297_2310/ESP_027297_2310_RED_C_01_ORTHO.JP2,0.99
Central Peak of Multi-Ringed Lyot Crater,https://www.uahirise.org/PDS/DTM/PSP/ORB_008800_008899/PSP_008823_2310_PSP_009245_2310/DTEEC_008823_2310_009245_2310_A01.IMG,https://www.uahirise.org/PDS/DTM/PSP/ORB_008800_008899/PSP_008823_2310_PSP_009245_2310/PSP_008823_2310_RED_C_01_ORTHO.JP2,https://www.uahirise.org/PDS/DTM/PSP/ORB_008800_008899/PSP_008823_2310_PSP_009245_2310/PSP_009245_2310_RED_C_01_ORTHO.JP2,0.99
Light-Toned Layering in Noctis Region Pit,https://www.uahirise.org/PDS/DTM/ESP/ORB_017300_017399/ESP_017399_1680_ESP_027236_1680/DTEEC_017399_1680_027236_1680_A01.IMG,https://www.uahirise.org/PDS/DTM/ESP/ORB_017300_017399/ESP_017399_1680_ESP_027236_1680/ESP_017399_1680_RED_C_01_ORTHO.JP2,https://www.uahirise.org/PDS/DTM/ESP/ORB_017300_017399/ESP_017399_1680_ESP_027236_1680/ESP_027236_1680_RED_C_01_ORTHO.JP2,1.01
Lobate Flow Front in Kasei Valles,https://www.uahirise.org/PDS/DTM/ESP/ORB_019200_019299/ESP_019231_1905_ESP_018730_1905/DTEED_019231_1905_018730_1905_A01.IMG,https://www.uahirise.org/PDS/DTM/ESP/ORB_019200_019299/ESP_019231_1905_ESP_018730_1905/ESP_019231_1905_RED_D_01_ORTHO.JP2,https://www.uahirise.org/PDS/DTM/ESP/ORB_019200_019299/ESP_019231_1905_ESP_018730_1905/ESP_018730_1905_RED_D_01_ORTHO.JP2,2.02
Gully Fans with Age Constraint,https://www.uahirise.org/PDS/DTM/ESP/ORB_012400_012499/ESP_012459_1450_ESP_012314_1450/DTEEC_012459_1450_012314_1450_A01.IMG,https://www.uahirise.org/PDS/DTM/ESP/ORB_012400_012499/ESP_012459_1450_ESP_012314_1450/ESP_012459_1450_RED_C_01_ORTHO.JP2,https://www.uahirise.org/PDS/DTM/ESP/ORB_012400_012499/ESP_012459_1450_ESP_012314_1450/ESP_012314_1450_RED_C_01_ORTHO.JP2,1
New Impact Site,https://www.uahirise.org/PDS/DTM/ESP/ORB_036400_036499/ESP_036481_1835_ESP_036336_1835/DTEEC_036481_1835_036336_1835_A01.IMG,https://www.uahirise.org/PDS/DTM/ESP/ORB_036400_036499/ESP_036481_1835_ESP_036336_1835/ESP_036481_1835_RED_C_01_ORTHO.JP2,https://www.uahirise.org/PDS/DTM/ESP/ORB_036400_036499/ESP_036481_1835_ESP_036336_1835/ESP_036336_1835_RED_C_01_ORTHO.JP2,1.01
Dark Deposits around a Volcanic Fissure Adjacent to Tharsis Tholus,https://www.uahirise.org/PDS/DTM/ESP/ORB_030400_030499/ESP_030440_1945_ESP_030862_1945/DTEED_030440_1945_030862_1945_A01.IMG,https://www.uahirise.org/PDS/DTM/ESP/ORB_030400_030499/ESP_030440_1945_ESP_030862_1945/ESP_030440_1945_RED_D_01_ORTHO.JP2,https://www.uahirise.org/PDS/DTM/ESP/ORB_030400_030499/ESP_030440_1945_ESP_030862_1945/ESP_030862_1945_IRB_D_01_ORTHO.JP2,2.02
Flow Boundary in Elysium Planitia,https://www.uahirise.org/PDS/DTM/ESP/ORB_026100_026199/ESP_026105_2085_ESP_026593_2085/DTEEC_026105_2085_026593_2085_A01.IMG,https://www.uahirise.org/PDS/DTM/ESP/ORB_026100_026199/ESP_026105_2085_ESP_026593_2085/ESP_026105_2085_RED_C_01_ORTHO.JP2,https://www.uahirise.org/PDS/DTM/ESP/ORB_026100_026199/ESP_026105_2085_ESP_026593_2085/ESP_026105_2085_RED_C_01_ORTHO.JP2,1
Terraced Bullseye-Like Crater in Arcadia Planitia,https://www.uahirise.org/PDS/DTM/ESP/ORB_037300_037399/ESP_037352_2245_ESP_037418_2245/DTEEC_037352_2245_037418_2245_A01.IMG,https://www.uahirise.org/PDS/DTM/ESP/ORB_037300_037399/ESP_037352_2245_ESP_037418_2245/ESP_037352_2245_RED_C_01_ORTHO.JP2,https://www.uahirise.org/PDS/DTM/ESP/ORB_037300_037399/ESP_037352_2245_ESP_037418_2245/ESP_037418_2245_RED_C_01_ORTHO.JP2,1
Possible Terraced Bullseye-Like Crater in Arcadia Planitia,https://www.uahirise.org/PDS/DTM/ESP/ORB_034200_034299/ESP_034240_2275_ESP_033950_2275/DTEEC_034240_2275_033950_2275_A01.IMG,https://www.uahirise.org/PDS/DTM/ESP/ORB_034200_034299/ESP_034240_2275_ESP_033950_2275/ESP_034240_2275_RED_C_01_ORTHO.JP2,https://www.uahirise.org/PDS/DTM/ESP/ORB_034200_034299/ESP_034240_2275_ESP_033950_2275/ESP_033950_2275_RED_C_01_ORTHO.JP2,0.99
Fresh Double Layer Ejecta Crater in Northern Plains,https://www.uahirise.org/PDS/DTM/PSP/ORB_007700_007799/PSP_007736_2345_PSP_008303_2345/DTEEC_007736_2345_008303_2345_A01.IMG,https://www.uahirise.org/PDS/DTM/PSP/ORB_007700_007799/PSP_007736_2345_PSP_008303_2345/PSP_007736_2345_RED_C_01_ORTHO.JP2,https://www.uahirise.org/PDS/DTM/PSP/ORB_007700_007799/PSP_007736_2345_PSP_008303_2345/PSP_008303_2345_RED_C_01_ORTHO.JP2,0.99
Fresh Double-Layered Crater with Possible Ponded Materials,https://www.uahirise.org/PDS/DTM/PSP/ORB_007200_007299/PSP_007235_2350_PSP_006945_2350/DTEEC_007235_2350_006945_2350_A01.IMG,https://www.uahirise.org/PDS/DTM/PSP/ORB_007200_007299/PSP_007235_2350_PSP_006945_2350/PSP_007235_2350_RED_C_01_ORTHO.JP2,https://www.uahirise.org/PDS/DTM/PSP/ORB_007200_007299/PSP_007235_2350_PSP_006945_2350/PSP_006945_2350_RED_C_01_ORTHO.JP2,0.99
Fresh Double-Layered Ejecta Crater,https://www.uahirise.org/PDS/DTM/PSP/ORB_007900_007999/PSP_007947_2350_PSP_009160_2350/DTEEC_007947_2350_009160_2350_A01.IMG,https://www.uahirise.org/PDS/DTM/PSP/ORB_007900_007999/PSP_007947_2350_PSP_009160_2350/PSP_007947_2350_RED_C_01_ORTHO.JP2,https://www.uahirise.org/PDS/DTM/PSP/ORB_007900_007999/PSP_007947_2350_PSP_009160_2350/PSP_009160_2350_RED_C_01_ORTHO.JP2,0.99
Topography of the Western Edge of Marth Crater,https://www.uahirise.org/PDS/DTM/ESP/ORB_042700_042799/ESP_042753_1930_ESP_042252_1930/DTEED_042753_1930_042252_1930_A01.IMG,https://www.uahirise.org/PDS/DTM/ESP/ORB_042700_042799/ESP_042753_1930_ESP_042252_1930/ESP_042753_1930_RED_D_01_ORTHO.JP2,https://www.uahirise.org/PDS/DTM/ESP/ORB_042700_042799/ESP_042753_1930_ESP_042252_1930/ESP_042252_1930_IRB_D_01_ORTHO.JP2,2.02
From Ares 3 to Ares 4,https://www.uahirise.org/PDS/DTM/ESP/ORB_042000_042099/ESP_042014_1760_ESP_042647_1760/DTEED_042014_1760_042647_1760_A01.IMG,https://www.uahirise.org/PDS/DTM/ESP/ORB_042000_042099/ESP_042014_1760_ESP_042647_1760/ESP_042014_1760_RED_D_01_ORTHO.JP2,https://www.uahirise.org/PDS/DTM/ESP/ORB_042000_042099/ESP_042014_1760_ESP_042647_1760/ESP_042647_1760_RED_D_01_ORTHO.JP2,2.02
Mineral Veins,https://www.uahirise.org/PDS/DTM/ESP/ORB_025700_025799/ESP_025700_2005_ESP_025766_2005/DTEEC_025700_2005_025766_2005_A01.IMG,https://www.uahirise.org/PDS/DTM/ESP/ORB_025700_025799/ESP_025700_2005_ESP_025766_2005/ESP_025700_2005_RED_C_01_ORTHO.JP2,https://www.uahirise.org/PDS/DTM/ESP/ORB_025700_025799/ESP_025700_2005_ESP_025766_2005/ESP_025766_2005_RED_C_01_ORTHO.JP2,1
Rocky Central Uplift of 80-Kilometer Diameter Crater,https://www.uahirise.org/PDS/DTM/PSP/ORB_007900_007999/PSP_007978_2005_ESP_024487_2005/DTEEC_007978_2005_024487_2005_A01.IMG,https://www.uahirise.org/PDS/DTM/PSP/ORB_007900_007999/PSP_007978_2005_ESP_024487_2005/PSP_007978_2005_RED_C_01_ORTHO.JP2,https://www.uahirise.org/PDS/DTM/PSP/ORB_007900_007999/PSP_007978_2005_ESP_024487_2005/ESP_024487_2005_RED_C_01_ORTHO.JP2,1
Megabreccia on Floor of Stokes Crater,https://www.uahirise.org/PDS/DTM/ESP/ORB_016900_016999/ESP_016980_2360_ESP_017257_2360/DTEEC_016980_2360_017257_2360_A01.IMG,https://www.uahirise.org/PDS/DTM/ESP/ORB_016900_016999/ESP_016980_2360_ESP_017257_2360/ESP_016980_2360_RED_C_01_ORTHO.JP2,https://www.uahirise.org/PDS/DTM/ESP/ORB_016900_016999/ESP_016980_2360_ESP_017257_2360/ESP_017257_2360_RED_C_01_ORTHO.JP2,0.99
Central Structure of Large Crater in Northern Plains,https://www.uahirise.org/PDS/DTM/ESP/ORB_018000_018099/ESP_018048_2360_PSP_009332_2360/DTEEC_018048_2360_009332_2360_A01.IMG,https://www.uahirise.org/PDS/DTM/ESP/ORB_018000_018099/ESP_018048_2360_PSP_009332_2360/ESP_018048_2360_RED_C_01_ORTHO.JP2,https://www.uahirise.org/PDS/DTM/ESP/ORB_018000_018099/ESP_018048_2360_PSP_009332_2360/PSP_009332_2360_RED_C_01_ORTHO.JP2,0.99
Diverse Lithologies in Central Uplift of Stokes Crater,https://www.uahirise.org/PDS/DTM/ESP/ORB_019600_019699/ESP_019604_2360_ESP_019380_2360/DTEED_019604_2360_019380_2360_A01.IMG,https://www.uahirise.org/PDS/DTM/ESP/ORB_019600_019699/ESP_019604_2360_ESP_019380_2360/ESP_019604_2360_RED_D_01_ORTHO.JP2,https://www.uahirise.org/PDS/DTM/ESP/ORB_019600_019699/ESP_019604_2360_ESP_019380_2360/ESP_019380_2360_RED_D_01_ORTHO.JP2,1.99
Terraced Slopes Visible in CTX Image,https://www.uahirise.org/PDS/DTM/ESP/ORB_025400_025499/ESP_025459_1895_ESP_026514_1895/DTEED_025459_1895_026514_1895_A01.IMG,https://www.uahirise.org/PDS/DTM/ESP/ORB_025400_025499/ESP_025459_1895_ESP_026514_1895/ESP_025459_1895_RED_D_01_ORTHO.JP2,https://www.uahirise.org/PDS/DTM/ESP/ORB_025400_025499/ESP_025459_1895_ESP_026514_1895/ESP_026514_1895_RED_D_01_ORTHO.JP2,2.02
Possible Terraced Crater in Arcadia Planitia,https://www.uahirise.org/PDS/DTM/ESP/ORB_033900_033999/ESP_033963_2230_ESP_033818_2230/DTEEC_033963_2230_033818_2230_A01.IMG,https://www.uahirise.org/PDS/DTM/ESP/ORB_033900_033999/ESP_033963_2230_ESP_033818_2230/ESP_033963_2230_RED_C_01_ORTHO.JP2,https://www.uahirise.org/PDS/DTM/ESP/ORB_033900_033999/ESP_033963_2230_ESP_033818_2230/ESP_033818_2230_RED_C_01_ORTHO.JP2,1
Light-Toned Layered Deposits in Uplands West of Ladon Valles Basin,https://www.uahirise.org/PDS/DTM/ESP/ORB_033300_033399/ESP_033352_1605_ESP_033774_1605/DTEED_033352_1605_033774_1605_A01.IMG,https://www.uahirise.org/PDS/DTM/ESP/ORB_033300_033399/ESP_033352_1605_ESP_033774_1605/ESP_033352_1605_RED_D_01_ORTHO.JP2,https://www.uahirise.org/PDS/DTM/ESP/ORB_033300_033399/ESP_033352_1605_ESP_033774_1605/ESP_033774_1605_RED_D_01_ORTHO.JP2,2.01
Clays Exposed in Channels along West Ladon Valles,https://www.uahirise.org/PDS/DTM/PSP/ORB_010300_010399/PSP_010342_1600_ESP_034552_1600/DTEED_010342_1600_034552_1600_A01.IMG,https://www.uahirise.org/PDS/DTM/PSP/ORB_010300_010399/PSP_010342_1600_ESP_034552_1600/PSP_010342_1600_RED_D_01_ORTHO.JP2,https://www.uahirise.org/PDS/DTM/PSP/ORB_010300_010399/PSP_010342_1600_ESP_034552_1600/ESP_034552_1600_RED_D_01_ORTHO.JP2,2.01
The Ares 3 Landing Site: Where Science Fact Meets Fiction,https://www.uahirise.org/PDS/DTM/ESP/ORB_041200_041299/ESP_041277_2115_ESP_040776_2115/DTEEC_041277_2115_040776_2115_A01.IMG,https://www.uahirise.org/PDS/DTM/ESP/ORB_041200_041299/ESP_041277_2115_ESP_040776_2115/ESP_041277_2115_RED_C_01_ORTHO.JP2,https://www.uahirise.org/PDS/DTM/ESP/ORB_041200_041299/ESP_041277_2115_ESP_040776_2115/ESP_040776_2115_RED_C_01_ORTHO.JP2,1
Faulting within the Layered Deposits in Candor Chasma,https://www.uahirise.org/PDS/DTM/PSP/ORB_002000_002099/PSP_002063_1735_PSP_001641_1735/DTEEC_002063_1735_001641_1735_U01.IMG,https://www.uahirise.org/PDS/DTM/PSP/ORB_002000_002099/PSP_002063_1735_PSP_001641_1735/PSP_002063_1735_RED_C_01_ORTHO.JP2,https://www.uahirise.org/PDS/DTM/PSP/ORB_002000_002099/PSP_002063_1735_PSP_001641_1735/PSP_001641_1735_RED_C_01_ORTHO.JP2,1.01
Terraced Bullseye-Like Crater in Arcadia Planitia,https://www.uahirise.org/PDS/DTM/ESP/ORB_035800_035899/ESP_035862_2195_ESP_035928_2195/DTEEC_035862_2195_035928_2195_A01.IMG,https://www.uahirise.org/PDS/DTM/ESP/ORB_035800_035899/ESP_035862_2195_ESP_035928_2195/ESP_035862_2195_RED_C_01_ORTHO.JP2,https://www.uahirise.org/PDS/DTM/ESP/ORB_035800_035899/ESP_035862_2195_ESP_035928_2195/ESP_035862_2195_RED_C_01_ORTHO.JP2,1
Possible Terraced Bullseye-Like Crater in Arcadia Planitia,https://www.uahirise.org/PDS/DTM/ESP/ORB_034100_034199/ESP_034108_2245_ESP_034174_2245/DTEEC_034108_2245_034174_2245_A01.IMG,https://www.uahirise.org/PDS/DTM/ESP/ORB_034100_034199/ESP_034108_2245_ESP_034174_2245/ESP_034108_2245_RED_C_01_ORTHO.JP2,https://www.uahirise.org/PDS/DTM/ESP/ORB_034100_034199/ESP_034108_2245_ESP_034174_2245/ESP_034174_2245_RED_C_01_ORTHO.JP2,1
Slope Monitoring,https://www.uahirise.org/PDS/DTM/ESP/ORB_034900_034999/ESP_034934_2155_ESP_034499_2155/DTEEC_034934_2155_034499_2155_A01.IMG,https://www.uahirise.org/PDS/DTM/ESP/ORB_034900_034999/ESP_034934_2155_ESP_034499_2155/ESP_034934_2155_RED_C_01_ORTHO.JP2,https://www.uahirise.org/PDS/DTM/ESP/ORB_034900_034999/ESP_034934_2155_ESP_034499_2155/ESP_034499_2155_RED_C_01_ORTHO.JP2,1
Light-Toned Layered Deposits at Contact between Ladon Valles and Basin,https://www.uahirise.org/PDS/DTM/ESP/ORB_032800_032899/ESP_032864_1595_ESP_032930_1595/DTEEC_032864_1595_032930_1595_A01.IMG,https://www.uahirise.org/PDS/DTM/ESP/ORB_032800_032899/ESP_032864_1595_ESP_032930_1595/ESP_032864_1595_RED_C_01_ORTHO.JP2,https://www.uahirise.org/PDS/DTM/ESP/ORB_032800_032899/ESP_032864_1595_ESP_032930_1595/ESP_032930_1595_RED_C_01_ORTHO.JP2,1
Monitor Slopes in Coprates Chasma,https://www.uahirise.org/PDS/DTM/ESP/ORB_030400_030499/ESP_030426_1685_ESP_030281_1685/DTEEC_030426_1685_030281_1685_A01.IMG,https://www.uahirise.org/PDS/DTM/ESP/ORB_030400_030499/ESP_030426_1685_ESP_030281_1685/ESP_030426_1685_RED_C_01_ORTHO.JP2,https://www.uahirise.org/PDS/DTM/ESP/ORB_030400_030499/ESP_030426_1685_ESP_030281_1685/ESP_030281_1685_RED_C_01_ORTHO.JP2,1.01
Exposure of North Polar Layered Deposits,https://www.uahirise.org/PDS/DTM/PSP/ORB_009900_009999/PSP_009980_2660_PSP_009967_2660/DTEPC_009980_2660_009967_2660_A01.IMG,https://www.uahirise.org/PDS/DTM/PSP/ORB_009900_009999/PSP_009980_2660_PSP_009967_2660/PSP_009980_2660_RED_C_01_ORTHO.JP2,https://www.uahirise.org/PDS/DTM/PSP/ORB_009900_009999/PSP_009980_2660_PSP_009967_2660/PSP_009967_2660_RED_C_01_ORTHO.JP2,1
Exposure of North Polar Layered Deposits,https://www.uahirise.org/PDS/DTM/ESP/ORB_036100_036199/ESP_036132_2665_ESP_035777_2665/DTEPC_036132_2665_035777_2665_A01.IMG,https://www.uahirise.org/PDS/DTM/ESP/ORB_036100_036199/ESP_036132_2665_ESP_035777_2665/ESP_036132_2665_RED_C_01_ORTHO.JP2,https://www.uahirise.org/PDS/DTM/ESP/ORB_036100_036199/ESP_036132_2665_ESP_035777_2665/ESP_035777_2665_RED_C_01_ORTHO.JP2,1
Exposure of North Polar Layered Deposits,https://www.uahirise.org/PDS/DTM/ESP/ORB_036000_036099/ESP_036013_2660_ESP_035605_2660/DTEPC_036013_2660_035605_2660_A01.IMG,https://www.uahirise.org/PDS/DTM/ESP/ORB_036000_036099/ESP_036013_2660_ESP_035605_2660/ESP_036013_2660_RED_C_01_ORTHO.JP2,https://www.uahirise.org/PDS/DTM/ESP/ORB_036000_036099/ESP_036013_2660_ESP_035605_2660/ESP_035605_2660_RED_C_01_ORTHO.JP2,1
Exposure of North Polar Layered Deposits,https://www.uahirise.org/PDS/DTM/ESP/ORB_035800_035899/ESP_035869_2660_ESP_035949_2660/DTEPC_035869_2660_035949_2660_A01.IMG,https://www.uahirise.org/PDS/DTM/ESP/ORB_035800_035899/ESP_035869_2660_ESP_035949_2660/ESP_035869_2660_RED_A_01_ORTHO.JP2,https://www.uahirise.org/PDS/DTM/ESP/ORB_035800_035899/ESP_035869_2660_ESP_035949_2660/ESP_035949_2660_RED_C_01_ORTHO.JP2,1
North Polar Layered Deposits Exposure,https://www.uahirise.org/PDS/DTM/ESP/ORB_035600_035699/ESP_035628_2660_ESP_035919_2660/DTEPC_035628_2660_035919_2660_A01.IMG,https://www.uahirise.org/PDS/DTM/ESP/ORB_035600_035699/ESP_035628_2660_ESP_035919_2660/ESP_035628_2660_RED_C_01_ORTHO.JP2,https://www.uahirise.org/PDS/DTM/ESP/ORB_035600_035699/ESP_035628_2660_ESP_035919_2660/ESP_035919_2660_RED_C_01_ORTHO.JP2,1
North Polar Layered Deposit Exposure,https://www.uahirise.org/PDS/DTM/ESP/ORB_035500_035599/ESP_035572_2665_ESP_036008_2665/DTEPD_035572_2665_036008_2665_A01.IMG,https://www.uahirise.org/PDS/DTM/ESP/ORB_035500_035599/ESP_035572_2665_ESP_036008_2665/ESP_035572_2665_RED_D_01_ORTHO.JP2,https://www.uahirise.org/PDS/DTM/ESP/ORB_035500_035599/ESP_035572_2665_ESP_036008_2665/ESP_036008_2665_RED_D_01_ORTHO.JP2,2
High-Latitude Exposure of North Polar Layered Deposits,https://www.uahirise.org/PDS/DTM/ESP/ORB_027000_027099/ESP_027034_2680_ESP_027246_2680/DTEPC_027034_2680_027246_2680_A01.IMG,https://www.uahirise.org/PDS/DTM/ESP/ORB_027000_027099/ESP_027034_2680_ESP_027246_2680/DTEPC_027034_2680_027246_2680_A01.IMG,https://www.uahirise.org/PDS/DTM/ESP/ORB_027000_027099/ESP_027034_2680_ESP_027246_2680/ESP_027246_2680_RED_C_01_ORTHO.JP2,1
Layering in North Polar Layered Deposits (Lower Correlated Sequence),https://www.uahirise.org/PDS/DTM/PSP/ORB_001600_001699/PSP_001652_2640_PSP_001640_2640/DTEPC_001652_2640_001640_2640_A01.IMG,https://www.uahirise.org/PDS/DTM/PSP/ORB_001600_001699/PSP_001652_2640_PSP_001640_2640/PSP_001652_2640_RED_C_01_ORTHO.JP2,https://www.uahirise.org/PDS/DTM/PSP/ORB_001600_001699/PSP_001652_2640_PSP_001640_2640/PSP_001640_2640_RED_C_01_ORTHO.JP2,1
Monitor Slopes on Ridge in Coprates Chasma,https://www.uahirise.org/PDS/DTM/ESP/ORB_034100_034199/ESP_034197_1670_ESP_033485_1670/DTEEC_034197_1670_033485_1670_A01.IMG,https://www.uahirise.org/PDS/DTM/ESP/ORB_034100_034199/ESP_034197_1670_ESP_033485_1670/ESP_034197_1670_RED_C_01_ORTHO.JP2,https://www.uahirise.org/PDS/DTM/ESP/ORB_034100_034199/ESP_034197_1670_ESP_033485_1670/ESP_033485_1670_RED_C_01_ORTHO.JP2,1.01
Possible Terraced Crater in Arcadia Planitia,https://www.uahirise.org/PDS/DTM/ESP/ORB_035900_035999/ESP_035914_2280_ESP_035624_2280/DTEEC_035914_2280_035624_2280_A01.IMG,https://www.uahirise.org/PDS/DTM/ESP/ORB_035900_035999/ESP_035914_2280_ESP_035624_2280/ESP_035914_2280_RED_C_01_ORTHO.JP2,https://www.uahirise.org/PDS/DTM/ESP/ORB_035900_035999/ESP_035914_2280_ESP_035624_2280/ESP_035624_2280_RED_C_01_ORTHO.JP2,0.99
Possible Terraced Bullseye-Like Crater in Arcadia Planitia,https://www.uahirise.org/PDS/DTM/ESP/ORB_035600_035699/ESP_035690_2240_ESP_035189_2240/DTEEC_035690_2240_035189_2240_A01.IMG,https://www.uahirise.org/PDS/DTM/ESP/ORB_035600_035699/ESP_035690_2240_ESP_035189_2240/ESP_035690_2240_RED_C_01_ORTHO.JP2,https://www.uahirise.org/PDS/DTM/ESP/ORB_035600_035699/ESP_035690_2240_ESP_035189_2240/ESP_035189_2240_RED_C_01_ORTHO.JP2,1
Central Structure of a Large Impact Crater,https://www.uahirise.org/PDS/DTM/ESP/ORB_021400_021499/ESP_021494_1610_ESP_013134_1610/DTEED_021494_1610_013134_1610_A01.IMG,https://www.uahirise.org/PDS/DTM/ESP/ORB_021400_021499/ESP_021494_1610_ESP_013134_1610/ESP_021494_1610_RED_D_01_ORTHO.JP2,https://www.uahirise.org/PDS/DTM/ESP/ORB_021400_021499/ESP_021494_1610_ESP_013134_1610/ESP_013134_1610_RED_D_01_ORTHO.JP2,2.01
Well-Exposed Fractured Bedrock in Central Uplift of Crater,https://www.uahirise.org/PDS/DTM/ESP/ORB_021600_021699/ESP_021639_1610_ESP_020782_1610/DTEEC_021639_1610_020782_1610_A01.IMG,https://www.uahirise.org/PDS/DTM/ESP/ORB_021600_021699/ESP_021639_1610_ESP_020782_1610/ESP_021639_1610_RED_C_01_ORTHO.JP2,https://www.uahirise.org/PDS/DTM/ESP/ORB_021600_021699/ESP_021639_1610_ESP_020782_1610/ESP_020782_1610_RED_C_01_ORTHO.JP2,1
Central Uplift of A Northern Plains Impact Crater,https://www.uahirise.org/PDS/DTM/ESP/ORB_024900_024999/ESP_024969_2315_ESP_017453_2315/DTEEC_024969_2315_017453_2315_A01.IMG,https://www.uahirise.org/PDS/DTM/ESP/ORB_024900_024999/ESP_024969_2315_ESP_017453_2315/ESP_024969_2315_RED_C_01_ORTHO.JP2,https://www.uahirise.org/PDS/DTM/ESP/ORB_024900_024999/ESP_024969_2315_ESP_017453_2315/ESP_017453_2315_RED_C_01_ORTHO.JP2,0.99
Light-Tone Material Crater Wall in CTX Image G02_019002_1586_XN_21S300W,https://www.uahirise.org/PDS/DTM/ESP/ORB_026800_026899/ESP_026861_1555_ESP_027349_1555/DTEEC_026861_1555_027349_1555_A01.IMG,https://www.uahirise.org/PDS/DTM/ESP/ORB_026800_026899/ESP_026861_1555_ESP_027349_1555/ESP_026861_1555_RED_C_01_ORTHO.JP2,https://www.uahirise.org/PDS/DTM/ESP/ORB_026800_026899/ESP_026861_1555_ESP_027349_1555/ESP_027349_1555_RED_C_01_ORTHO.JP2,1
Rayed Crater in Arcadia Region in Themis V35985012,https://www.uahirise.org/PDS/DTM/ESP/ORB_019500_019599/ESP_019590_2265_ESP_020078_2265/DTEEC_019590_2265_020078_2265_A01.IMG,https://www.uahirise.org/PDS/DTM/ESP/ORB_019500_019599/ESP_019590_2265_ESP_020078_2265/ESP_019590_2265_RED_C_01_ORTHO.JP2,https://www.uahirise.org/PDS/DTM/ESP/ORB_019500_019599/ESP_019590_2265_ESP_020078_2265/ESP_020078_2265_RED_C_01_ORTHO.JP2,0.99
Central Structure of Verlaine Crater,https://www.uahirise.org/PDS/DTM/ESP/ORB_013200_013299/ESP_013213_1705_ESP_013635_1705/DTEED_013213_1705_013635_1705_A01.IMG,https://www.uahirise.org/PDS/DTM/ESP/ORB_013200_013299/ESP_013213_1705_ESP_013635_1705/ESP_013213_1705_RED_D_01_ORTHO.JP2,https://www.uahirise.org/PDS/DTM/ESP/ORB_013200_013299/ESP_013213_1705_ESP_013635_1705/ESP_013635_1705_RED_D_01_ORTHO.JP2,2.02
Varied Crater Morphologies,https://www.uahirise.org/PDS/DTM/ESP/ORB_025400_025499/ESP_025470_2325_ESP_025391_2325/DTEEC_025470_2325_025391_2325_A01.IMG,https://www.uahirise.org/PDS/DTM/ESP/ORB_025400_025499/ESP_025470_2325_ESP_025391_2325/ESP_025470_2325_RED_C_01_ORTHO.JP2,https://www.uahirise.org/PDS/DTM/ESP/ORB_025400_025499/ESP_025470_2325_ESP_025391_2325/ESP_025391_2325_RED_C_01_ORTHO.JP2,0.99
Phyllosilicate Deposits of Possible Hydrothermal Origins in Exhumed Terrain,https://www.uahirise.org/PDS/DTM/ESP/ORB_027200_027299/ESP_027270_1530_ESP_027758_1530/DTEEC_027270_1530_027758_1530_A01.IMG,https://www.uahirise.org/PDS/DTM/ESP/ORB_027200_027299/ESP_027270_1530_ESP_027758_1530/ESP_027270_1530_RED_C_01_ORTHO.JP2,https://www.uahirise.org/PDS/DTM/ESP/ORB_027200_027299/ESP_027270_1530_ESP_027758_1530/ESP_027758_1530_RED_C_01_ORTHO.JP2,1
Possible Sulfates in Coprates Chasma,https://www.uahirise.org/PDS/DTM/PSP/ORB_007200_007299/PSP_007205_1660_ESP_024505_1660/DTEEC_007205_1660_024505_1660_A01.IMG,https://www.uahirise.org/PDS/DTM/PSP/ORB_007200_007299/PSP_007205_1660_ESP_024505_1660/PSP_007205_1660_RED_C_01_ORTHO.JP2,https://www.uahirise.org/PDS/DTM/PSP/ORB_007200_007299/PSP_007205_1660_ESP_024505_1660/ESP_024505_1660_RED_C_01_ORTHO.JP2,1.01
Victoria Crater,https://www.uahirise.org/PDS/DTM/ESP/ORB_021700_021799/ESP_021747_1780_ESP_022380_1780/DTEEC_021747_1780_022380_1780_U01.IMG,https://www.uahirise.org/PDS/DTM/ESP/ORB_021700_021799/ESP_021747_1780_ESP_022380_1780/ESP_021747_1780_RED_C_01_ORTHO.JP2,https://www.uahirise.org/PDS/DTM/ESP/ORB_021700_021799/ESP_021747_1780_ESP_022380_1780/ESP_022380_1780_RED_C_01_ORTHO.JP2,1.01
Terraced Crater,https://www.uahirise.org/PDS/DTM/ESP/ORB_035000_035099/ESP_035057_2335_ESP_034767_2335/DTEEC_035057_2335_034767_2335_A01.IMG,https://www.uahirise.org/PDS/DTM/ESP/ORB_035000_035099/ESP_035057_2335_ESP_034767_2335/ESP_035057_2335_RED_C_01_ORTHO.JP2,https://www.uahirise.org/PDS/DTM/ESP/ORB_035000_035099/ESP_035057_2335_ESP_034767_2335/ESP_034767_2335_RED_C_01_ORTHO.JP2,0.99
Low Albedo Slopes along Coprates Chasma Ridge,https://www.uahirise.org/PDS/DTM/ESP/ORB_034600_034699/ESP_034619_1670_ESP_034830_1670/DTEEC_034619_1670_034830_1670_A01.IMG,https://www.uahirise.org/PDS/DTM/ESP/ORB_034600_034699/ESP_034619_1670_ESP_034830_1670/ESP_034619_1670_RED_C_01_ORTHO.JP2,https://www.uahirise.org/PDS/DTM/ESP/ORB_034600_034699/ESP_034619_1670_ESP_034830_1670/ESP_034830_1670_RED_C_01_ORTHO.JP2,1.01
Compositional Diversity in Northern Hellas Region,https://www.uahirise.org/PDS/DTM/ESP/ORB_029800_029899/ESP_029815_1530_ESP_030092_1530/DTEED_029815_1530_030092_1530_A01.IMG,https://www.uahirise.org/PDS/DTM/ESP/ORB_029800_029899/ESP_029815_1530_ESP_030092_1530/ESP_029815_1530_RED_D_01_ORTHO.JP2,https://www.uahirise.org/PDS/DTM/ESP/ORB_029800_029899/ESP_029815_1530_ESP_030092_1530/ESP_030092_1530_RED_D_01_ORTHO.JP2,2.01
Possible Future Landing Site in Mawrth Vallis,https://www.uahirise.org/PDS/DTM/ESP/ORB_028000_028099/ESP_028011_2055_ESP_028288_2055/DTEEC_028011_2055_028288_2055_A01.IMG,https://www.uahirise.org/PDS/DTM/ESP/ORB_028000_028099/ESP_028011_2055_ESP_028288_2055/ESP_028011_2055_RED_C_01_ORTHO.JP2,https://www.uahirise.org/PDS/DTM/ESP/ORB_028000_028099/ESP_028011_2055_ESP_028288_2055/ESP_028288_2055_RED_C_01_ORTHO.JP2,1
Slopes South of Large Crater in Coprates Chasma,https://www.uahirise.org/PDS/DTM/ESP/ORB_032200_032299/ESP_032206_1675_ESP_031850_1675/DTEEC_032206_1675_031850_1675_A01.IMG,https://www.uahirise.org/PDS/DTM/ESP/ORB_032200_032299/ESP_032206_1675_ESP_031850_1675/ESP_032206_1675_RED_C_01_ORTHO.JP2,https://www.uahirise.org/PDS/DTM/ESP/ORB_032200_032299/ESP_032206_1675_ESP_031850_1675/ESP_031850_1675_RED_C_01_ORTHO.JP2,1.01
Unnamed Well-Preserved Crater South of Hypanis Valles,https://www.uahirise.org/PDS/DTM/PSP/ORB_010100_010199/PSP_010105_1890_PSP_009393_1890/DTEEC_010105_1890_009393_1890_A01.IMG,https://www.uahirise.org/PDS/DTM/PSP/ORB_010100_010199/PSP_010105_1890_PSP_009393_1890/PSP_010105_1890_RED_C_01_ORTHO.JP2,https://www.uahirise.org/PDS/DTM/PSP/ORB_010100_010199/PSP_010105_1890_PSP_009393_1890/PSP_009393_1890_RED_C_01_ORTHO.JP2,1.01
Bright Dunes in Syria Planum,https://www.uahirise.org/PDS/DTM/ESP/ORB_032800_032899/ESP_032814_1670_ESP_032880_1670/DTEEC_032814_1670_032880_1670_A01.IMG,https://www.uahirise.org/PDS/DTM/ESP/ORB_032800_032899/ESP_032814_1670_ESP_032880_1670/ESP_032814_1670_RED_C_01_ORTHO.JP2,https://www.uahirise.org/PDS/DTM/ESP/ORB_032800_032899/ESP_032814_1670_ESP_032880_1670/ESP_032880_1670_RED_C_01_ORTHO.JP2,1.01
Reticulate Bedform and Recent Impact Crater,https://www.uahirise.org/PDS/DTM/ESP/ORB_025100_025199/ESP_025152_1945_ESP_025007_1945/DTEEC_025152_1945_025007_1945_A01.IMG,https://www.uahirise.org/PDS/DTM/ESP/ORB_025100_025199/ESP_025152_1945_ESP_025007_1945/ESP_025152_1945_RED_C_01_ORTHO.JP2,https://www.uahirise.org/PDS/DTM/ESP/ORB_025100_025199/ESP_025152_1945_ESP_025007_1945/ESP_025007_1945_RED_C_01_ORTHO.JP2,1.01
Stratigraphy of Kasimov Crater Fill,https://www.uahirise.org/PDS/DTM/ESP/ORB_023100_023199/ESP_023119_1550_ESP_022473_1550/DTEEC_023119_1550_022473_1550_A01.IMG,https://www.uahirise.org/PDS/DTM/ESP/ORB_023100_023199/ESP_023119_1550_ESP_022473_1550/ESP_023119_1550_RED_C_01_ORTHO.JP2,https://www.uahirise.org/PDS/DTM/ESP/ORB_023100_023199/ESP_023119_1550_ESP_022473_1550/ESP_022473_1550_RED_C_01_ORTHO.JP2,1
Bedrock Exposure in Landslide Scarp,https://www.uahirise.org/PDS/DTM/ESP/ORB_020800_020899/ESP_020879_1670_ESP_021657_1670/DTEED_020879_1670_021657_1670_A01.IMG,https://www.uahirise.org/PDS/DTM/ESP/ORB_020800_020899/ESP_020879_1670_ESP_021657_1670/ESP_020879_1670_RED_D_01_ORTHO.JP2,https://www.uahirise.org/PDS/DTM/ESP/ORB_020800_020899/ESP_020879_1670_ESP_021657_1670/ESP_021657_1670_RED_D_01_ORTHO.JP2,2.02
Possible Terraced Bullseye-Like Crater in Arcadia Planitia,https://www.uahirise.org/PDS/DTM/ESP/ORB_034000_034099/ESP_034095_2285_ESP_033805_2285/DTEEC_034095_2285_033805_2285_A01.IMG,https://www.uahirise.org/PDS/DTM/ESP/ORB_034000_034099/ESP_034095_2285_ESP_033805_2285/ESP_034095_2285_RED_C_01_ORTHO.JP2,https://www.uahirise.org/PDS/DTM/ESP/ORB_034000_034099/ESP_034095_2285_ESP_033805_2285/ESP_033805_2285_RED_C_01_ORTHO.JP2,0.99
Possible Terraced Bullseye-Like Crater in Arcadia Planitia,https://www.uahirise.org/PDS/DTM/ESP/ORB_034000_034099/ESP_034082_2260_ESP_033014_2260/DTEEC_034082_2260_033014_2260_A01.IMG,https://www.uahirise.org/PDS/DTM/ESP/ORB_034000_034099/ESP_034082_2260_ESP_033014_2260/ESP_034082_2260_RED_C_01_ORTHO.JP2,https://www.uahirise.org/PDS/DTM/ESP/ORB_034000_034099/ESP_034082_2260_ESP_033014_2260/ESP_033014_2260_RED_C_01_ORTHO.JP2,0.99
Large Dated Impact Crater,https://www.uahirise.org/PDS/DTM/ESP/ORB_032800_032899/ESP_032881_1855_ESP_032736_1855/DTEEC_032881_1855_032736_1855_A01.IMG,https://www.uahirise.org/PDS/DTM/ESP/ORB_032800_032899/ESP_032881_1855_ESP_032736_1855/ESP_032881_1855_RED_C_01_ORTHO.JP2,https://www.uahirise.org/PDS/DTM/ESP/ORB_032800_032899/ESP_032881_1855_ESP_032736_1855/ESP_032736_1855_RED_C_01_ORTHO.JP2,1.01
Possible Evaporites Near Fan in Coprates Chasma,https://www.uahirise.org/PDS/DTM/ESP/ORB_030500_030599/ESP_030518_1650_ESP_022949_1650/DTEEC_030518_1650_022949_1650_A01.IMG,https://www.uahirise.org/PDS/DTM/ESP/ORB_030500_030599/ESP_030518_1650_ESP_022949_1650/ESP_030518_1650_RED_C_01_ORTHO.JP2,https://www.uahirise.org/PDS/DTM/ESP/ORB_030500_030599/ESP_030518_1650_ESP_022949_1650/ESP_022949_1650_RED_C_01_ORTHO.JP2,1.01
Landslide Scarp,https://www.uahirise.org/PDS/DTM/PSP/ORB_007700_007799/PSP_007785_1645_PSP_008141_1645/DTEED_007785_1645_008141_1645_A01.IMG,https://www.uahirise.org/PDS/DTM/PSP/ORB_007700_007799/PSP_007785_1645_PSP_008141_1645/PSP_007785_1645_RED_D_01_ORTHO.JP2,https://www.uahirise.org/PDS/DTM/PSP/ORB_007700_007799/PSP_007785_1645_PSP_008141_1645/PSP_008141_1645_RED_D_01_ORTHO.JP2,2.02
Small Knob on South Polar Layered Deposits,https://www.uahirise.org/PDS/DTM/ESP/ORB_032000_032099/ESP_032053_0920_ESP_032276_0920/DTEPD_032053_0920_032276_0920_A01.IMG,https://www.uahirise.org/PDS/DTM/ESP/ORB_032000_032099/ESP_032053_0920_ESP_032276_0920/ESP_032053_0920_RED_D_01_ORTHO.JP2,https://www.uahirise.org/PDS/DTM/ESP/ORB_032000_032099/ESP_032053_0920_ESP_032276_0920/ESP_032276_0920_RED_D_01_ORTHO.JP2,2
Exposed Bedrock in Crater Central Uplift Off Thaumasia Planum,https://www.uahirise.org/PDS/DTM/ESP/ORB_027400_027499/ESP_027485_1610_ESP_026496_1610/DTEED_027485_1610_026496_1610_A01.IMG,https://www.uahirise.org/PDS/DTM/ESP/ORB_027400_027499/ESP_027485_1610_ESP_026496_1610/ESP_027485_1610_RED_D_01_ORTHO.JP2,https://www.uahirise.org/PDS/DTM/ESP/ORB_027400_027499/ESP_027485_1610_ESP_026496_1610/ESP_026496_1610_RED_D_01_ORTHO.JP2,2.01
Fresh Crater on Northern Plains,https://www.uahirise.org/PDS/DTM/ESP/ORB_025300_025399/ESP_025366_2305_ESP_025498_2305/DTEEC_025366_2305_025498_2305_A01.IMG,https://www.uahirise.org/PDS/DTM/ESP/ORB_025300_025399/ESP_025366_2305_ESP_025498_2305/ESP_025366_2305_RED_C_01_ORTHO.JP2,https://www.uahirise.org/PDS/DTM/ESP/ORB_025300_025399/ESP_025366_2305_ESP_025498_2305/ESP_025498_2305_RED_C_01_ORTHO.JP2,0.99
Recurring Slope Lineae in Juventae Chasma,https://www.uahirise.org/PDS/DTM/ESP/ORB_030300_030399/ESP_030373_1755_ESP_030795_1755/DTEEC_030373_1755_030795_1755_A01.IMG,https://www.uahirise.org/PDS/DTM/ESP/ORB_030300_030399/ESP_030373_1755_ESP_030795_1755/ESP_030373_1755_RED_C_01_ORTHO.JP2,https://www.uahirise.org/PDS/DTM/ESP/ORB_030300_030399/ESP_030373_1755_ESP_030795_1755/ESP_030795_1755_RED_C_01_ORTHO.JP2,1.01
Central Structure and Layered Bedrock in 25-Kilometer Diameter Crater,https://www.uahirise.org/PDS/DTM/ESP/ORB_017100_017199/ESP_017147_1535_ESP_017002_1535/DTEED_017147_1535_017002_1535_A01.IMG,https://www.uahirise.org/PDS/DTM/ESP/ORB_017100_017199/ESP_017147_1535_ESP_017002_1535/ESP_017147_1535_RED_D_01_ORTHO.JP2,https://www.uahirise.org/PDS/DTM/ESP/ORB_017100_017199/ESP_017147_1535_ESP_017002_1535/ESP_017002_1535_RED_D_01_ORTHO.JP2,2.01
Central Uplift of a 30-Kilometer Diameter Crater in Noachis Terra,https://www.uahirise.org/PDS/DTM/ESP/ORB_030800_030899/ESP_030808_1535_ESP_031230_1535/DTEED_030808_1535_031230_1535_A01.IMG,https://www.uahirise.org/PDS/DTM/ESP/ORB_030800_030899/ESP_030808_1535_ESP_031230_1535/ESP_030808_1535_RED_D_01_ORTHO.JP2,https://www.uahirise.org/PDS/DTM/ESP/ORB_030800_030899/ESP_030808_1535_ESP_031230_1535/ESP_031230_1535_RED_D_01_ORTHO.JP2,2.01
Cataracts in Kasei Valles,https://www.uahirise.org/PDS/DTM/PSP/ORB_002800_002899/PSP_002814_2055_PSP_003513_2055/DTEEC_002814_2055_003513_2055_U01.IMG,https://www.uahirise.org/PDS/DTM/PSP/ORB_002800_002899/PSP_002814_2055_PSP_003513_2055/PSP_002814_2055_RED_C_01_ORTHO.JP2,https://www.uahirise.org/PDS/DTM/PSP/ORB_002800_002899/PSP_002814_2055_PSP_003513_2055/PSP_003513_2055_RED_C_01_ORTHO.JP2,1
Active Sand Abrasion in the Northern Polar Region of Mars,https://www.uahirise.org/PDS/DTM/ESP/ORB_026800_026899/ESP_026839_2550_ESP_027248_2550/DTEPC_026839_2550_027248_2550_U01.IMG,https://www.uahirise.org/PDS/DTM/ESP/ORB_026800_026899/ESP_026839_2550_ESP_027248_2550/ESP_026839_2550_RED_C_01_ORTHO.JP2,https://www.uahirise.org/PDS/DTM/ESP/ORB_026800_026899/ESP_026839_2550_ESP_027248_2550/ESP_027248_2550_RED_C_01_ORTHO.JP2,0.98
Layered Deposits in Crater in Arabia Terra,https://www.uahirise.org/PDS/DTM/PSP/ORB_008500_008599/PSP_008520_2085_PSP_009232_2085/DTEEC_008520_2085_009232_2085_A01.IMG,https://www.uahirise.org/PDS/DTM/PSP/ORB_008500_008599/PSP_008520_2085_PSP_009232_2085/PSP_008520_2085_RED_C_01_ORTHO.JP2,https://www.uahirise.org/PDS/DTM/PSP/ORB_008500_008599/PSP_008520_2085_PSP_009232_2085/PSP_009232_2085_RED_C_01_ORTHO.JP2,1
Circular Feature and Cone Cluster in Platy Lavas in Cerberus Palus,https://www.uahirise.org/PDS/DTM/ESP/ORB_027300_027399/ESP_027372_1850_ESP_027649_1850/DTEEC_027372_1850_027649_1850_A01.IMG,https://www.uahirise.org/PDS/DTM/ESP/ORB_027300_027399/ESP_027372_1850_ESP_027649_1850/ESP_027372_1850_RED_C_01_ORTHO.JP2,https://www.uahirise.org/PDS/DTM/ESP/ORB_027300_027399/ESP_027372_1850_ESP_027649_1850/ESP_027649_1850_RED_C_01_ORTHO.JP2,1.01
North-Central Endeavour Crater,https://www.uahirise.org/PDS/DTM/ESP/ORB_028800_028899/ESP_028815_1780_ESP_028670_1780/DTEEC_028815_1780_028670_1780_A01.IMG,https://www.uahirise.org/PDS/DTM/ESP/ORB_042600_042699/ESP_042674_1775_ESP_042740_1775/ESP_028815_1780_RED_C_01_ORTHO.JP2,https://www.uahirise.org/PDS/DTM/ESP/ORB_028800_028899/ESP_028815_1780_ESP_028670_1780/ESP_028670_1780_RED_C_01_ORTHO.JP2,1.01
Gullies on Hills in Center of Hale Crater,https://www.uahirise.org/PDS/DTM/ESP/ORB_030700_030799/ESP_030715_1440_ESP_030570_1440/DTEEC_030715_1440_030570_1440_A01.IMG,https://www.uahirise.org/PDS/DTM/ESP/ORB_030700_030799/ESP_030715_1440_ESP_030570_1440/ESP_030715_1440_RED_C_01_ORTHO.JP2,https://www.uahirise.org/PDS/DTM/ESP/ORB_030700_030799/ESP_030715_1440_ESP_030570_1440/ESP_030570_1440_RED_C_01_ORTHO.JP2,1
Gullies in Hale Crater Central Peak,https://www.uahirise.org/PDS/DTM/ESP/ORB_012200_012299/ESP_012241_1440_ESP_012663_1440/DTEEC_012241_1440_012663_1440_A01.IMG,https://www.uahirise.org/PDS/DTM/ESP/ORB_012200_012299/ESP_012241_1440_ESP_012663_1440/ESP_012241_1440_RED_C_01_ORTHO.JP2,https://www.uahirise.org/PDS/DTM/ESP/ORB_012200_012299/ESP_012241_1440_ESP_012663_1440/ESP_012663_1440_RED_C_01_ORTHO.JP2,1
Light-Toned Material along Coprates Chasma Wallrock,https://www.uahirise.org/PDS/DTM/ESP/ORB_025400_025499/ESP_025441_1650_ESP_027973_1650/DTEEC_025441_1650_027973_1650_A01.IMG,https://www.uahirise.org/PDS/DTM/ESP/ORB_025400_025499/ESP_025441_1650_ESP_027973_1650/ESP_025441_1650_RED_C_01_ORTHO.JP2,https://www.uahirise.org/PDS/DTM/ESP/ORB_025400_025499/ESP_025441_1650_ESP_027973_1650/ESP_027973_1650_RED_C_01_ORTHO.JP2,1.01
Banded Terrain in Hellas Planitia,https://www.uahirise.org/PDS/DTM/ESP/ORB_026300_026399/ESP_026360_1415_ESP_026426_1415/DTEED_026360_1415_026426_1415_A01.IMG,https://www.uahirise.org/PDS/DTM/ESP/ORB_026300_026399/ESP_026360_1415_ESP_026426_1415/ESP_026360_1415_RED_D_01_ORTHO.JP2,https://www.uahirise.org/PDS/DTM/ESP/ORB_026300_026399/ESP_026360_1415_ESP_026426_1415/ESP_026426_1415_RED_D_01_ORTHO.JP2,2
Lobate Debris Apron with Ridge-Like Structures in Tempe Terra,https://www.uahirise.org/PDS/DTM/PSP/ORB_009000_009099/PSP_009064_2315_PSP_009341_2315/DTEED_009064_2315_009341_2315_A01.IMG,https://www.uahirise.org/PDS/DTM/PSP/ORB_009000_009099/PSP_009064_2315_PSP_009341_2315/PSP_009064_2315_RED_D_01_ORTHO.JP2,https://www.uahirise.org/PDS/DTM/PSP/ORB_009000_009099/PSP_009064_2315_PSP_009341_2315/PSP_009341_2315_RED_D_01_ORTHO.JP2,1.99
Bull's-Eye Impact Crater,https://www.uahirise.org/PDS/DTM/ESP/ORB_018500_018599/ESP_018522_2270_ESP_019010_2270/DTEEC_018522_2270_019010_2270_A01.IMG,https://www.uahirise.org/PDS/DTM/ESP/ORB_018500_018599/ESP_018522_2270_ESP_019010_2270/ESP_018522_2270_RED_C_01_ORTHO.JP2,https://www.uahirise.org/PDS/DTM/ESP/ORB_018500_018599/ESP_018522_2270_ESP_019010_2270/ESP_019010_2270_RED_C_01_ORTHO.JP2,0.99
Valleys in Tyrrhena Terra,https://www.uahirise.org/PDS/DTM/ESP/ORB_031800_031899/ESP_031817_1410_ESP_031751_1410/DTEEC_031817_1410_031751_1410_A01.IMG,https://www.uahirise.org/PDS/DTM/ESP/ORB_031800_031899/ESP_031817_1410_ESP_031751_1410/ESP_031817_1410_RED_C_01_ORTHO.JP2,https://www.uahirise.org/PDS/DTM/ESP/ORB_031800_031899/ESP_031817_1410_ESP_031751_1410/ESP_031751_1410_RED_C_01_ORTHO.JP2,1
Light-Toned Layered Rock Exposure in Holden Crater Secondary Crater,https://www.uahirise.org/PDS/DTM/ESP/ORB_029500_029599/ESP_029515_1590_ESP_030293_1590/DTEEC_029515_1590_030293_1590_A01.IMG,https://www.uahirise.org/PDS/DTM/ESP/ORB_029500_029599/ESP_029515_1590_ESP_030293_1590/ESP_029515_1590_RED_C_01_ORTHO.JP2,https://www.uahirise.org/PDS/DTM/ESP/ORB_029500_029599/ESP_029515_1590_ESP_030293_1590/ESP_030293_1590_RED_C_01_ORTHO.JP2,1
Junction of Three Polar Troughs,https://www.uahirise.org/PDS/DTM/PSP/ORB_010000_010099/PSP_010030_2670_PSP_010532_2670/DTEPC_010030_2670_010532_2670_A01.IMG,https://www.uahirise.org/PDS/DTM/PSP/ORB_010000_010099/PSP_010030_2670_PSP_010532_2670/PSP_010030_2670_RED_C_01_ORTHO.JP2,https://www.uahirise.org/PDS/DTM/PSP/ORB_010000_010099/PSP_010030_2670_PSP_010532_2670/PSP_010532_2670_RED_C_01_ORTHO.JP2,1
Monitoring Slopes in Coprates Chasma,https://www.uahirise.org/PDS/DTM/ESP/ORB_029900_029999/ESP_029938_1660_ESP_030505_1660/DTEEC_029938_1660_030505_1660_A01.IMG,https://www.uahirise.org/PDS/DTM/ESP/ORB_029900_029999/ESP_029938_1660_ESP_030505_1660/ESP_029938_1660_RED_C_01_ORTHO.JP2,https://www.uahirise.org/PDS/DTM/ESP/ORB_029900_029999/ESP_029938_1660_ESP_030505_1660/ESP_030505_1660_RED_C_01_ORTHO.JP2,1.01
Exposures of Layered Bedrock Northwest of Hellas Region,https://www.uahirise.org/PDS/DTM/ESP/ORB_013600_013699/ESP_013688_1540_ESP_012620_1540/DTEEC_013688_1540_012620_1540_A01.IMG,https://www.uahirise.org/PDS/DTM/ESP/ORB_013600_013699/ESP_013688_1540_ESP_012620_1540/ESP_013688_1540_RED_C_01_ORTHO.JP2,https://www.uahirise.org/PDS/DTM/ESP/ORB_013600_013699/ESP_013688_1540_ESP_012620_1540/ESP_012620_1540_RED_C_01_ORTHO.JP2,1
Source Area for Channel Network Near Gigas Sulci,https://www.uahirise.org/PDS/DTM/ESP/ORB_029700_029799/ESP_029716_1980_ESP_029426_1980/DTEED_029716_1980_029426_1980_A01.IMG,https://www.uahirise.org/PDS/DTM/ESP/ORB_029700_029799/ESP_029716_1980_ESP_029426_1980/ESP_029716_1980_RED_D_01_ORTHO.JP2,https://www.uahirise.org/PDS/DTM/ESP/ORB_029700_029799/ESP_029716_1980_ESP_029426_1980/ESP_029426_1980_RED_D_01_ORTHO.JP2,2.01
Fresh Impact Crater Formed between February 2005 and July 2005,https://www.uahirise.org/PDS/DTM/ESP/ORB_012200_012299/ESP_012282_1775_ESP_011425_1775/DTEEC_012282_1775_011425_1775_A01.IMG,https://www.uahirise.org/PDS/DTM/ESP/ORB_012200_012299/ESP_012282_1775_ESP_011425_1775/ESP_012282_1775_RED_C_01_ORTHO.JP2,https://www.uahirise.org/PDS/DTM/ESP/ORB_012200_012299/ESP_012282_1775_ESP_011425_1775/ESP_011425_1775_RED_C_01_ORTHO.JP2,1.01
Impact Crater with Central Pit on Floor of Larger Crater,https://www.uahirise.org/PDS/DTM/ESP/ORB_025200_025299/ESP_025240_1690_ESP_025728_1690/DTEED_025240_1690_025728_1690_A01.IMG,https://www.uahirise.org/PDS/DTM/ESP/ORB_025200_025299/ESP_025240_1690_ESP_025728_1690/ESP_025240_1690_RED_D_01_ORTHO.JP2,https://www.uahirise.org/PDS/DTM/ESP/ORB_025200_025299/ESP_025240_1690_ESP_025728_1690/ESP_025728_1690_RED_D_01_ORTHO.JP2,2.02
Dunes in Herschel Crater,https://www.uahirise.org/PDS/DTM/ESP/ORB_017400_017499/ESP_017417_1655_ESP_016916_1655/DTEEC_017417_1655_016916_1655_A01.IMG,https://www.uahirise.org/PDS/DTM/ESP/ORB_017400_017499/ESP_017417_1655_ESP_016916_1655/ESP_017417_1655_RED_C_01_ORTHO.JP2,https://www.uahirise.org/PDS/DTM/ESP/ORB_017400_017499/ESP_017417_1655_ESP_016916_1655/ESP_016916_1655_RED_C_01_ORTHO.JP2,1.01
Stratigraphy of the North Polar Deposits,https://www.uahirise.org/PDS/DTM/PSP/ORB_010100_010199/PSP_010198_2645_PSP_010014_2645/DTEPC_010198_2645_010014_2645_A01.IMG,https://www.uahirise.org/PDS/DTM/PSP/ORB_010100_010199/PSP_010198_2645_PSP_010014_2645/PSP_010198_2645_RED_C_01_ORTHO.JP2,https://www.uahirise.org/PDS/DTM/PSP/ORB_010100_010199/PSP_010198_2645_PSP_010014_2645/PSP_010014_2645_RED_C_01_ORTHO.JP2,1
North Polar Layered Deposit Trough,https://www.uahirise.org/PDS/DTM/ESP/ORB_019200_019299/ESP_019210_2665_ESP_019158_2665/DTEPC_019210_2665_019158_2665_A01.IMG,https://www.uahirise.org/PDS/DTM/ESP/ORB_019200_019299/ESP_019210_2665_ESP_019158_2665/ESP_019210_2665_RED_C_01_ORTHO.JP2,https://www.uahirise.org/PDS/DTM/ESP/ORB_019200_019299/ESP_019210_2665_ESP_019158_2665/ESP_019158_2665_RED_C_01_ORTHO.JP2,1
Depositional Fan,https://www.uahirise.org/PDS/DTM/PSP/ORB_002300_002399/PSP_002387_1985_PSP_003798_1985/DTEEC_002387_1985_003798_1985_A01.IMG,https://www.uahirise.org/PDS/DTM/PSP/ORB_002300_002399/PSP_002387_1985_PSP_003798_1985/PSP_002387_1985_RED_C_01_ORTHO.JP2,https://www.uahirise.org/PDS/DTM/PSP/ORB_002300_002399/PSP_002387_1985_PSP_003798_1985/PSP_003798_1985_RED_C_01_ORTHO.JP2,1
Pits in Hydrae Chasma,https://www.uahirise.org/PDS/DTM/ESP/ORB_013700_013799/ESP_013745_1730_ESP_013033_1730/DTEEC_013745_1730_013033_1730_A01.IMG,https://www.uahirise.org/PDS/DTM/ESP/ORB_013700_013799/ESP_013745_1730_ESP_013033_1730/ESP_013745_1730_RED_C_01_ORTHO.JP2,https://www.uahirise.org/PDS/DTM/ESP/ORB_013700_013799/ESP_013745_1730_ESP_013033_1730/ESP_013033_1730_RED_C_01_ORTHO.JP2,1.01
Modified Crater on Northern Plains,https://www.uahirise.org/PDS/DTM/ESP/ORB_027000_027099/ESP_027027_2325_ESP_027370_2325/DTEEC_027027_2325_027370_2325_A01.IMG,https://www.uahirise.org/PDS/DTM/ESP/ORB_027000_027099/ESP_027027_2325_ESP_027370_2325/ESP_027027_2325_RED_C_01_ORTHO.JP2,https://www.uahirise.org/PDS/DTM/ESP/ORB_027000_027099/ESP_027027_2325_ESP_027370_2325/ESP_027370_2325_RED_C_01_ORTHO.JP2,0.99
North Polar Gypsum Dune Changes,https://www.uahirise.org/PDS/DTM/ESP/ORB_027700_027799/ESP_027739_2615_ESP_027713_2615/DTEPC_027739_2615_027713_2615_A01.IMG,https://www.uahirise.org/PDS/DTM/ESP/ORB_027700_027799/ESP_027739_2615_ESP_027713_2615/ESP_027739_2615_RED_C_01_ORTHO.JP2,https://www.uahirise.org/PDS/DTM/ESP/ORB_027700_027799/ESP_027739_2615_ESP_027713_2615/ESP_027713_2615_RED_C_01_ORTHO.JP2,1
Light-Toned Material along Coprates Chasma Ridge,https://www.uahirise.org/PDS/DTM/ESP/ORB_025300_025399/ESP_025349_1670_ESP_024993_1670/DTEEC_025349_1670_024993_1670_A01.IMG,https://www.uahirise.org/PDS/DTM/ESP/ORB_025300_025399/ESP_025349_1670_ESP_024993_1670/ESP_025349_1670_RED_C_01_ORTHO.JP2,https://www.uahirise.org/PDS/DTM/ESP/ORB_025300_025399/ESP_025349_1670_ESP_024993_1670/ESP_024993_1670_RED_C_01_ORTHO.JP2,1.01
A Giant Cave on a Giant Volcano,https://www.uahirise.org/PDS/DTM/ESP/ORB_023500_023599/ESP_023531_1840_ESP_023953_1840/DTEEC_023531_1840_023953_1840_A01.IMG,https://www.uahirise.org/PDS/DTM/ESP/ORB_023500_023599/ESP_023531_1840_ESP_023953_1840/ESP_023531_1840_RED_C_01_ORTHO.JP2,https://www.uahirise.org/PDS/DTM/ESP/ORB_023500_023599/ESP_023531_1840_ESP_023953_1840/ESP_023953_1840_RED_C_01_ORTHO.JP2,1.01
Intact Layered Rocks Uplifted in Unnamed Crater Off of Solis Dorsa-DELETE,https://www.uahirise.org/PDS/DTM/ESP/ORB_016800_016899/ESP_016805_1565_ESP_017583_1565/DTEEC_016805_1565_017583_1565_A01.IMG,https://www.uahirise.org/PDS/DTM/ESP/ORB_016800_016899/ESP_016805_1565_ESP_017583_1565/ESP_016805_1565_RED_C_01_ORTHO.JP2,https://www.uahirise.org/PDS/DTM/ESP/ORB_016800_016899/ESP_016805_1565_ESP_017583_1565/ESP_017583_1565_RED_C_01_ORTHO.JP2,1
Well-Preserved 10-Kilometer Diameter Impact Crater,https://www.uahirise.org/PDS/DTM/ESP/ORB_018000_018099/ESP_018046_2375_ESP_017822_2375/DTEED_018046_2375_017822_2375_A01.IMG,https://www.uahirise.org/PDS/DTM/ESP/ORB_018000_018099/ESP_018046_2375_ESP_017822_2375/ESP_018046_2375_RED_D_01_ORTHO.JP2,https://www.uahirise.org/PDS/DTM/ESP/ORB_018000_018099/ESP_018046_2375_ESP_017822_2375/ESP_017822_2375_RED_D_01_ORTHO.JP2,1.99
South Polar Layered Deposits Exposed in Chasma Australe Wall,https://www.uahirise.org/PDS/DTM/ESP/ORB_014300_014399/ESP_014360_0985_ESP_022694_0985/DTEPD_014360_0985_022694_0985_A01.IMG,https://www.uahirise.org/PDS/DTM/ESP/ORB_014300_014399/ESP_014360_0985_ESP_022694_0985/ESP_014360_0985_RED_D_01_ORTHO.JP2,https://www.uahirise.org/PDS/DTM/ESP/ORB_014300_014399/ESP_014360_0985_ESP_022694_0985/ESP_022694_0985_RED_D_01_ORTHO.JP2,2
Fretted Terrain-Like Aprons Near Reull Vallis,https://www.uahirise.org/PDS/DTM/ESP/ORB_013100_013199/ESP_013146_1415_ESP_013001_1415/DTEEC_013146_1415_013001_1415_A01.IMG,https://www.uahirise.org/PDS/DTM/ESP/ORB_013100_013199/ESP_013146_1415_ESP_013001_1415/ESP_013146_1415_RED_C_01_ORTHO.JP2,https://www.uahirise.org/PDS/DTM/ESP/ORB_013100_013199/ESP_013146_1415_ESP_013001_1415/ESP_013146_1415_RED_C_01_ORTHO.JP2,1
Northeast Melas Chasma Dune Fields and Wall Rock,https://www.uahirise.org/PDS/DTM/ESP/ORB_028800_028899/ESP_028857_1700_ESP_028923_1700/DTEEC_028857_1700_028923_1700_A01.IMG,https://www.uahirise.org/PDS/DTM/ESP/ORB_028800_028899/ESP_028857_1700_ESP_028923_1700/ESP_028857_1700_RED_C_01_ORTHO.JP2,https://www.uahirise.org/PDS/DTM/ESP/ORB_028800_028899/ESP_028857_1700_ESP_028923_1700/ESP_028923_1700_RED_C_01_ORTHO.JP2,1.01
Exposure of South Polar Layered Deposit,https://www.uahirise.org/PDS/DTM/PSP/ORB_003400_003499/PSP_003406_0935_PSP_003341_0935/DTEPD_003406_0935_003341_0935_A01.IMG,https://www.uahirise.org/PDS/DTM/PSP/ORB_003400_003499/PSP_003406_0935_PSP_003341_0935/PSP_003406_0935_RED_D_01_ORTHO.JP2,https://www.uahirise.org/PDS/DTM/PSP/ORB_003400_003499/PSP_003406_0935_PSP_003341_0935/PSP_003341_0935_RED_D_01_ORTHO.JP2,2
Very Well-Preserved 9-Kilometer Diameter Impact Crater,https://www.uahirise.org/PDS/DTM/ESP/ORB_016400_016499/ESP_016490_2315_ESP_016780_2315/DTEEC_016490_2315_016780_2315_A01.IMG,https://www.uahirise.org/PDS/DTM/ESP/ORB_016400_016499/ESP_016490_2315_ESP_016780_2315/ESP_016490_2315_RED_C_01_ORTHO.JP2,https://www.uahirise.org/PDS/DTM/ESP/ORB_016400_016499/ESP_016490_2315_ESP_016780_2315/ESP_016780_2315_RED_C_01_ORTHO.JP2,0.99
Gullies,https://www.uahirise.org/PDS/DTM/ESP/ORB_016200_016299/ESP_016213_2315_ESP_016714_2315/DTEEC_016213_2315_016714_2315_A01.IMG,https://www.uahirise.org/PDS/DTM/ESP/ORB_016200_016299/ESP_016213_2315_ESP_016714_2315/ESP_016213_2315_RED_C_01_ORTHO.JP2,https://www.uahirise.org/PDS/DTM/ESP/ORB_016200_016299/ESP_016213_2315_ESP_016714_2315/ESP_016714_2315_RED_C_01_ORTHO.JP2,0.99
Very Well-Preserved 12-Kilometer Diameter Crater,https://www.uahirise.org/PDS/DTM/ESP/ORB_016800_016899/ESP_016846_2320_ESP_016569_2320/DTEEC_016846_2320_016569_2320_A01.IMG,https://www.uahirise.org/PDS/DTM/ESP/ORB_016800_016899/ESP_016846_2320_ESP_016569_2320/ESP_016846_2320_RED_C_01_ORTHO.JP2,https://www.uahirise.org/PDS/DTM/ESP/ORB_016800_016899/ESP_016846_2320_ESP_016569_2320/ESP_016569_2320_RED_C_01_ORTHO.JP2,0.99
Structure of the North Polar Layered Deposits,https://www.uahirise.org/PDS/DTM/PSP/ORB_010000_010099/PSP_010008_2630_PSP_009969_2630/DTEPC_010008_2630_009969_2630_A01.IMG,https://www.uahirise.org/PDS/DTM/PSP/ORB_010000_010099/PSP_010008_2630_PSP_009969_2630/PSP_010008_2630_RED_C_01_ORTHO.JP2,https://www.uahirise.org/PDS/DTM/PSP/ORB_010000_010099/PSP_010008_2630_PSP_009969_2630/PSP_009969_2630_RED_C_01_ORTHO.JP2,1
Dunes in Syrtis Major Region Crater,https://www.uahirise.org/PDS/DTM/ESP/ORB_020100_020199/ESP_020135_2000_ESP_019845_2000/DTEEC_020135_2000_019845_2000_A01.IMG,https://www.uahirise.org/PDS/DTM/ESP/ORB_020100_020199/ESP_020135_2000_ESP_019845_2000/ESP_020135_2000_RED_C_01_ORTHO.JP2,https://www.uahirise.org/PDS/DTM/ESP/ORB_020100_020199/ESP_020135_2000_ESP_019845_2000/ESP_019845_2000_RED_C_01_ORTHO.JP2,1
Knobs Near Arrhenius Region,https://www.uahirise.org/PDS/DTM/PSP/ORB_002400_002499/PSP_002478_1365_PSP_003678_1365/DTEEC_002478_1365_003678_1365_U01.IMG,https://www.uahirise.org/PDS/DTM/PSP/ORB_002400_002499/PSP_002478_1365_PSP_003678_1365/PSP_002478_1365_RED_C_01_ORTHO.JP2,https://www.uahirise.org/PDS/DTM/PSP/ORB_002400_002499/PSP_002478_1365_PSP_003678_1365/PSP_003678_1365_RED_C_01_ORTHO.JP2,1
Recurring Slope Linea Formation in a Well-Preserved Crater,https://www.uahirise.org/PDS/DTM/ESP/ORB_023500_023599/ESP_023586_1425_ESP_024008_1425/DTEEC_023586_1425_024008_1425_A01.IMG,https://www.uahirise.org/PDS/DTM/ESP/ORB_023500_023599/ESP_023586_1425_ESP_024008_1425/ESP_023586_1425_RED_C_01_ORTHO.JP2,https://www.uahirise.org/PDS/DTM/ESP/ORB_023500_023599/ESP_023586_1425_ESP_024008_1425/ESP_024008_1425_RED_C_01_ORTHO.JP2,1
Light-Toned Layering in Coprates Catena Trough,https://www.uahirise.org/PDS/DTM/ESP/ORB_017500_017599/ESP_017569_1645_ESP_016857_1645/DTEEC_017569_1645_016857_1645_A01.IMG,https://www.uahirise.org/PDS/DTM/ESP/ORB_017500_017599/ESP_017569_1645_ESP_016857_1645/ESP_017569_1645_RED_C_01_ORTHO.JP2,https://www.uahirise.org/PDS/DTM/ESP/ORB_017500_017599/ESP_017569_1645_ESP_016857_1645/ESP_016857_1645_RED_C_01_ORTHO.JP2,1.01
Northern Plains Craters,https://www.uahirise.org/PDS/DTM/ESP/ORB_027100_027199/ESP_027158_2305_ESP_026446_2305/DTEEC_027158_2305_026446_2305_A01.IMG,https://www.uahirise.org/PDS/DTM/ESP/ORB_027100_027199/ESP_027158_2305_ESP_026446_2305/ESP_027158_2305_RED_C_01_ORTHO.JP2,https://www.uahirise.org/PDS/DTM/ESP/ORB_027100_027199/ESP_027158_2305_ESP_026446_2305/ESP_026446_2305_RED_C_01_ORTHO.JP2,0.99
Inca City Ice-Free,https://www.uahirise.org/PDS/DTM/ESP/ORB_022600_022699/ESP_022699_0985_ESP_022607_0985/DTEPC_022699_0985_022607_0985_A01.IMG,https://www.uahirise.org/PDS/DTM/ESP/ORB_022600_022699/ESP_022699_0985_ESP_022607_0985/ESP_022699_0985_RED_C_01_ORTHO.JP2,https://www.uahirise.org/PDS/DTM/ESP/ORB_022600_022699/ESP_022699_0985_ESP_022607_0985/ESP_022607_0985_RED_C_01_ORTHO.JP2,1
Crater on Valles Marineris Floor,https://www.uahirise.org/PDS/DTM/ESP/ORB_027800_027899/ESP_027802_1685_ESP_028501_1685/DTEEC_027802_1685_028501_1685_A01.IMG,https://www.uahirise.org/PDS/DTM/ESP/ORB_027800_027899/ESP_027802_1685_ESP_028501_1685/ESP_027802_1685_RED_C_01_ORTHO.JP2,https://www.uahirise.org/PDS/DTM/ESP/ORB_027800_027899/ESP_027802_1685_ESP_028501_1685/ESP_028501_1685_RED_C_01_ORTHO.JP2,1.01
Possible Carbonate-Rich Terrain in Central Stucture of Leighton Crater,https://www.uahirise.org/PDS/DTM/ESP/ORB_020400_020499/ESP_020492_1830_ESP_021481_1830/DTEED_020492_1830_021481_1830_A01.IMG,https://www.uahirise.org/PDS/DTM/ESP/ORB_020400_020499/ESP_020492_1830_ESP_021481_1830/ESP_020492_1830_RED_D_01_ORTHO.JP2,https://www.uahirise.org/PDS/DTM/ESP/ORB_020400_020499/ESP_020492_1830_ESP_021481_1830/ESP_021481_1830_RED_D_01_ORTHO.JP2,2.02
Central Structure of Leighton Crater,https://www.uahirise.org/PDS/DTM/ESP/ORB_025600_025699/ESP_025661_1830_ESP_025806_1830/DTEED_025661_1830_025806_1830_A01.IMG,https://www.uahirise.org/PDS/DTM/ESP/ORB_025600_025699/ESP_025661_1830_ESP_025806_1830/ESP_025661_1830_RED_D_01_ORTHO.JP2,https://www.uahirise.org/PDS/DTM/ESP/ORB_025600_025699/ESP_025661_1830_ESP_025806_1830/ESP_025806_1830_RED_D_01_ORTHO.JP2,2.02
Oudemans Crater Central Uplift,https://www.uahirise.org/PDS/DTM/ESP/ORB_011600_011699/ESP_011676_1700_ESP_028449_1700/DTEEC_011676_1700_028449_1700_A01.IMG,https://www.uahirise.org/PDS/DTM/ESP/ORB_011600_011699/ESP_011676_1700_ESP_028449_1700/ESP_011676_1700_RED_C_01_ORTHO.JP2,https://www.uahirise.org/PDS/DTM/ESP/ORB_011600_011699/ESP_011676_1700_ESP_028449_1700/ESP_028449_1700_RED_C_01_ORTHO.JP2,1.01
South Coprates Chasma Dune Changes,https://www.uahirise.org/PDS/DTM/ESP/ORB_027100_027199/ESP_027182_1660_ESP_026905_1660/DTEEC_027182_1660_026905_1660_A01.IMG,https://www.uahirise.org/PDS/DTM/ESP/ORB_027100_027199/ESP_027182_1660_ESP_026905_1660/ESP_027182_1660_RED_C_01_ORTHO.JP2,https://www.uahirise.org/PDS/DTM/ESP/ORB_027100_027199/ESP_027182_1660_ESP_026905_1660/ESP_026905_1660_RED_C_01_ORTHO.JP2,1.01
Gully Monitoring Site,https://www.uahirise.org/PDS/DTM/ESP/ORB_022100_022199/ESP_022108_1410_ESP_022385_1410/DTEEC_022108_1410_022385_1410_A01.IMG,https://www.uahirise.org/PDS/DTM/ESP/ORB_022100_022199/ESP_022108_1410_ESP_022385_1410/ESP_022108_1410_RED_C_01_ORTHO.JP2,https://www.uahirise.org/PDS/DTM/ESP/ORB_022100_022199/ESP_022108_1410_ESP_022385_1410/ESP_022385_1410_RED_C_01_ORTHO.JP2,1
Well-Preserved 6-Kilometer Diameter Impact Crater,https://www.uahirise.org/PDS/DTM/ESP/ORB_017400_017499/ESP_017413_2300_ESP_017334_2300/DTEED_017413_2300_017334_2300_A01.IMG,https://www.uahirise.org/PDS/DTM/ESP/ORB_017400_017499/ESP_017413_2300_ESP_017334_2300/ESP_017413_2300_RED_D_01_ORTHO.JP2,https://www.uahirise.org/PDS/DTM/ESP/ORB_017400_017499/ESP_017413_2300_ESP_017334_2300/ESP_017334_2300_RED_D_01_ORTHO.JP2,1.99
Small Fresh Crater on Northern Plains,https://www.uahirise.org/PDS/DTM/ESP/ORB_026000_026099/ESP_026076_2320_ESP_026419_2320/DTEEC_026076_2320_026419_2320_A01.IMG,https://www.uahirise.org/PDS/DTM/ESP/ORB_026000_026099/ESP_026076_2320_ESP_026419_2320/ESP_026076_2320_RED_C_01_ORTHO.JP2,https://www.uahirise.org/PDS/DTM/ESP/ORB_026000_026099/ESP_026076_2320_ESP_026419_2320/ESP_026419_2320_RED_C_01_ORTHO.JP2,0.99
Layered Deposits in Impact Crater in Utopia Planitia,https://www.uahirise.org/PDS/DTM/PSP/ORB_007000_007099/PSP_007041_2240_PSP_006606_2240/DTEEC_007041_2240_006606_2240_A01.IMG,https://www.uahirise.org/PDS/DTM/PSP/ORB_007000_007099/PSP_007041_2240_PSP_006606_2240/PSP_007041_2240_RED_C_01_ORTHO.JP2,https://www.uahirise.org/PDS/DTM/PSP/ORB_007000_007099/PSP_007041_2240_PSP_006606_2240/PSP_006606_2240_RED_C_01_ORTHO.JP2,1
Layered Deposits in Impact Crater in Utopia Planitia,https://www.uahirise.org/PDS/DTM/PSP/ORB_002100_002199/PSP_002175_2210_PSP_001410_2210/DTEEC_002175_2210_001410_2210_A01.IMG,https://www.uahirise.org/PDS/DTM/PSP/ORB_002100_002199/PSP_002175_2210_PSP_001410_2210/PSP_002175_2210_RED_C_01_ORTHO.JP2,https://www.uahirise.org/PDS/DTM/PSP/ORB_002100_002199/PSP_002175_2210_PSP_001410_2210/PSP_001410_2210_RED_C_01_ORTHO.JP2,1
Scarp,https://www.uahirise.org/PDS/DTM/ESP/ORB_019000_019099/ESP_019047_2640_ESP_019298_2640/DTEPC_019047_2640_019298_2640_A01.IMG,https://www.uahirise.org/PDS/DTM/ESP/ORB_019000_019099/ESP_019047_2640_ESP_019298_2640/ESP_019047_2640_RED_C_01_ORTHO.JP2,https://www.uahirise.org/PDS/DTM/ESP/ORB_019000_019099/ESP_019047_2640_ESP_019298_2640/ESP_019298_2640_RED_C_01_ORTHO.JP2,1
Fresh 1-Kilometer Impact Crater in Arcadia Planitia,https://www.uahirise.org/PDS/DTM/ESP/ORB_025700_025799/ESP_025735_2185_ESP_025801_2185/DTEEC_025735_2185_025801_2185_A01.IMG,https://www.uahirise.org/PDS/DTM/ESP/ORB_025700_025799/ESP_025735_2185_ESP_025801_2185/ESP_025735_2185_RED_C_01_ORTHO.JP2,https://www.uahirise.org/PDS/DTM/ESP/ORB_025700_025799/ESP_025735_2185_ESP_025801_2185/ESP_025801_2185_RED_C_01_ORTHO.JP2,1
Basal Exposure of South Polar Layered Deposits,https://www.uahirise.org/PDS/DTM/ESP/ORB_013100_013199/ESP_013145_1070_ESP_013277_1070/DTEPD_013145_1070_013277_1070_A01.IMG,https://www.uahirise.org/PDS/DTM/ESP/ORB_013100_013199/ESP_013145_1070_ESP_013277_1070/ESP_013145_1070_RED_D_01_ORTHO.JP2,https://www.uahirise.org/PDS/DTM/ESP/ORB_013100_013199/ESP_013145_1070_ESP_013277_1070/ESP_013277_1070_RED_D_01_ORTHO.JP2,1.97
South Polar Layered Deposits Exposed in Bend in Trough Wall,https://www.uahirise.org/PDS/DTM/ESP/ORB_014000_014099/ESP_014027_0940_ESP_013830_0940/DTEPD_014027_0940_013830_0940_A01.IMG,https://www.uahirise.org/PDS/DTM/ESP/ORB_014000_014099/ESP_014027_0940_ESP_013830_0940/ESP_014027_0940_RED_D_01_ORTHO.JP2,https://www.uahirise.org/PDS/DTM/ESP/ORB_014000_014099/ESP_014027_0940_ESP_013830_0940/ESP_013830_0940_RED_D_01_ORTHO.JP2,2
Light-toned Layers West of Juventae Chasma,https://www.uahirise.org/PDS/DTM/PSP/ORB_009800_009899/PSP_009842_1755_PSP_009130_1755/DTEEC_009842_1755_009130_1755_A01.IMG,https://www.uahirise.org/PDS/DTM/PSP/ORB_009800_009899/PSP_009842_1755_PSP_009130_1755/PSP_009842_1755_RED_C_01_ORTHO.JP2,https://www.uahirise.org/PDS/DTM/PSP/ORB_009800_009899/PSP_009842_1755_PSP_009130_1755/PSP_009130_1755_RED_C_01_ORTHO.JP2,1.01
Fresh-Looking Gullies,https://www.uahirise.org/PDS/DTM/PSP/ORB_002600_002699/PSP_002659_1420_PSP_002514_1420/DTEEC_002659_1420_002514_1420_U01.IMG,https://www.uahirise.org/PDS/DTM/PSP/ORB_002600_002699/PSP_002659_1420_PSP_002514_1420/PSP_002659_1420_RED_C_01_ORTHO.JP2,https://www.uahirise.org/PDS/DTM/PSP/ORB_002600_002699/PSP_002659_1420_PSP_002514_1420/PSP_002514_1420_RED_C_01_ORTHO.JP2,1
Scalloped Depressions in Utopia Planitia,https://www.uahirise.org/PDS/DTM/ESP/ORB_025200_025299/ESP_025277_2275_ESP_025620_2275/DTEEC_025277_2275_025620_2275_U01.IMG,https://www.uahirise.org/PDS/DTM/ESP/ORB_025200_025299/ESP_025277_2275_ESP_025620_2275/ESP_025277_2275_RED_C_01_ORTHO.JP2,https://www.uahirise.org/PDS/DTM/ESP/ORB_025200_025299/ESP_025277_2275_ESP_025620_2275/ESP_025620_2275_RED_C_01_ORTHO.JP2,0.99
Impact Crater with Active Slope Processes,https://www.uahirise.org/PDS/DTM/ESP/ORB_024000_024099/ESP_024099_1415_ESP_023809_1415/DTEEC_024099_1415_023809_1415_U01.IMG,https://www.uahirise.org/PDS/DTM/ESP/ORB_024000_024099/ESP_024099_1415_ESP_023809_1415/ESP_024099_1415_RED_C_01_ORTHO.JP2,https://www.uahirise.org/PDS/DTM/ESP/ORB_024000_024099/ESP_024099_1415_ESP_023809_1415/ESP_023809_1415_RED_C_01_ORTHO.JP2,1
Possible Submarine Fan in Eastern Portion of Small Melas Chasma Basin,https://www.uahirise.org/PDS/DTM/PSP/ORB_007300_007399/PSP_007377_1700_PSP_008379_1700/DTEEC_007377_1700_008379_1700_U01.IMG,https://www.uahirise.org/PDS/DTM/PSP/ORB_007300_007399/PSP_007377_1700_PSP_008379_1700/PSP_007377_1700_RED_C_01_ORTHO.JP2,https://www.uahirise.org/PDS/DTM/PSP/ORB_007300_007399/PSP_007377_1700_PSP_008379_1700/PSP_008379_1700_RED_C_01_ORTHO.JP2,1.01
Viking Lander 1 (Thomas Mutch Memorial Station),https://www.uahirise.org/PDS/DTM/PSP/ORB_001500_001599/PSP_001521_2025_PSP_001719_2025/DTEEC_001521_2025_001719_2025_U01.IMG,https://www.uahirise.org/PDS/DTM/PSP/ORB_001500_001599/PSP_001521_2025_PSP_001719_2025/PSP_001521_2025_RED_C_01_ORTHO.JP2,https://www.uahirise.org/PDS/DTM/PSP/ORB_001500_001599/PSP_001521_2025_PSP_001719_2025/PSP_001719_2025_RED_C_01_ORTHO.JP2,1
Matara Crater Large Dune Gully,https://www.uahirise.org/PDS/DTM/ESP/ORB_022100_022199/ESP_022115_1300_ESP_022392_1300/DTEEC_022115_1300_022392_1300_U01.IMG,https://www.uahirise.org/PDS/DTM/ESP/ORB_022100_022199/ESP_022115_1300_ESP_022392_1300/ESP_022115_1300_RED_C_01_ORTHO.JP2,https://www.uahirise.org/PDS/DTM/ESP/ORB_022100_022199/ESP_022115_1300_ESP_022392_1300/ESP_022392_1300_RED_C_01_ORTHO.JP2,0.99
Intra-Crater Dunes in Iaxartes Tholus,https://www.uahirise.org/PDS/DTM/ESP/ORB_018900_018999/ESP_018938_2520_ESP_018925_2520/DTEPC_018938_2520_018925_2520_U01.IMG,https://www.uahirise.org/PDS/DTM/ESP/ORB_018900_018999/ESP_018938_2520_ESP_018925_2520/ESP_018938_2520_RED_C_01_ORTHO.JP2,https://www.uahirise.org/PDS/DTM/ESP/ORB_018900_018999/ESP_018938_2520_ESP_018925_2520/ESP_018925_2520_RED_C_01_ORTHO.JP2,0.98
Active Dune Gullies in Kaiser Crater,https://www.uahirise.org/PDS/DTM/ESP/ORB_016900_016999/ESP_016907_1330_ESP_016973_1330/DTEED_016907_1330_016973_1330_U01.IMG,https://www.uahirise.org/PDS/DTM/ESP/ORB_016900_016999/ESP_016907_1330_ESP_016973_1330/ESP_016907_1330_RED_D_01_ORTHO.JP2,https://www.uahirise.org/PDS/DTM/ESP/ORB_016900_016999/ESP_016907_1330_ESP_016973_1330/ESP_016973_1330_RED_D_01_ORTHO.JP2,1.99
East Coprates Chasma Dune Fields and Wall Rock,https://www.uahirise.org/PDS/DTM/ESP/ORB_025700_025799/ESP_025731_1655_ESP_025164_1655/DTEEC_025731_1655_025164_1655_U01.IMG,https://www.uahirise.org/PDS/DTM/ESP/ORB_025700_025799/ESP_025731_1655_ESP_025164_1655/ESP_025731_1655_RED_C_01_ORTHO.JP2,https://www.uahirise.org/PDS/DTM/ESP/ORB_025700_025799/ESP_025731_1655_ESP_025164_1655/ESP_025164_1655_RED_C_01_ORTHO.JP2,1.01
Active Dunes in Wirtz Crater,https://www.uahirise.org/PDS/DTM/ESP/ORB_021800_021899/ESP_021893_1315_ESP_021603_1315/DTEEC_021893_1315_021603_1315_A01.IMG,https://www.uahirise.org/PDS/DTM/ESP/ORB_021800_021899/ESP_021893_1315_ESP_021603_1315/ESP_021893_1315_RED_C_01_ORTHO.JP2,https://www.uahirise.org/PDS/DTM/ESP/ORB_021800_021899/ESP_021893_1315_ESP_021603_1315/ESP_021603_1315_RED_C_01_ORTHO.JP2,0.99
Mound on Nili Patera Floor,https://www.uahirise.org/PDS/DTM/ESP/ORB_013500_013599/ESP_013582_1895_ESP_020940_1895/DTEED_013582_1895_020940_1895_A01.IMG,https://www.uahirise.org/PDS/DTM/ESP/ORB_013500_013599/ESP_013582_1895_ESP_020940_1895/ESP_013582_1895_RED_D_01_ORTHO.JP2,https://www.uahirise.org/PDS/DTM/ESP/ORB_013500_013599/ESP_013582_1895_ESP_020940_1895/ESP_020940_1895_RED_D_01_ORTHO.JP2,2.02
Tilted and Layered Bedrock Blocks in a Large Crater inside Becquerel Crater,https://www.uahirise.org/PDS/DTM/ESP/ORB_025700_025799/ESP_025782_2020_ESP_025637_2020/DTEEC_025782_2020_025637_2020_A01.IMG,https://www.uahirise.org/PDS/DTM/ESP/ORB_025700_025799/ESP_025782_2020_ESP_025637_2020/ESP_025782_2020_RED_C_01_ORTHO.JP2,https://www.uahirise.org/PDS/DTM/ESP/ORB_025700_025799/ESP_025782_2020_ESP_025637_2020/ESP_025637_2020_RED_C_01_ORTHO.JP2,1
Central Uplift of Well-Exposed Taytay Crater,https://www.uahirise.org/PDS/DTM/ESP/ORB_012900_012999/ESP_012939_1875_ESP_012794_1875/DTEED_012939_1875_012794_1875_A01.IMG,https://www.uahirise.org/PDS/DTM/ESP/ORB_012900_012999/ESP_012939_1875_ESP_012794_1875/ESP_012939_1875_RED_D_01_ORTHO.JP2,https://www.uahirise.org/PDS/DTM/ESP/ORB_012900_012999/ESP_012939_1875_ESP_012794_1875/ESP_012794_1875_RED_D_01_ORTHO.JP2,2.01
Bullseye Crater of Medusae Fossae Formation Over Platy-Ridged Lava,https://www.uahirise.org/PDS/DTM/PSP/ORB_003500_003599/PSP_003543_1910_PSP_003398_1910/DTEEC_003543_1910_003398_1910_A01.IMG,https://www.uahirise.org/PDS/DTM/PSP/ORB_003500_003599/PSP_003543_1910_PSP_003398_1910/PSP_003543_1910_RED_C_01_ORTHO.JP2,https://www.uahirise.org/PDS/DTM/PSP/ORB_003500_003599/PSP_003543_1910_PSP_003398_1910/PSP_003398_1910_RED_C_01_ORTHO.JP2,1.01
Bedrock Exhumed from the Deep,https://www.uahirise.org/PDS/DTM/ESP/ORB_011500_011599/ESP_011523_1695_ESP_012367_1695/DTEEC_011523_1695_012367_1695_A01.IMG,https://www.uahirise.org/PDS/DTM/ESP/ORB_011500_011599/ESP_011523_1695_ESP_012367_1695/ESP_011523_1695_RED_C_01_ORTHO.JP2,https://www.uahirise.org/PDS/DTM/ESP/ORB_011500_011599/ESP_011523_1695_ESP_012367_1695/ESP_012367_1695_RED_C_01_ORTHO.JP2,1.01
Loose Cluster of Zunil Crater Secondary Craters,https://www.uahirise.org/PDS/DTM/PSP/ORB_004300_004399/PSP_004375_1815_PSP_003874_1815/DTEEC_004375_1815_003874_1815_A01.IMG,https://www.uahirise.org/PDS/DTM/PSP/ORB_004300_004399/PSP_004375_1815_PSP_003874_1815/PSP_004375_1815_RED_C_01_ORTHO.JP2,https://www.uahirise.org/PDS/DTM/PSP/ORB_004300_004399/PSP_004375_1815_PSP_003874_1815/PSP_003874_1815_RED_C_01_ORTHO.JP2,1.01
Well-Exposed Scarp of Noachian Phyllosilicates Along Nili Fossae,https://www.uahirise.org/PDS/DTM/PSP/ORB_007200_007299/PSP_007200_2005_ESP_016153_2005/DTEEC_007200_2005_016153_2005_A01.IMG,https://www.uahirise.org/PDS/DTM/PSP/ORB_007200_007299/PSP_007200_2005_ESP_016153_2005/PSP_007200_2005_RED_C_01_ORTHO.JP2,https://www.uahirise.org/PDS/DTM/PSP/ORB_007200_007299/PSP_007200_2005_ESP_016153_2005/ESP_016153_2005_RED_C_01_ORTHO.JP2,1
Chloride Salt Deposits within a Channel in Terra Sirenum,https://www.uahirise.org/PDS/DTM/PSP/ORB_009300_009399/PSP_009318_1465_ESP_017243_1465/DTEED_009318_1465_017243_1465_A01.IMG,https://www.uahirise.org/PDS/DTM/PSP/ORB_009300_009399/PSP_009318_1465_ESP_017243_1465/PSP_009318_1465_RED_D_01_ORTHO.JP2,https://www.uahirise.org/PDS/DTM/PSP/ORB_009300_009399/PSP_009318_1465_ESP_017243_1465/ESP_017243_1465_RED_D_01_ORTHO.JP2,2
Layering in Galle Crater,https://www.uahirise.org/PDS/DTM/PSP/ORB_003900_003999/PSP_003934_1275_PSP_003855_1275/DTEEC_003934_1275_003855_1275_A01.IMG,https://www.uahirise.org/PDS/DTM/PSP/ORB_003900_003999/PSP_003934_1275_PSP_003855_1275/PSP_003934_1275_RED_C_01_ORTHO.JP2,https://www.uahirise.org/PDS/DTM/PSP/ORB_003900_003999/PSP_003934_1275_PSP_003855_1275/PSP_003855_1275_RED_C_01_ORTHO.JP2,0.99
Central Peak of Elorza Crater,https://www.uahirise.org/PDS/DTM/ESP/ORB_021500_021599/ESP_021551_1710_PSP_005649_1710/DTEEC_021551_1710_005649_1710_A01.IMG,https://www.uahirise.org/PDS/DTM/ESP/ORB_021500_021599/ESP_021551_1710_PSP_005649_1710/ESP_021551_1710_RED_C_01_ORTHO.JP2,https://www.uahirise.org/PDS/DTM/ESP/ORB_021500_021599/ESP_021551_1710_PSP_005649_1710/PSP_005649_1710_RED_C_01_ORTHO.JP2,1.01
Channels South of the Base of Ascraeus Mons,https://www.uahirise.org/PDS/DTM/PSP/ORB_002400_002499/PSP_002486_1860_PSP_001985_1860/DTEEC_002486_1860_001985_1860_U01.IMG,https://www.uahirise.org/PDS/DTM/PSP/ORB_002400_002499/PSP_002486_1860_PSP_001985_1860/PSP_002486_1860_RED_C_01_ORTHO.JP2,https://www.uahirise.org/PDS/DTM/PSP/ORB_002400_002499/PSP_002486_1860_PSP_001985_1860/PSP_001985_1860_RED_C_01_ORTHO.JP2,1.01
Distrubutary Channel South of Ascraeus Mons,https://www.uahirise.org/PDS/DTM/ESP/ORB_011300_011399/ESP_011373_1865_PSP_010872_1865/DTEEC_011373_1865_010872_1865_U01.IMG,https://www.uahirise.org/PDS/DTM/ESP/ORB_011300_011399/ESP_011373_1865_PSP_010872_1865/ESP_011373_1865_RED_C_01_ORTHO.JP2,https://www.uahirise.org/PDS/DTM/ESP/ORB_011300_011399/ESP_011373_1865_PSP_010872_1865/PSP_010872_1865_RED_C_01_ORTHO.JP2,1.01
Possible Fissure Source for Floodwaters,https://www.uahirise.org/PDS/DTM/PSP/ORB_010300_010399/PSP_010361_1955_PSP_006788_1955/DTEEC_010361_1955_006788_1955_U01.IMG,https://www.uahirise.org/PDS/DTM/PSP/ORB_010300_010399/PSP_010361_1955_PSP_006788_1955/PSP_010361_1955_RED_C_01_ORTHO.JP2,https://www.uahirise.org/PDS/DTM/PSP/ORB_010300_010399/PSP_010361_1955_PSP_006788_1955/PSP_006788_1955_RED_C_01_ORTHO.JP2,1.01
Field of Cones in the Tartarus Montes,https://www.uahirise.org/PDS/DTM/PSP/ORB_009600_009699/PSP_009675_2060_PSP_008528_2060/DTEEC_009675_2060_008528_2060_U01.IMG,https://www.uahirise.org/PDS/DTM/PSP/ORB_009600_009699/PSP_009675_2060_PSP_008528_2060/PSP_009675_2060_RED_C_01_ORTHO.JP2,https://www.uahirise.org/PDS/DTM/PSP/ORB_009600_009699/PSP_009675_2060_PSP_008528_2060/PSP_008528_2060_RED_C_01_ORTHO.JP2,1
Cones Among the Tartarus Montes,https://www.uahirise.org/PDS/DTM/PSP/ORB_007600_007699/PSP_007671_2065_PSP_007882_2065/DTEEC_007671_2065_007882_2065_U01.IMG,https://www.uahirise.org/PDS/DTM/PSP/ORB_007600_007699/PSP_007671_2065_PSP_007882_2065/PSP_007671_2065_RED_C_01_ORTHO.JP2,https://www.uahirise.org/PDS/DTM/PSP/ORB_007600_007699/PSP_007671_2065_PSP_007882_2065/PSP_007882_2065_RED_C_01_ORTHO.JP2,1
Landforms in the Tartarus Colles Region,https://www.uahirise.org/PDS/DTM/ESP/ORB_012400_012499/ESP_012444_2065_ESP_014000_2065/DTEEC_012444_2065_014000_2065_U01.IMG,https://www.uahirise.org/PDS/DTM/ESP/ORB_012400_012499/ESP_012444_2065_ESP_014000_2065/ESP_012444_2065_RED_C_01_ORTHO.JP2,https://www.uahirise.org/PDS/DTM/ESP/ORB_012400_012499/ESP_012444_2065_ESP_014000_2065/ESP_014000_2065_RED_C_01_ORTHO.JP2,1
Cones Formed by Hot Lava Running over Water or Ice,https://www.uahirise.org/PDS/DTM/ESP/ORB_018700_018799/ESP_018747_2065_ESP_018457_2065/DTEEC_018747_2065_018457_2065_U01.IMG,https://www.uahirise.org/PDS/DTM/ESP/ORB_018700_018799/ESP_018747_2065_ESP_018457_2065/ESP_018747_2065_RED_C_01_ORTHO.JP2,https://www.uahirise.org/PDS/DTM/ESP/ORB_018700_018799/ESP_018747_2065_ESP_018457_2065/ESP_018457_2065_RED_C_01_ORTHO.JP2,1
Channelized Lava Flow through a Constriction with Well-Preserved Highstands,https://www.uahirise.org/PDS/DTM/ESP/ORB_019200_019299/ESP_019235_2050_ESP_018945_2050/DTEEC_019235_2050_018945_2050_U01.IMG,https://www.uahirise.org/PDS/DTM/ESP/ORB_019200_019299/ESP_019235_2050_ESP_018945_2050/ESP_019235_2050_RED_C_01_ORTHO.JP2,https://www.uahirise.org/PDS/DTM/ESP/ORB_019200_019299/ESP_019235_2050_ESP_018945_2050/ESP_018945_2050_RED_C_01_ORTHO.JP2,1
Banded Terrain in Hellas Region,https://www.uahirise.org/PDS/DTM/ESP/ORB_025400_025499/ESP_025437_1410_ESP_025147_1410/DTEEC_025437_1410_025147_1410_U01.IMG,https://www.uahirise.org/PDS/DTM/ESP/ORB_025400_025499/ESP_025437_1410_ESP_025147_1410/ESP_025437_1410_RED_C_01_ORTHO.JP2,https://www.uahirise.org/PDS/DTM/ESP/ORB_025400_025499/ESP_025437_1410_ESP_025147_1410/ESP_025147_1410_RED_C_01_ORTHO.JP2,1
Flow-Banded Deformed Terrain of Hellas Basin Floor,https://www.uahirise.org/PDS/DTM/PSP/ORB_007400_007499/PSP_007491_1405_PSP_007201_1405/DTEEC_007491_1405_007201_1405_U01.IMG,https://www.uahirise.org/PDS/DTM/PSP/ORB_007400_007499/PSP_007491_1405_PSP_007201_1405/PSP_007491_1405_RED_C_01_ORTHO.JP2,https://www.uahirise.org/PDS/DTM/PSP/ORB_007400_007499/PSP_007491_1405_PSP_007201_1405/PSP_007201_1405_RED_C_01_ORTHO.JP2,1
Complex Banded Terrain on Floor of Hellas Planitia,https://www.uahirise.org/PDS/DTM/PSP/ORB_010500_010599/PSP_010563_1410_PSP_006278_1410/DTEED_010563_1410_006278_1410_U01.IMG,https://www.uahirise.org/PDS/DTM/PSP/ORB_010500_010599/PSP_010563_1410_PSP_006278_1410/PSP_010563_1410_RED_D_01_ORTHO.JP2,https://www.uahirise.org/PDS/DTM/PSP/ORB_010500_010599/PSP_010563_1410_PSP_006278_1410/PSP_006278_1410_RED_D_01_ORTHO.JP2,2
Hellas Planitia,https://www.uahirise.org/PDS/DTM/PSP/ORB_007700_007799/PSP_007781_1410_PSP_008137_1410/DTEEC_007781_1410_008137_1410_U01.IMG,https://www.uahirise.org/PDS/DTM/PSP/ORB_007700_007799/PSP_007781_1410_PSP_008137_1410/PSP_007781_1410_RED_C_01_ORTHO.JP2,https://www.uahirise.org/PDS/DTM/PSP/ORB_007700_007799/PSP_007781_1410_PSP_008137_1410/PSP_008137_1410_RED_C_01_ORTHO.JP2,1
Possible Chloride Salt Deposits Observed in THEMIS,https://www.uahirise.org/PDS/DTM/PSP/ORB_010500_010599/PSP_010597_1470_PSP_007380_1470/DTEEC_010597_1470_007380_1470_U01.IMG,https://www.uahirise.org/PDS/DTM/PSP/ORB_010500_010599/PSP_010597_1470_PSP_007380_1470/PSP_010597_1470_RED_C_01_ORTHO.JP2,https://www.uahirise.org/PDS/DTM/PSP/ORB_010500_010599/PSP_010597_1470_PSP_007380_1470/PSP_007380_1470_RED_C_01_ORTHO.JP2,1
Mawrth Vallis Strata Exposed in Small Crater,https://www.uahirise.org/PDS/DTM/ESP/ORB_022200_022299/ESP_022288_2035_ESP_022354_2035/DTEEC_022288_2035_022354_2035_A01.IMG,https://www.uahirise.org/PDS/DTM/ESP/ORB_022200_022299/ESP_022288_2035_ESP_022354_2035/ESP_022288_2035_IRB_C_01_ORTHO.JP2,https://www.uahirise.org/PDS/DTM/ESP/ORB_022200_022299/ESP_022288_2035_ESP_022354_2035/ESP_022354_2035_RED_C_01_ORTHO.JP2,1
Colorful Rocks in Ritchey Crater,https://www.uahirise.org/PDS/DTM/PSP/ORB_002600_002699/PSP_002682_1510_ESP_011635_1510/DTEEC_002682_1510_011635_1510_A01.IMG,https://www.uahirise.org/PDS/DTM/PSP/ORB_002600_002699/PSP_002682_1510_ESP_011635_1510/ESP_011635_1510_RED_C_01_ORTHO.JP2,https://www.uahirise.org/PDS/DTM/ESP/ORB_011600_011699/ESP_011635_1510_ESP_029542_1510/ESP_029542_1510_RED_C_02_ORTHO.JP2,1
Ritchey Crater Central Uplift,https://www.uahirise.org/PDS/DTM/ESP/ORB_029900_029999/ESP_029964_1510_ESP_029542_1510/DTEED_029964_1510_029542_1510_A01.IMG,https://www.uahirise.org/PDS/DTM/ESP/ORB_029900_029999/ESP_029964_1510_ESP_029542_1510/ESP_029964_1510_RED_D_01_ORTHO.JP2,https://www.uahirise.org/PDS/DTM/ESP/ORB_029900_029999/ESP_029964_1510_ESP_029542_1510/ESP_029542_1510_RED_D_01_ORTHO.JP2,2.01
Central Uplift of Ritchey Crater,https://www.uahirise.org/PDS/DTM/PSP/ORB_002600_002699/PSP_002682_1510_ESP_011635_1510/DTEEC_002682_1510_011635_1510_A01.IMG,https://www.uahirise.org/PDS/DTM/PSP/ORB_002600_002699/PSP_002682_1510_ESP_011635_1510/PSP_002682_1510_RED_C_01_ORTHO.JP2,https://www.uahirise.org/PDS/DTM/PSP/ORB_002600_002699/PSP_002682_1510_ESP_011635_1510/ESP_011635_1510_RED_C_01_ORTHO.JP2,1
Colorful Rocks in the Central Peaks of Ritchey Crater,https://www.uahirise.org/PDS/DTM/PSP/ORB_005300_005399/PSP_005372_1515_PSP_006005_1515/DTEEC_005372_1515_006005_1515_A02.IMG,https://www.uahirise.org/PDS/DTM/PSP/ORB_005300_005399/PSP_005372_1515_PSP_006005_1515/PSP_005372_1515_RED_C_02_ORTHO.JP2,https://www.uahirise.org/PDS/DTM/PSP/ORB_005300_005399/PSP_005372_1515_PSP_006005_1515/PSP_006005_1515_RED_C_02_ORTHO.JP2,1
Gullied Crater in Kaiser Crater Dune Field,https://www.uahirise.org/PDS/DTM/PSP/ORB_007100_007199/PSP_007110_1325_PSP_006820_1325/DTEEC_007110_1325_006820_1325_A01.IMG,https://www.uahirise.org/PDS/DTM/PSP/ORB_007100_007199/PSP_007110_1325_PSP_006820_1325/PSP_007110_1325_RED_C_01_ORTHO.JP2,https://www.uahirise.org/PDS/DTM/PSP/ORB_007100_007199/PSP_007110_1325_PSP_006820_1325/PSP_006820_1325_RED_C_01_ORTHO.JP2,0.99
Ancient Rocks of the Isidis Basin,https://www.uahirise.org/PDS/DTM/PSP/ORB_002700_002799/PSP_002756_1830_PSP_002822_1830/DTEEC_002756_1830_002822_1830_A01.IMG,https://www.uahirise.org/PDS/DTM/PSP/ORB_002700_002799/PSP_002756_1830_PSP_002822_1830/PSP_002756_1830_RED_C_01_ORTHO.JP2,https://www.uahirise.org/PDS/DTM/PSP/ORB_002700_002799/PSP_002756_1830_PSP_002822_1830/PSP_002822_1830_RED_C_01_ORTHO.JP2,1.01
Volatiles and Gullies,https://www.uahirise.org/PDS/DTM/ESP/ORB_013000_013099/ESP_013097_1115_ESP_013585_1115/DTEPC_013097_1115_013585_1115_U01.IMG,https://www.uahirise.org/PDS/DTM/ESP/ORB_013000_013099/ESP_013097_1115_ESP_013585_1115/ESP_013097_1115_RED_C_01_ORTHO.JP2,https://www.uahirise.org/PDS/DTM/ESP/ORB_013000_013099/ESP_013097_1115_ESP_013585_1115/ESP_013585_1115_RED_C_01_ORTHO.JP2,0.99
Oblique Impact Exposing Bedrock within a Libya Montes Massif,https://www.uahirise.org/PDS/DTM/ESP/ORB_013700_013799/ESP_013766_1845_PSP_005934_1845/DTEEC_013766_1845_005934_1845_A01.IMG,https://www.uahirise.org/PDS/DTM/ESP/ORB_013700_013799/ESP_013766_1845_PSP_005934_1845/ESP_013766_1845_RED_C_01_ORTHO.JP2,https://www.uahirise.org/PDS/DTM/ESP/ORB_013700_013799/ESP_013766_1845_PSP_005934_1845/PSP_005934_1845_RED_C_01_ORTHO.JP2,1.01
Light-Toned Layered Sediments Exposed within Pit at Noctis Labyrinthus,https://www.uahirise.org/PDS/DTM/ESP/ORB_022400_022499/ESP_022436_1705_ESP_022502_1705/DTEEC_022436_1705_022502_1705_A01.IMG,https://www.uahirise.org/PDS/DTM/ESP/ORB_022400_022499/ESP_022436_1705_ESP_022502_1705/ESP_022436_1705_RED_C_01_ORTHO.JP2,https://www.uahirise.org/PDS/DTM/ESP/ORB_022400_022499/ESP_022436_1705_ESP_022502_1705/ESP_022502_1705_RED_C_01_ORTHO.JP2,1.01
Gasa Crater Gully Monitoring,https://www.uahirise.org/PDS/DTM/ESP/ORB_021500_021599/ESP_021584_1440_ESP_022217_1440/DTEEC_021584_1440_022217_1440_A01.IMG,https://www.uahirise.org/PDS/DTM/ESP/ORB_021500_021599/ESP_021584_1440_ESP_022217_1440/ESP_021584_1440_RED_C_01_ORTHO.JP2,https://www.uahirise.org/PDS/DTM/ESP/ORB_021500_021599/ESP_021584_1440_ESP_022217_1440/ESP_022217_1440_RED_C_01_ORTHO.JP2,1
Well-Preserved 3 Kilometer Diameter Impact Crater,https://www.uahirise.org/PDS/DTM/ESP/ORB_012900_012999/ESP_012991_1335_ESP_013624_1335/DTEEC_012991_1335_013624_1335_A01.IMG,https://www.uahirise.org/PDS/DTM/ESP/ORB_012900_012999/ESP_012991_1335_ESP_013624_1335/ESP_012991_1335_RED_C_01_ORTHO.JP2,https://www.uahirise.org/PDS/DTM/ESP/ORB_012900_012999/ESP_012991_1335_ESP_013624_1335/ESP_013624_1335_RED_C_02_ORTHO.JP2,0.99
Possible Hematite in Capri Chasma,https://www.uahirise.org/PDS/DTM/ESP/ORB_020500_020599/ESP_020575_1665_ESP_019652_1665/DTEEC_020575_1665_019652_1665_P01.IMG,https://www.uahirise.org/PDS/DTM/ESP/ORB_020500_020599/ESP_020575_1665_ESP_019652_1665/ESP_020575_1665_RED_C_01_ORTHO.JP2,https://www.uahirise.org/PDS/DTM/ESP/ORB_020500_020599/ESP_020575_1665_ESP_019652_1665/ESP_019652_1665_RED_C_01_ORTHO.JP2,1.01
Hematite in Eos Chasma,https://www.uahirise.org/PDS/DTM/PSP/ORB_008900_008999/PSP_008958_1665_PSP_009380_1665/DTEEC_008958_1665_009380_1665_P01.IMG,https://www.uahirise.org/PDS/DTM/PSP/ORB_008900_008999/PSP_008958_1665_PSP_009380_1665/PSP_008958_1665_RED_C_01_ORTHO.JP2,https://www.uahirise.org/PDS/DTM/PSP/ORB_008900_008999/PSP_008958_1665_PSP_009380_1665/PSP_009380_1665_RED_C_01_ORTHO.JP2,1.01
Layers in Uzboi Vallis,https://www.uahirise.org/PDS/DTM/PSP/ORB_008300_008399/PSP_008338_1525_PSP_010329_1525/DTEEC_008338_1525_010329_1525_U01.IMG,https://www.uahirise.org/PDS/DTM/PSP/ORB_008300_008399/PSP_008338_1525_PSP_010329_1525/PSP_008338_1525_RED_C_01_ORTHO.JP2,https://www.uahirise.org/PDS/DTM/PSP/ORB_008300_008399/PSP_008338_1525_PSP_010329_1525/PSP_010329_1525_RED_C_01_ORTHO.JP2,1
Flows into the Isidis Basin,https://www.uahirise.org/PDS/DTM/PSP/ORB_007700_007799/PSP_007727_1830_PSP_008808_1830/DTEEC_007727_1830_008808_1830_A01.IMG,https://www.uahirise.org/PDS/DTM/PSP/ORB_007700_007799/PSP_007727_1830_PSP_008808_1830/PSP_007727_1830_RED_C_01_ORTHO.JP2,https://www.uahirise.org/PDS/DTM/PSP/ORB_007700_007799/PSP_007727_1830_PSP_008808_1830/PSP_008808_1830_RED_C_01_ORTHO.JP2,1.01
Tooting Crater Rim and Interior,https://www.uahirise.org/PDS/DTM/PSP/ORB_005700_005799/PSP_005771_2035_PSP_003569_2035/DTEEC_005771_2035_003569_2035_U01.IMG,https://www.uahirise.org/PDS/DTM/PSP/ORB_005700_005799/PSP_005771_2035_PSP_003569_2035/PSP_005771_2035_RED_C_01_ORTHO.JP2,https://www.uahirise.org/PDS/DTM/PSP/ORB_005700_005799/PSP_005771_2035_PSP_003569_2035/PSP_003569_2035_RED_C_01_ORTHO.JP2,1
Young Rampart Crater,https://www.uahirise.org/PDS/DTM/PSP/ORB_006500_006599/PSP_006588_1615_ESP_011572_1615/DTEEC_006588_1615_011572_1615_U01.IMG,https://www.uahirise.org/PDS/DTM/PSP/ORB_006500_006599/PSP_006588_1615_ESP_011572_1615/PSP_006588_1615_RED_C_01_ORTHO.JP2,https://www.uahirise.org/PDS/DTM/PSP/ORB_006500_006599/PSP_006588_1615_ESP_011572_1615/ESP_011572_1615_RED_C_01_ORTHO.JP2,0.77
Crater with Unusual Yet Original Morphology,https://www.uahirise.org/PDS/DTM/PSP/ORB_003900_003999/PSP_003964_1910_PSP_004241_1910/DTEEC_003964_1910_004241_1910_U01.IMG,https://www.uahirise.org/PDS/DTM/PSP/ORB_003900_003999/PSP_003964_1910_PSP_004241_1910/PSP_003964_1910_RED_C_01_ORTHO.JP2,https://www.uahirise.org/PDS/DTM/PSP/ORB_003900_003999/PSP_003964_1910_PSP_004241_1910/PSP_004241_1910_RED_C_01_ORTHO.JP2,1.01
Unusual and Pristine Crater Morphology,https://www.uahirise.org/PDS/DTM/ESP/ORB_012400_012499/ESP_012429_1910_ESP_011717_1910/DTEEC_012429_1910_011717_1910_U01.IMG,https://www.uahirise.org/PDS/DTM/ESP/ORB_012400_012499/ESP_012429_1910_ESP_011717_1910/ESP_012429_1910_RED_C_01_ORTHO.JP2,https://www.uahirise.org/PDS/DTM/ESP/ORB_012400_012499/ESP_012429_1910_ESP_011717_1910/ESP_011717_1910_RED_C_01_ORTHO.JP2,1.01
Light-Toned Mounds in Ganges Chasma,https://www.uahirise.org/PDS/DTM/ESP/ORB_017100_017199/ESP_017173_1715_ESP_018518_1715/DTEEC_017173_1715_018518_1715_U01.IMG,https://www.uahirise.org/PDS/DTM/ESP/ORB_017100_017199/ESP_017173_1715_ESP_018518_1715/ESP_017173_1715_RED_C_01_ORTHO.JP2,https://www.uahirise.org/PDS/DTM/ESP/ORB_017100_017199/ESP_017173_1715_ESP_018518_1715/ESP_018518_1715_RED_C_01_ORTHO.JP2,1.01
Delta Structure in Eberswalde Crater,https://www.uahirise.org/PDS/DTM/PSP/ORB_001300_001399/PSP_001336_1560_PSP_001534_1560/DTEEC_001336_1560_001534_1560_U01.IMG,https://www.uahirise.org/PDS/DTM/PSP/ORB_001300_001399/PSP_001336_1560_PSP_001534_1560/PSP_001336_1560_RED_C_01_ORTHO.JP2,https://www.uahirise.org/PDS/DTM/PSP/ORB_001300_001399/PSP_001336_1560_PSP_001534_1560/PSP_001534_1560_RED_C_01_ORTHO.JP2,1
Layers in Becquerel Crater,https://www.uahirise.org/PDS/DTM/PSP/ORB_001500_001599/PSP_001546_2015_PSP_001955_2015/DTEEC_001546_2015_001955_2015_U01.IMG,https://www.uahirise.org/PDS/DTM/PSP/ORB_001500_001599/PSP_001546_2015_PSP_001955_2015/PSP_001546_2015_RED_C_01_ORTHO.JP2,https://www.uahirise.org/PDS/DTM/PSP/ORB_001500_001599/PSP_001546_2015_PSP_001955_2015/PSP_001955_2015_RED_C_01_ORTHO.JP2,1
Faulted Layers in Impact Crater in Meridiani Planum,https://www.uahirise.org/PDS/DTM/PSP/ORB_002800_002899/PSP_002878_1880_PSP_002733_1880/DTEEC_002878_1880_002733_1880_U01.IMG,https://www.uahirise.org/PDS/DTM/PSP/ORB_002800_002899/PSP_002878_1880_PSP_002733_1880/PSP_002878_1880_RED_C_01_ORTHO.JP2,https://www.uahirise.org/PDS/DTM/PSP/ORB_002800_002899/PSP_002878_1880_PSP_002733_1880/PSP_002733_1880_RED_C_01_ORTHO.JP2,1.01
Crater in Western Arabia Terra with Stair-Stepped Hills and Dark Dunes,https://www.uahirise.org/PDS/DTM/PSP/ORB_002000_002099/PSP_002047_1890_PSP_001902_1890/DTEEC_002047_1890_001902_1890_U01.IMG,https://www.uahirise.org/PDS/DTM/PSP/ORB_002000_002099/PSP_002047_1890_PSP_001902_1890/PSP_002047_1890_RED_C_01_ORTHO.JP2,https://www.uahirise.org/PDS/DTM/PSP/ORB_002000_002099/PSP_002047_1890_PSP_001902_1890/PSP_001902_1890_RED_C_01_ORTHO.JP2,1.01
Bright Fine Layers in Juventae Chasma,https://www.uahirise.org/PDS/DTM/PSP/ORB_004200_004299/PSP_004291_1755_PSP_003790_1755/DTEEC_004291_1755_003790_1755_U01.IMG,https://www.uahirise.org/PDS/DTM/PSP/ORB_004200_004299/PSP_004291_1755_PSP_003790_1755/PSP_004291_1755_RED_C_01_ORTHO.JP2,https://www.uahirise.org/PDS/DTM/PSP/ORB_004200_004299/PSP_004291_1755_PSP_003790_1755/PSP_003790_1755_RED_C_01_ORTHO.JP2,1.01
Eastern Valles Marineris Bedrock Stratigraphy and Falling Dunes,https://www.uahirise.org/PDS/DTM/PSP/ORB_010200_010299/PSP_010277_1650_PSP_010699_1650/DTEEC_010277_1650_010699_1650_A02.IMG,https://www.uahirise.org/PDS/DTM/PSP/ORB_010200_010299/PSP_010277_1650_PSP_010699_1650/PSP_010277_1650_RED_C_01_ORTHO.JP2,https://www.uahirise.org/PDS/DTM/PSP/ORB_010200_010299/PSP_010277_1650_PSP_010699_1650/PSP_010699_1650_RED_C_01_ORTHO.JP2,1.01
Columnar Jointing Exposed in An Impact Crater in Marte Vallis,https://www.uahirise.org/PDS/DTM/PSP/ORB_006700_006799/PSP_006774_2020_PSP_007341_2020/DTEEC_006774_2020_007341_2020_A01.IMG,https://www.uahirise.org/PDS/DTM/PSP/ORB_006700_006799/PSP_006774_2020_PSP_007341_2020/PSP_006774_2020_RED_C_01_ORTHO.JP2,https://www.uahirise.org/PDS/DTM/PSP/ORB_006700_006799/PSP_006774_2020_PSP_007341_2020/PSP_007341_2020_RED_C_01_ORTHO.JP2,1
Central Uplift with Layers and Clays,https://www.uahirise.org/PDS/DTM/ESP/ORB_021600_021699/ESP_021688_1325_ESP_021754_1325/DTEED_021688_1325_021754_1325_A01.IMG,https://www.uahirise.org/PDS/DTM/ESP/ORB_021600_021699/ESP_021688_1325_ESP_021754_1325/ESP_021688_1325_RED_D_01_ORTHO.JP2,https://www.uahirise.org/PDS/DTM/ESP/ORB_021600_021699/ESP_021688_1325_ESP_021754_1325/ESP_021754_1325_RED_D_01_ORTHO.JP2,1.99
Light-Toned Outcrops in Crater Wall in Mawrth Vallis,https://www.uahirise.org/PDS/DTM/ESP/ORB_012800_012899/ESP_012873_2045_PSP_004052_2045/DTEEC_012873_2045_004052_2045_A01.IMG,https://www.uahirise.org/PDS/DTM/ESP/ORB_012800_012899/ESP_012873_2045_PSP_004052_2045/ESP_012873_2045_RED_C_01_ORTHO.JP2,https://www.uahirise.org/PDS/DTM/ESP/ORB_012800_012899/ESP_012873_2045_PSP_004052_2045/PSP_004052_2045_RED_C_01_ORTHO.JP2,1
Lineated Valley Fill in Deuteronilus Mensae,https://www.uahirise.org/PDS/DTM/PSP/ORB_007700_007799/PSP_007795_2175_PSP_009588_2175/DTEEC_007795_2175_009588_2175_U01.IMG,https://www.uahirise.org/PDS/DTM/PSP/ORB_007700_007799/PSP_007795_2175_PSP_009588_2175/PSP_007795_2175_RED_C_01_ORTHO.JP2,https://www.uahirise.org/PDS/DTM/PSP/ORB_007700_007799/PSP_007795_2175_PSP_009588_2175/PSP_009588_2175_RED_C_01_ORTHO.JP2,1
Better Preserved on Mars than on Earth,https://www.uahirise.org/PDS/DTM/ESP/ORB_014000_014099/ESP_014096_1975_ESP_020043_1975/DTEEC_014096_1975_020043_1975_A01.IMG,https://www.uahirise.org/PDS/DTM/ESP/ORB_014000_014099/ESP_014096_1975_ESP_020043_1975/ESP_014096_1975_RED_C_01_ORTHO.JP2,https://www.uahirise.org/PDS/DTM/ESP/ORB_014000_014099/ESP_014096_1975_ESP_020043_1975/ESP_020043_1975_RED_C_01_ORTHO.JP2,1
Basal Unit and Dunes,https://www.uahirise.org/PDS/DTM/PSP/ORB_009900_009999/PSP_009913_2635_PSP_010019_2635/DTEPC_009913_2635_010019_2635_A01.IMG,https://www.uahirise.org/PDS/DTM/PSP/ORB_009900_009999/PSP_009913_2635_PSP_010019_2635/PSP_009913_2635_RED_C_01_ORTHO.JP2,https://www.uahirise.org/PDS/DTM/PSP/ORB_009900_009999/PSP_009913_2635_PSP_010019_2635/PSP_010019_2635_RED_C_01_ORTHO.JP2,0.98
Endeavour Crater Western Rim,https://www.uahirise.org/PDS/DTM/ESP/ORB_018700_018799/ESP_018701_1775_ESP_018846_1775/DTEEC_018701_1775_018846_1775_U01.IMG,https://www.uahirise.org/PDS/DTM/ESP/ORB_018700_018799/ESP_018701_1775_ESP_018846_1775/ESP_018701_1775_RED_C_01_ORTHO.JP2,https://www.uahirise.org/PDS/DTM/ESP/ORB_018700_018799/ESP_018701_1775_ESP_018846_1775/ESP_018846_1775_RED_C_01_ORTHO.JP2,1.01
Lower Northwest Portion of Mound in Gale Crater,https://www.uahirise.org/PDS/DTM/ESP/ORB_019600_019699/ESP_019698_1750_ESP_019988_1750/DTEEC_019698_1750_019988_1750_U01.IMG,https://www.uahirise.org/PDS/DTM/ESP/ORB_019600_019699/ESP_019698_1750_ESP_019988_1750/ESP_019698_1750_RED_C_01_ORTHO.JP2,https://www.uahirise.org/PDS/DTM/ESP/ORB_019600_019699/ESP_019698_1750_ESP_019988_1750/ESP_019988_1750_RED_C_01_ORTHO.JP2,1.01
Sulfate and Clay Strata in Gale Crater,https://www.uahirise.org/PDS/DTM/ESP/ORB_012500_012599/ESP_012551_1750_ESP_012841_1750/DTEEC_012551_1750_012841_1750_U01.IMG,https://www.uahirise.org/PDS/DTM/ESP/ORB_012500_012599/ESP_012551_1750_ESP_012841_1750/ESP_012551_1750_RED_C_01_ORTHO.JP2,https://www.uahirise.org/PDS/DTM/ESP/ORB_012500_012599/ESP_012551_1750_ESP_012841_1750/ESP_012841_1750_RED_C_01_ORTHO.JP2,1.01
Possible MSL Rover Landing Site - Southwest Arabia Terra,https://www.uahirise.org/PDS/DTM/ESP/ORB_011800_011899/ESP_011844_1855_PSP_002812_1855/DTEEC_011844_1855_002812_1855_A01.IMG,https://www.uahirise.org/PDS/DTM/ESP/ORB_011800_011899/ESP_011844_1855_PSP_002812_1855/ESP_011844_1855_RED_C_01_ORTHO.JP2,https://www.uahirise.org/PDS/DTM/ESP/ORB_011800_011899/ESP_011844_1855_PSP_002812_1855/PSP_002812_1855_RED_C_01_ORTHO.JP2,1.01
Topography of Moving Dunes in Nili Patera,https://www.uahirise.org/PDS/DTM/ESP/ORB_017700_017799/ESP_017762_1890_ESP_018039_1890/DTEEC_017762_1890_018039_1890_A01.IMG,https://www.uahirise.org/PDS/DTM/ESP/ORB_017700_017799/ESP_017762_1890_ESP_018039_1890/ESP_017762_1890_RED_C_01_ORTHO.JP2,https://www.uahirise.org/PDS/DTM/ESP/ORB_017700_017799/ESP_017762_1890_ESP_018039_1890/ESP_018039_1890_RED_C_01_ORTHO.JP2,1.01
Edge along Gale Crater Interior Mound,https://www.uahirise.org/PDS/DTM/PSP/ORB_001400_001499/PSP_001488_1750_PSP_001752_1750/DTEEC_001488_1750_001752_1750_U02.IMG,https://www.uahirise.org/PDS/DTM/PSP/ORB_001400_001499/PSP_001488_1750_PSP_001752_1750/PSP_001488_1750_RED_C_01_ORTHO.JP2,https://www.uahirise.org/PDS/DTM/PSP/ORB_001400_001499/PSP_001488_1750_PSP_001752_1750/PSP_001752_1750_RED_C_01_ORTHO.JP2,1.01
MSL Landing Site in Gale Crater,https://www.uahirise.org/PDS/DTM/ESP/ORB_023900_023999/ESP_023957_1755_ESP_024023_1755/DTEEC_023957_1755_024023_1755_U01.IMG,https://www.uahirise.org/PDS/DTM/ESP/ORB_023900_023999/ESP_023957_1755_ESP_024023_1755/ESP_023957_1755_RED_C_01_ORTHO.JP2,https://www.uahirise.org/PDS/DTM/ESP/ORB_023900_023999/ESP_023957_1755_ESP_024023_1755/ESP_024023_1755_RED_C_01_ORTHO.JP2,1.01
MSL Rover Landing Site in Gale Crater,https://www.uahirise.org/PDS/DTM/ESP/ORB_024200_024299/ESP_024234_1755_ESP_024300_1755/DTEEC_024234_1755_024300_1755_U01.IMG,https://www.uahirise.org/PDS/DTM/ESP/ORB_024200_024299/ESP_024234_1755_ESP_024300_1755/ESP_024234_1755_RED_C_01_ORTHO.JP2,https://www.uahirise.org/PDS/DTM/ESP/ORB_024200_024299/ESP_024234_1755_ESP_024300_1755/ESP_024300_1755_RED_C_01_ORTHO.JP2,1.01
